{"type":"FeatureCollection","features":[{"type":"Feature","properties":{"id":"105388","name":"Av. Sapopemba, 1985","lines":["3141-10","5141-10"]},"geometry":{"type":"Point","coordinates":[-46.56908,-23.5722]}},{"type":"Feature","properties":{"id":"109576","name":"R. Tié, 84","lines":["5141-10","5144-10"]},"geometry":{"type":"Point","coordinates":[-46.58102,-23.55691]}},{"type":"Feature","properties":{"id":"109773","name":"R. Siqueira Bueno, 1916","lines":["5141-10","5144-10"]},"geometry":{"type":"Point","coordinates":[-46.58503,-23.55293]}},{"type":"Feature","properties":{"id":"301075","name":"Estr. Cel. José Gladiador, 400","lines":["8622-10"]},"geometry":{"type":"Point","coordinates":[-46.79636,-23.44248]}},{"type":"Feature","properties":{"id":"301087","name":"Av. Felippo Sturba, 685","lines":["8050-10"]},"geometry":{"type":"Point","coordinates":[-46.7902,-23.44034]}},{"type":"Feature","properties":{"id":"301573","name":"R. Nestor Gomes, 105","lines":["8050-10","8622-10"]},"geometry":{"type":"Point","coordinates":[-46.79313,-23.43151]}},{"type":"Feature","properties":{"id":"301578","name":"R. Alberto Alvarez, 189","lines":["8050-10","8622-10"]},"geometry":{"type":"Point","coordinates":[-46.79448,-23.43002]}},{"type":"Feature","properties":{"id":"301674","name":"Estr. Cel. José Gladiador","lines":["8622-10"]},"geometry":{"type":"Point","coordinates":[-46.79619,-23.44242]}},{"type":"Feature","properties":{"id":"301678","name":"Av. Felippo Sturba, 112","lines":["8050-10"]},"geometry":{"type":"Point","coordinates":[-46.78996,-23.43906]}},{"type":"Feature","properties":{"id":"301679","name":"Av. Felippo Sturba, 390","lines":["8050-10"]},"geometry":{"type":"Point","coordinates":[-46.79033,-23.44033]}},{"type":"Feature","properties":{"id":"301691","name":"R. Mário Palmerio, 193","lines":["8050-10"]},"geometry":{"type":"Point","coordinates":[-46.79131,-23.43879]}},{"type":"Feature","properties":{"id":"301730","name":"Estr. Cel. José Gladiador, 262","lines":["8050-10","8622-10"]},"geometry":{"type":"Point","coordinates":[-46.79188,-23.43539]}},{"type":"Feature","properties":{"id":"301751","name":"R. Leopoldo De Passos Lima, 182","lines":["8050-10","8622-10"]},"geometry":{"type":"Point","coordinates":[-46.78897,-23.43042]}},{"type":"Feature","properties":{"id":"301760","name":"R. Leopoldo De Passos Lima, 182","lines":["8050-10","8622-10"]},"geometry":{"type":"Point","coordinates":[-46.78899,-23.4303]}},{"type":"Feature","properties":{"id":"301767","name":"R. Mário Palmerio, 186","lines":["8050-10"]},"geometry":{"type":"Point","coordinates":[-46.79108,-23.4388]}},{"type":"Feature","properties":{"id":"301774","name":"Estr. Cel. José Gladiador, 551","lines":["8050-10","8622-10"]},"geometry":{"type":"Point","coordinates":[-46.79313,-23.43766]}},{"type":"Feature","properties":{"id":"301775","name":"Estr. Cel. José Gladiador, 769","lines":["8622-10"]},"geometry":{"type":"Point","coordinates":[-46.79432,-23.43888]}},{"type":"Feature","properties":{"id":"301776","name":"Estr. Cel. José Gladiador, 805","lines":["8622-10"]},"geometry":{"type":"Point","coordinates":[-46.79471,-23.43922]}},{"type":"Feature","properties":{"id":"301793","name":"R. D. Agnelo Rossi, 90","lines":["8050-10"]},"geometry":{"type":"Point","coordinates":[-46.79318,-23.43923]}},{"type":"Feature","properties":{"id":"301812","name":"Av. Felippo Sturba, 489","lines":["8050-10"]},"geometry":{"type":"Point","coordinates":[-46.79122,-23.44225]}},{"type":"Feature","properties":{"id":"301813","name":"Av. Felippo Sturba, 488","lines":["8050-10"]},"geometry":{"type":"Point","coordinates":[-46.79121,-23.44208]}},{"type":"Feature","properties":{"id":"408848","name":"Av. Aricanduva, 4630","lines":["4210-10","4311-10","4313-10"]},"geometry":{"type":"Point","coordinates":[-46.51248,-23.56073]}},{"type":"Feature","properties":{"id":"409048","name":"Parada 2","lines":["4210-10","4313-10"]},"geometry":{"type":"Point","coordinates":[-46.50782,-23.56554]}},{"type":"Feature","properties":{"id":"509084","name":"R. Dr. Luiz Aires, 1136","lines":["4310-10"]},"geometry":{"type":"Point","coordinates":[-46.49126,-23.53597]}},{"type":"Feature","properties":{"id":"509085","name":"R. Dr. Luiz Aires, 1261","lines":["4310-10"]},"geometry":{"type":"Point","coordinates":[-46.48988,-23.53577]}},{"type":"Feature","properties":{"id":"509086","name":"R. Dr. Luiz Aires, 4045","lines":["4310-10"]},"geometry":{"type":"Point","coordinates":[-46.46949,-23.54321]}},{"type":"Feature","properties":{"id":"509099","name":"R. Dr. Luiz Aires, 3092","lines":["4310-10"]},"geometry":{"type":"Point","coordinates":[-46.4759,-23.54356]}},{"type":"Feature","properties":{"id":"610820","name":"Av. Antártica, 213","lines":["209P-1","209P-10"]},"geometry":{"type":"Point","coordinates":[-46.66875,-23.52268]}},{"type":"Feature","properties":{"id":"610833","name":"Av. Antártica, 575","lines":["209P-1","209P-10"]},"geometry":{"type":"Point","coordinates":[-46.67601,-23.52892]}},{"type":"Feature","properties":{"id":"614432","name":"Baby Bariony C/B","lines":["8622-10"]},"geometry":{"type":"Point","coordinates":[-46.67151,-23.52761]}},{"type":"Feature","properties":{"id":"614455","name":"Pedro Corazza C/B","lines":["8600-10"]},"geometry":{"type":"Point","coordinates":[-46.68965,-23.51514]}},{"type":"Feature","properties":{"id":"614508","name":"Av. Pres. Castelo Branco, 1000","lines":["1178-10","1178-31"]},"geometry":{"type":"Point","coordinates":[-46.59984,-23.52642]}},{"type":"Feature","properties":{"id":"614533","name":"R. Robert Bosch, 450","lines":["209P-1","209P-10"]},"geometry":{"type":"Point","coordinates":[-46.67157,-23.52212]}},{"type":"Feature","properties":{"id":"614535","name":"Av. Antártica","lines":["209P-1","209P-10"]},"geometry":{"type":"Point","coordinates":[-46.66895,-23.52251]}},{"type":"Feature","properties":{"id":"614547","name":"Av. Antártica, 608","lines":["209P-1","209P-10"]},"geometry":{"type":"Point","coordinates":[-46.67608,-23.5287]}},{"type":"Feature","properties":{"id":"614548","name":"Comendador Martinelli - C/B","lines":["209P-1","209P-10","9501-10"]},"geometry":{"type":"Point","coordinates":[-46.69032,-23.51213]}},{"type":"Feature","properties":{"id":"614549","name":"Comendador Martinelli - B/C","lines":["209P-1","209P-10","9501-10"]},"geometry":{"type":"Point","coordinates":[-46.69058,-23.51277]}},{"type":"Feature","properties":{"id":"614560","name":"Parada Extra C/B","lines":["209P-1","209P-10","9501-10"]},"geometry":{"type":"Point","coordinates":[-46.68903,-23.5064]}},{"type":"Feature","properties":{"id":"614566","name":"R. Dr. Bento Teobaldo Ferraz","lines":["209P-1","209P-10"]},"geometry":{"type":"Point","coordinates":[-46.67038,-23.5245]}},{"type":"Feature","properties":{"id":"614568","name":"Av. Mário De Andrade","lines":["129F-10"]},"geometry":{"type":"Point","coordinates":[-46.67132,-23.52575]}},{"type":"Feature","properties":{"id":"614573","name":"Av. Mq. De São Vicente, 1771","lines":["209P-1","209P-10"]},"geometry":{"type":"Point","coordinates":[-46.67535,-23.51933]}},{"type":"Feature","properties":{"id":"706304","name":"Av. Paulista, 900","lines":["715M-10","857P-10","857R-10"]},"geometry":{"type":"Point","coordinates":[-46.65091,-23.5659]}},{"type":"Feature","properties":{"id":"706308","name":"Parada Avenida Paulista","lines":["475R-10","5111-10","5119-10","5178-10","7550-10"]},"geometry":{"type":"Point","coordinates":[-46.6482,-23.56621]}},{"type":"Feature","properties":{"id":"706309","name":"Parada Cincinato Braga","lines":["475R-10","5111-10","5119-10","5178-10","715M-10","7550-10"]},"geometry":{"type":"Point","coordinates":[-46.64792,-23.56594]}},{"type":"Feature","properties":{"id":"706310","name":"Parada Treze De Maio","lines":["475R-10","5111-10","5119-10","5178-10","7550-10"]},"geometry":{"type":"Point","coordinates":[-46.64641,-23.56394]}},{"type":"Feature","properties":{"id":"706311","name":"Parada Treze De Maio","lines":["475R-10","5111-10","5119-10","5178-10","715M-10","7550-10"]},"geometry":{"type":"Point","coordinates":[-46.64611,-23.56373]}},{"type":"Feature","properties":{"id":"706319","name":"Parada Treze De Maio","lines":["715M-10"]},"geometry":{"type":"Point","coordinates":[-46.64403,-23.56981]}},{"type":"Feature","properties":{"id":"706325","name":"Parada 14 Bis B/C","lines":["609F-10","6200-10","6403-10","6451-10","6505-10","6913-10"]},"geometry":{"type":"Point","coordinates":[-46.65011,-23.55593]}},{"type":"Feature","properties":{"id":"706334","name":"Parada 14 Bis C/B","lines":["609F-10","6200-10","6403-10","6451-10","6505-10","6913-10"]},"geometry":{"type":"Point","coordinates":[-46.64977,-23.55561]}},{"type":"Feature","properties":{"id":"706376","name":"Av. Brig. Luís Antônio, 1167","lines":["475R-10","5111-10","5119-10","5178-10","715M-10","7550-10"]},"geometry":{"type":"Point","coordinates":[-46.64262,-23.55969]}},{"type":"Feature","properties":{"id":"706377","name":"Av. Brig. Luís Antônio, 931","lines":["475R-10","5111-10","5119-10","5178-10","7550-10"]},"geometry":{"type":"Point","coordinates":[-46.6411,-23.55792]}},{"type":"Feature","properties":{"id":"706378","name":"R. Mons. Passalacqua, 55","lines":["715M-10"]},"geometry":{"type":"Point","coordinates":[-46.64084,-23.56088]}},{"type":"Feature","properties":{"id":"706380","name":"Av. Brig. Luís Antônio, 945","lines":["475R-10","5111-10","5119-10","5178-10","7550-10"]},"geometry":{"type":"Point","coordinates":[-46.6414,-23.55825]}},{"type":"Feature","properties":{"id":"809671","name":"R. Serra Da Bocaina, 320","lines":["3141-10","3746-10"]},"geometry":{"type":"Point","coordinates":[-46.58825,-23.54647]}},{"type":"Feature","properties":{"id":"809675","name":"Av. Álvaro Ramos, 779","lines":["3141-10","3746-10","5141-10"]},"geometry":{"type":"Point","coordinates":[-46.58628,-23.54416]}},{"type":"Feature","properties":{"id":"810556","name":"R. Serra Da Bocaina, 126","lines":["3141-10","3746-10"]},"geometry":{"type":"Point","coordinates":[-46.59059,-23.54696]}},{"type":"Feature","properties":{"id":"810604","name":"Av. Cdssa. Elisabeth De Robiano, 1256","lines":["1178-10","1178-31"]},"geometry":{"type":"Point","coordinates":[-46.56549,-23.52732]}},{"type":"Feature","properties":{"id":"810610","name":"R. Pe. Adelino, 273","lines":["5144-10"]},"geometry":{"type":"Point","coordinates":[-46.59118,-23.54537]}},{"type":"Feature","properties":{"id":"810612","name":"Av. Alcântara Machado, 4290","lines":["4310-10","4311-10","4313-10"]},"geometry":{"type":"Point","coordinates":[-46.58468,-23.54295]}},{"type":"Feature","properties":{"id":"910776","name":"Av. Do Estado, 5854","lines":["5143-10"]},"geometry":{"type":"Point","coordinates":[-46.6152,-23.55896]}},{"type":"Feature","properties":{"id":"910800","name":"Parada Rudge C/B","lines":["8600-10","9501-10"]},"geometry":{"type":"Point","coordinates":[-46.64986,-23.52418]}},{"type":"Feature","properties":{"id":"910813","name":"Av. Santos Dumont, 1318","lines":["175T-10"]},"geometry":{"type":"Point","coordinates":[-46.62954,-23.51616]}},{"type":"Feature","properties":{"id":"910822","name":"Tea","lines":["175T-10"]},"geometry":{"type":"Point","coordinates":[-46.62977,-23.5177]}},{"type":"Feature","properties":{"id":"1009854","name":"R. João Teodoro, 1075","lines":["5144-10"]},"geometry":{"type":"Point","coordinates":[-46.62224,-23.53496]}},{"type":"Feature","properties":{"id":"1009884","name":"Parada 1/2/3 - Concórdia","lines":["208V-10","2552-10","2582-10","3301-10","4210-10"]},"geometry":{"type":"Point","coordinates":[-46.61553,-23.54218]}},{"type":"Feature","properties":{"id":"1009966","name":"Piratininga","lines":["2552-10","2582-10","3301-10"]},"geometry":{"type":"Point","coordinates":[-46.61958,-23.54488]}},{"type":"Feature","properties":{"id":"1010076","name":"Av. Alcântara Machado, 773","lines":["3141-10","4310-10","4311-10","4313-10","5141-10","5630-10"]},"geometry":{"type":"Point","coordinates":[-46.61749,-23.55236]}},{"type":"Feature","properties":{"id":"1010082","name":"R. Da Figueira, 249","lines":["3141-10","3390-10","4310-10","4311-10","4313-10","5107-10","5141-10","5143-10","5630-10"]},"geometry":{"type":"Point","coordinates":[-46.62649,-23.54714]}},{"type":"Feature","properties":{"id":"1010092","name":"Parada Caetano Pinto","lines":["208V-10","4210-10"]},"geometry":{"type":"Point","coordinates":[-46.62218,-23.54615]}},{"type":"Feature","properties":{"id":"1010093","name":"Parada Piratininga","lines":["4210-10"]},"geometry":{"type":"Point","coordinates":[-46.62006,-23.5451]}},{"type":"Feature","properties":{"id":"1010097","name":"R. Dr. Ricardo Gonçalves, 240","lines":["5144-10"]},"geometry":{"type":"Point","coordinates":[-46.61383,-23.53867]}},{"type":"Feature","properties":{"id":"1010105","name":"R. João Teodoro, 808","lines":["5144-10"]},"geometry":{"type":"Point","coordinates":[-46.62479,-23.53438]}},{"type":"Feature","properties":{"id":"1010107","name":"Av. Alcântara Machado, 91","lines":["3141-10","4310-10","4311-10","4313-10","5141-10","5630-10"]},"geometry":{"type":"Point","coordinates":[-46.62421,-23.55155]}},{"type":"Feature","properties":{"id":"1206717","name":"Parada Caxingui","lines":["715M-10"]},"geometry":{"type":"Point","coordinates":[-46.71312,-23.5699]}},{"type":"Feature","properties":{"id":"1206720","name":"Parada Afonso Vaz","lines":["715M-10"]},"geometry":{"type":"Point","coordinates":[-46.71602,-23.5697]}},{"type":"Feature","properties":{"id":"1206721","name":"Av. Corifeu De Azevedo Marques, 291","lines":["715M-10"]},"geometry":{"type":"Point","coordinates":[-46.71793,-23.57048]}},{"type":"Feature","properties":{"id":"1207005","name":"Av. Eng. Heitor Antônio Eiras Garcia, 363","lines":["715M-10"]},"geometry":{"type":"Point","coordinates":[-46.73951,-23.57488]}},{"type":"Feature","properties":{"id":"1207013","name":"Parada Cel. Camisao","lines":["715M-10"]},"geometry":{"type":"Point","coordinates":[-46.73243,-23.57373]}},{"type":"Feature","properties":{"id":"1207019","name":"Parada Pereira Do Lago","lines":["715M-10"]},"geometry":{"type":"Point","coordinates":[-46.73043,-23.57433]}},{"type":"Feature","properties":{"id":"1207025","name":"Av. Corifeu De Azevedo Marques, 1495","lines":["715M-10"]},"geometry":{"type":"Point","coordinates":[-46.7278,-23.57465]}},{"type":"Feature","properties":{"id":"1207028","name":"Parada Santanesia","lines":["715M-10"]},"geometry":{"type":"Point","coordinates":[-46.72247,-23.5724]}},{"type":"Feature","properties":{"id":"1207029","name":"Av. Corifeu De Azevedo Marques, 1117","lines":["715M-10"]},"geometry":{"type":"Point","coordinates":[-46.72514,-23.57348]}},{"type":"Feature","properties":{"id":"1207345","name":"Av. Eng. Heitor Antônio Eiras Garcia, 2384","lines":["715M-10"]},"geometry":{"type":"Point","coordinates":[-46.75305,-23.58457]}},{"type":"Feature","properties":{"id":"1211351","name":"Av. Dr. Vital Brasil, 334","lines":["715M-10"]},"geometry":{"type":"Point","coordinates":[-46.70743,-23.57153]}},{"type":"Feature","properties":{"id":"1211364","name":"Av. Dr. Vital Brasil, 569","lines":["715M-10"]},"geometry":{"type":"Point","coordinates":[-46.70966,-23.57098]}},{"type":"Feature","properties":{"id":"1211371","name":"Av. Corifeu De Azevedo Marques, 547","lines":["715M-10"]},"geometry":{"type":"Point","coordinates":[-46.72015,-23.57134]}},{"type":"Feature","properties":{"id":"1313517","name":"Av. Inajar De Souza","lines":["209P-1","209P-10"]},"geometry":{"type":"Point","coordinates":[-46.67044,-23.47236]}},{"type":"Feature","properties":{"id":"1313526","name":"Parada Maternidade C/B","lines":["209P-1","209P-10","9501-10"]},"geometry":{"type":"Point","coordinates":[-46.67334,-23.47999]}},{"type":"Feature","properties":{"id":"1313533","name":"Av. Inajar De Souza","lines":["209P-1","209P-10","9501-10"]},"geometry":{"type":"Point","coordinates":[-46.67349,-23.4793]}},{"type":"Feature","properties":{"id":"1313561","name":"Parada Exclusiva","lines":["209P-1","209P-10"]},"geometry":{"type":"Point","coordinates":[-46.67025,-23.47175]}},{"type":"Feature","properties":{"id":"1405614","name":"R. Pres. Soares Brandão, 250","lines":["3390-10"]},"geometry":{"type":"Point","coordinates":[-46.60603,-23.56653]}},{"type":"Feature","properties":{"id":"1405624","name":"R. Clímaco Barbosa, 659","lines":["3390-10","477A-10","5107-10","5108-10"]},"geometry":{"type":"Point","coordinates":[-46.6146,-23.56596]}},{"type":"Feature","properties":{"id":"1410017","name":"R. Luís Gama, 803","lines":["3390-10","5107-10","5108-10"]},"geometry":{"type":"Point","coordinates":[-46.62161,-23.56099]}},{"type":"Feature","properties":{"id":"1410032","name":"R. Serra De Paracaina, 264","lines":["3390-10"]},"geometry":{"type":"Point","coordinates":[-46.61367,-23.56118]}},{"type":"Feature","properties":{"id":"1410037","name":"Av. Do Estado, 5533","lines":["5143-10"]},"geometry":{"type":"Point","coordinates":[-46.61586,-23.55813]}},{"type":"Feature","properties":{"id":"1410038","name":"Av. Pres. Wilson, 1276","lines":["3390-10"]},"geometry":{"type":"Point","coordinates":[-46.60635,-23.56478]}},{"type":"Feature","properties":{"id":"1410074","name":"Estação Metrô D. Pedro B/C","lines":["5105-10","5109-10"]},"geometry":{"type":"Point","coordinates":[-46.62685,-23.55072]}},{"type":"Feature","properties":{"id":"1410075","name":"Estacao Ana Neri B/C","lines":["5105-10","5109-10"]},"geometry":{"type":"Point","coordinates":[-46.61465,-23.559]}},{"type":"Feature","properties":{"id":"1410076","name":"Estacao Alberto Lion B/C","lines":["5105-10","5109-10"]},"geometry":{"type":"Point","coordinates":[-46.61124,-23.56418]}},{"type":"Feature","properties":{"id":"1410078","name":"Estacao Ana Neri C/B","lines":["5105-10","5109-10"]},"geometry":{"type":"Point","coordinates":[-46.61469,-23.55904]}},{"type":"Feature","properties":{"id":"1410079","name":"Estacao Alberto Lion C/B","lines":["5105-10","5109-10"]},"geometry":{"type":"Point","coordinates":[-46.61127,-23.56419]}},{"type":"Feature","properties":{"id":"1410080","name":"Estação Metrô D. Pedro C/B","lines":["5105-10","5109-10"]},"geometry":{"type":"Point","coordinates":[-46.62691,-23.55073]}},{"type":"Feature","properties":{"id":"1410086","name":"Av. Lacerda Franco, 282","lines":["477A-10"]},"geometry":{"type":"Point","coordinates":[-46.62282,-23.56507]}},{"type":"Feature","properties":{"id":"1410088","name":"Av. Lins De Vasconcelos, 1049","lines":["477A-10"]},"geometry":{"type":"Point","coordinates":[-46.62277,-23.57266]}},{"type":"Feature","properties":{"id":"1410091","name":"R. Albuquerque Maranhão, 97","lines":["477A-10"]},"geometry":{"type":"Point","coordinates":[-46.62167,-23.5643]}},{"type":"Feature","properties":{"id":"1410092","name":"Av. Do Estado, 5005","lines":["5143-10"]},"geometry":{"type":"Point","coordinates":[-46.62124,-23.55641]}},{"type":"Feature","properties":{"id":"1410093","name":"Av. Do Estado, 5334","lines":["5143-10"]},"geometry":{"type":"Point","coordinates":[-46.61825,-23.55791]}},{"type":"Feature","properties":{"id":"1410095","name":"Pça. Alberto Lion, 84","lines":["3390-10"]},"geometry":{"type":"Point","coordinates":[-46.61223,-23.56443]}},{"type":"Feature","properties":{"id":"1502886","name":"Av. Washington Luiz, 6372","lines":["175T-10","5178-10","5630-10","675I-10"]},"geometry":{"type":"Point","coordinates":[-46.66177,-23.62793]}},{"type":"Feature","properties":{"id":"1506127","name":"R. Dr. Jesuíno Maciel, 2031","lines":["675I-10"]},"geometry":{"type":"Point","coordinates":[-46.66382,-23.62653]}},{"type":"Feature","properties":{"id":"1506160","name":"Joaquim Nabuco C/B","lines":["5300-10","5318-10","5370-10","5391-10","6455-10","675K-10","675X-10"]},"geometry":{"type":"Point","coordinates":[-46.68298,-23.62556]}},{"type":"Feature","properties":{"id":"1506163","name":"Joaquim Nabuco B/C","lines":["5300-10","5318-10","5370-10","5391-10","6455-10","675K-10","675X-10"]},"geometry":{"type":"Point","coordinates":[-46.68287,-23.62563]}},{"type":"Feature","properties":{"id":"1506179","name":"Av. Washington Luiz, 5320","lines":["175T-10","675I-10"]},"geometry":{"type":"Point","coordinates":[-46.66887,-23.63213]}},{"type":"Feature","properties":{"id":"1506207","name":"Av. Washington Luiz, 5955","lines":["175T-10","5178-10","5630-10","675I-10"]},"geometry":{"type":"Point","coordinates":[-46.66618,-23.62908]}},{"type":"Feature","properties":{"id":"1506210","name":"Av. Washington Luiz, 6542","lines":["175T-10","5178-10","5630-10","675I-10"]},"geometry":{"type":"Point","coordinates":[-46.66136,-23.6265]}},{"type":"Feature","properties":{"id":"1506216","name":"Av. Washington Luiz, 6415","lines":["175T-10","5178-10","5630-10","675I-10"]},"geometry":{"type":"Point","coordinates":[-46.66171,-23.62658]}},{"type":"Feature","properties":{"id":"1506225","name":"R. Dr. Jesuíno Maciel, 649","lines":["675I-10"]},"geometry":{"type":"Point","coordinates":[-46.67364,-23.61781]}},{"type":"Feature","properties":{"id":"1602608","name":"Av. Interlagos, 1260","lines":["5630-10","695X-10"]},"geometry":{"type":"Point","coordinates":[-46.67862,-23.66434]}},{"type":"Feature","properties":{"id":"1603326","name":"Av. Interlagos, 2068","lines":["5630-10","695X-10"]},"geometry":{"type":"Point","coordinates":[-46.67772,-23.67217]}},{"type":"Feature","properties":{"id":"1603347","name":"Av. Interlagos, 1684","lines":["5630-10","695X-10"]},"geometry":{"type":"Point","coordinates":[-46.67794,-23.66833]}},{"type":"Feature","properties":{"id":"1703543","name":"Estr. Do Campo Limpo, 4426","lines":["809P-10","857P-10","857R-10","8700-1","8700-10"]},"geometry":{"type":"Point","coordinates":[-46.76524,-23.62553]}},{"type":"Feature","properties":{"id":"1703575","name":"Estr. Do Campo Limpo, 2062","lines":["807A-10"]},"geometry":{"type":"Point","coordinates":[-46.76673,-23.63917]}},{"type":"Feature","properties":{"id":"1707169","name":"Av. Carlos Lacerda, 970","lines":["7060-10"]},"geometry":{"type":"Point","coordinates":[-46.78,-23.63998]}},{"type":"Feature","properties":{"id":"1707342","name":"Estr. Do Campo Limpo, 3677","lines":["809P-10","857P-10","857R-10","8700-1","8700-10"]},"geometry":{"type":"Point","coordinates":[-46.77052,-23.63037]}},{"type":"Feature","properties":{"id":"1707356","name":"Terminal Campo Limpo","lines":["8700-1","8700-10"]},"geometry":{"type":"Point","coordinates":[-46.77361,-23.63048]}},{"type":"Feature","properties":{"id":"1707370","name":"Estr. Do Campo Limpo, 6251","lines":["809P-10","857P-10","857R-10","8700-1","8700-10"]},"geometry":{"type":"Point","coordinates":[-46.7556,-23.61425]}},{"type":"Feature","properties":{"id":"1707399","name":"Estr. Do Campo Limpo, 6463","lines":["809P-10","857P-10","857R-10","8700-1","8700-10"]},"geometry":{"type":"Point","coordinates":[-46.75469,-23.61263]}},{"type":"Feature","properties":{"id":"1707400","name":"Estr. Do Campo Limpo, 5930","lines":["809P-10","857P-10","857R-10","8700-1","8700-10"]},"geometry":{"type":"Point","coordinates":[-46.75679,-23.61597]}},{"type":"Feature","properties":{"id":"1707440","name":"Av. Carlos Lacerda, 555","lines":["7060-10"]},"geometry":{"type":"Point","coordinates":[-46.77856,-23.63669]}},{"type":"Feature","properties":{"id":"1707447","name":"Estr. Do Campo Limpo, 2053","lines":["807A-10"]},"geometry":{"type":"Point","coordinates":[-46.76684,-23.63931]}},{"type":"Feature","properties":{"id":"1707472","name":"Estr. Do Campo Limpo, 5965","lines":["809P-10","857P-10","857R-10","8700-1","8700-10"]},"geometry":{"type":"Point","coordinates":[-46.75688,-23.61574]}},{"type":"Feature","properties":{"id":"1809514","name":"Av. Cangaiba, 502","lines":["1178-10","1178-31"]},"geometry":{"type":"Point","coordinates":[-46.54588,-23.51535]}},{"type":"Feature","properties":{"id":"1809522","name":"Av. Cangaiba, 1288","lines":["1178-10","1178-31"]},"geometry":{"type":"Point","coordinates":[-46.54145,-23.51068]}},{"type":"Feature","properties":{"id":"1809526","name":"Av. Cangaiba, 1784","lines":["1178-10","1178-31"]},"geometry":{"type":"Point","coordinates":[-46.53853,-23.50869]}},{"type":"Feature","properties":{"id":"1809544","name":"R. Dr. Assis Ribeiro, 876","lines":["2582-10"]},"geometry":{"type":"Point","coordinates":[-46.54262,-23.50797]}},{"type":"Feature","properties":{"id":"1809548","name":"R. Dr. Assis Ribeiro, 1680","lines":["2582-10"]},"geometry":{"type":"Point","coordinates":[-46.53681,-23.50367]}},{"type":"Feature","properties":{"id":"1809554","name":"Av. Gov. Carvalho Pinto, 1171","lines":["3301-10"]},"geometry":{"type":"Point","coordinates":[-46.5386,-23.51383]}},{"type":"Feature","properties":{"id":"1814647","name":"R. Dr. Assis Ribeiro, 3300","lines":["1178-10","1178-31","2582-10"]},"geometry":{"type":"Point","coordinates":[-46.52239,-23.49957]}},{"type":"Feature","properties":{"id":"1814657","name":"Av. Cangaiba, 1129","lines":["1178-10","1178-31"]},"geometry":{"type":"Point","coordinates":[-46.54378,-23.51126]}},{"type":"Feature","properties":{"id":"1814667","name":"R. Dr. Assis Ribeiro, 1931","lines":["2582-10"]},"geometry":{"type":"Point","coordinates":[-46.53471,-23.50229]}},{"type":"Feature","properties":{"id":"1814699","name":"R. Dr. Assis Ribeiro, 3490","lines":["1178-10","1178-31","2582-10"]},"geometry":{"type":"Point","coordinates":[-46.52052,-23.49875]}},{"type":"Feature","properties":{"id":"1814710","name":"R. Dr. Assis Ribeiro, 2160","lines":["2582-10"]},"geometry":{"type":"Point","coordinates":[-46.53284,-23.5012]}},{"type":"Feature","properties":{"id":"1814720","name":"Av. Cangaiba, 3722","lines":["1178-10","1178-31"]},"geometry":{"type":"Point","coordinates":[-46.52113,-23.50536]}},{"type":"Feature","properties":{"id":"1814746","name":"R. Dr. Assis Ribeiro, 2352","lines":["2582-10"]},"geometry":{"type":"Point","coordinates":[-46.53108,-23.50036]}},{"type":"Feature","properties":{"id":"1900836","name":"Av. Ellis Maas, 123","lines":["6048-10","6835-10"]},"geometry":{"type":"Point","coordinates":[-46.7688,-23.66159]}},{"type":"Feature","properties":{"id":"1900963","name":"R. Túlio Mugnaini, 66","lines":["6805-10","6825-10"]},"geometry":{"type":"Point","coordinates":[-46.7672,-23.65899]}},{"type":"Feature","properties":{"id":"1903415","name":"R. Garcia De Toledo, 43","lines":["6835-10"]},"geometry":{"type":"Point","coordinates":[-46.78495,-23.68159]}},{"type":"Feature","properties":{"id":"1903430","name":"Estr. De Itapecerica, 5859","lines":["6825-10","7060-10"]},"geometry":{"type":"Point","coordinates":[-46.78308,-23.66593]}},{"type":"Feature","properties":{"id":"1903464","name":"Estr. De Itapecerica, 11500","lines":["6825-10"]},"geometry":{"type":"Point","coordinates":[-46.80042,-23.6853]}},{"type":"Feature","properties":{"id":"1903468","name":"Estr. De Itapecerica, 8742","lines":["6825-10","7060-10"]},"geometry":{"type":"Point","coordinates":[-46.79628,-23.68053]}},{"type":"Feature","properties":{"id":"1903735","name":"R. Feitiço Da Vila, 51","lines":["6835-10"]},"geometry":{"type":"Point","coordinates":[-46.80003,-23.6856]}},{"type":"Feature","properties":{"id":"1903747","name":"Estr. De Itapecerica, 4730","lines":["6825-10"]},"geometry":{"type":"Point","coordinates":[-46.77394,-23.65966]}},{"type":"Feature","properties":{"id":"1903786","name":"R. Luar Do Sertão, 2192","lines":["6835-10"]},"geometry":{"type":"Point","coordinates":[-46.8009,-23.68763]}},{"type":"Feature","properties":{"id":"1903881","name":"Av. Ellis Maas, 679","lines":["6048-10","6835-10"]},"geometry":{"type":"Point","coordinates":[-46.77121,-23.6662]}},{"type":"Feature","properties":{"id":"1903883","name":"Av. Com. Sant'anna, 524","lines":["6048-10","6835-10"]},"geometry":{"type":"Point","coordinates":[-46.77305,-23.67133]}},{"type":"Feature","properties":{"id":"1903914","name":"R. Feitiço Da Vila, 765","lines":["6835-10"]},"geometry":{"type":"Point","coordinates":[-46.79929,-23.68691]}},{"type":"Feature","properties":{"id":"1903921","name":"R. Afonso Sanches, 14","lines":["6835-10"]},"geometry":{"type":"Point","coordinates":[-46.78597,-23.68136]}},{"type":"Feature","properties":{"id":"1903924","name":"Parada Das Belezas C/B","lines":["5119-10","6001-10","6048-10","6451-10","6455-10","648P-10","807A-10"]},"geometry":{"type":"Point","coordinates":[-46.73874,-23.6425]}},{"type":"Feature","properties":{"id":"1903959","name":"R. Agnus Dei, 11","lines":["6835-10"]},"geometry":{"type":"Point","coordinates":[-46.78316,-23.68132]}},{"type":"Feature","properties":{"id":"1903967","name":"Av. Com. Sant'anna, 1579","lines":["6048-10"]},"geometry":{"type":"Point","coordinates":[-46.77057,-23.67918]}},{"type":"Feature","properties":{"id":"1903971","name":"Av. Com. Sant'anna, 166","lines":["6048-10","6835-10"]},"geometry":{"type":"Point","coordinates":[-46.77317,-23.66856]}},{"type":"Feature","properties":{"id":"1903974","name":"Av. Agostinho Rubin, 301","lines":["6805-10"]},"geometry":{"type":"Point","coordinates":[-46.76036,-23.65822]}},{"type":"Feature","properties":{"id":"1903982","name":"Parada Capão Redondo III","lines":["6805-10","6825-10"]},"geometry":{"type":"Point","coordinates":[-46.7657,-23.6587]}},{"type":"Feature","properties":{"id":"1903999","name":"R. Henrique Sam Mindlin, 1857","lines":["6835-10"]},"geometry":{"type":"Point","coordinates":[-46.7823,-23.68006]}},{"type":"Feature","properties":{"id":"1904003","name":"R. Feitiço Da Vila, 411","lines":["6835-10"]},"geometry":{"type":"Point","coordinates":[-46.79526,-23.68671]}},{"type":"Feature","properties":{"id":"1904011","name":"Estr. De Itapecerica, 2056","lines":["5119-10","6001-10","6048-10","6451-10","6455-10","648P-10"]},"geometry":{"type":"Point","coordinates":[-46.7531,-23.64896]}},{"type":"Feature","properties":{"id":"1904014","name":"Estr. De Itapecerica, 11500","lines":["7060-10"]},"geometry":{"type":"Point","coordinates":[-46.80119,-23.68577]}},{"type":"Feature","properties":{"id":"2009181","name":"Av. Aricanduva, 1341","lines":["4210-10","4311-10","4313-10"]},"geometry":{"type":"Point","coordinates":[-46.53851,-23.5409]}},{"type":"Feature","properties":{"id":"2009230","name":"Av. Aricanduva, 8623","lines":["4210-10","4311-10","4313-10"]},"geometry":{"type":"Point","coordinates":[-46.48242,-23.58688]}},{"type":"Feature","properties":{"id":"2201655","name":"Av. Ângelo Cristianini, 1570","lines":["516N-10"]},"geometry":{"type":"Point","coordinates":[-46.64419,-23.69188]}},{"type":"Feature","properties":{"id":"2201656","name":"Av. Ângelo Cristianini, 1334","lines":["516N-10"]},"geometry":{"type":"Point","coordinates":[-46.64356,-23.68961]}},{"type":"Feature","properties":{"id":"2202361","name":"Av. Cupece, 5919","lines":["516N-10","5178-10","607C-10"]},"geometry":{"type":"Point","coordinates":[-46.63436,-23.68341]}},{"type":"Feature","properties":{"id":"2202990","name":"Av. Cupece, 4174","lines":["516N-10","5178-10","607C-10"]},"geometry":{"type":"Point","coordinates":[-46.64565,-23.6719]}},{"type":"Feature","properties":{"id":"2203072","name":"Av. Ângelo Cristianini, 1531","lines":["516N-10"]},"geometry":{"type":"Point","coordinates":[-46.64391,-23.6913]}},{"type":"Feature","properties":{"id":"2203123","name":"R. Frei Lourenço De Alcântara","lines":["516N-10"]},"geometry":{"type":"Point","coordinates":[-46.64957,-23.69037]}},{"type":"Feature","properties":{"id":"2203134","name":"R. Prof. Freitas Julião, 21","lines":["516N-10","5178-10"]},"geometry":{"type":"Point","coordinates":[-46.63805,-23.68874]}},{"type":"Feature","properties":{"id":"2203139","name":"Estação De Transf. Jd. Miriam","lines":["516N-10","5178-10","607C-10"]},"geometry":{"type":"Point","coordinates":[-46.63707,-23.6819]}},{"type":"Feature","properties":{"id":"2203140","name":"Estação De Transf. Jd. Miriam","lines":["516N-10","5178-10","607C-10"]},"geometry":{"type":"Point","coordinates":[-46.63788,-23.68148]}},{"type":"Feature","properties":{"id":"2203141","name":"Parada Bras De Abreu","lines":["516N-10","5178-10","607C-10"]},"geometry":{"type":"Point","coordinates":[-46.64059,-23.67875]}},{"type":"Feature","properties":{"id":"2203142","name":"Parada Bras De Abreu","lines":["516N-10","5178-10","607C-10"]},"geometry":{"type":"Point","coordinates":[-46.64033,-23.6792]}},{"type":"Feature","properties":{"id":"2203143","name":"Parada Santo Afonso","lines":["516N-10","5178-10","607C-10"]},"geometry":{"type":"Point","coordinates":[-46.64226,-23.67545]}},{"type":"Feature","properties":{"id":"2203144","name":"Parada Santo Afonso","lines":["516N-10","5178-10","607C-10"]},"geometry":{"type":"Point","coordinates":[-46.64237,-23.67553]}},{"type":"Feature","properties":{"id":"2203145","name":"Parada Rio Grande Do Sul","lines":["516N-10","5178-10","607C-10"]},"geometry":{"type":"Point","coordinates":[-46.64481,-23.67235]}},{"type":"Feature","properties":{"id":"2203146","name":"Parada Rio Grande Do Sul","lines":["516N-10","5178-10","607C-10"]},"geometry":{"type":"Point","coordinates":[-46.64474,-23.67253]}},{"type":"Feature","properties":{"id":"2203147","name":"Parada Públio Pimentel","lines":["516N-10","5178-10","607C-10"]},"geometry":{"type":"Point","coordinates":[-46.6488,-23.66956]}},{"type":"Feature","properties":{"id":"2203148","name":"Parada Públio Pimentel","lines":["516N-10","5178-10","607C-10"]},"geometry":{"type":"Point","coordinates":[-46.649,-23.66932]}},{"type":"Feature","properties":{"id":"2203151","name":"Parada Paulo Albernaz","lines":["516N-10","5178-10","607C-10"]},"geometry":{"type":"Point","coordinates":[-46.65574,-23.66649]}},{"type":"Feature","properties":{"id":"2203152","name":"Parada Paulo Albernaz","lines":["516N-10","5178-10","607C-10"]},"geometry":{"type":"Point","coordinates":[-46.65671,-23.66595]}},{"type":"Feature","properties":{"id":"2203153","name":"Parada Rubens Facchini","lines":["516N-10","5178-10","607C-10"]},"geometry":{"type":"Point","coordinates":[-46.66061,-23.66413]}},{"type":"Feature","properties":{"id":"2203154","name":"Parada Rubens Facchini","lines":["516N-10","5178-10","607C-10"]},"geometry":{"type":"Point","coordinates":[-46.66052,-23.66397]}},{"type":"Feature","properties":{"id":"2203155","name":"Parada Parque Do Nabuco","lines":["516N-10","5178-10","607C-10"]},"geometry":{"type":"Point","coordinates":[-46.66333,-23.6607]}},{"type":"Feature","properties":{"id":"2203156","name":"Parada Parque Do Nabuco","lines":["516N-10","5178-10","607C-10"]},"geometry":{"type":"Point","coordinates":[-46.66259,-23.66145]}},{"type":"Feature","properties":{"id":"2203157","name":"Parada Vila Canaã","lines":["516N-10","5178-10","607C-10"]},"geometry":{"type":"Point","coordinates":[-46.66519,-23.65679]}},{"type":"Feature","properties":{"id":"2203163","name":"R. Sto. Alberico Crescitelli, 216","lines":["516N-10"]},"geometry":{"type":"Point","coordinates":[-46.64845,-23.68892]}},{"type":"Feature","properties":{"id":"2203164","name":"Pça. Tito Pacheco, 172","lines":["5178-10"]},"geometry":{"type":"Point","coordinates":[-46.64235,-23.68244]}},{"type":"Feature","properties":{"id":"2203197","name":"Av. Garcia De Ávila, 81","lines":["5178-10"]},"geometry":{"type":"Point","coordinates":[-46.64042,-23.68067]}},{"type":"Feature","properties":{"id":"2203198","name":"Av. Garcia De Ávila, 150","lines":["5178-10"]},"geometry":{"type":"Point","coordinates":[-46.6401,-23.68123]}},{"type":"Feature","properties":{"id":"2203206","name":"Av. Cupece, 4734","lines":["516N-10","5178-10","607C-10"]},"geometry":{"type":"Point","coordinates":[-46.64251,-23.67547]}},{"type":"Feature","properties":{"id":"2314508","name":"Av. Sen. Teotônio Vilela, 5800","lines":["5370-10","6003-10","6003-21","6913-10","6913-21","695X-10","6960-10"]},"geometry":{"type":"Point","coordinates":[-46.70944,-23.74908]}},{"type":"Feature","properties":{"id":"2314516","name":"Av. Da. Belmira Marin, 461","lines":["637G-10"]},"geometry":{"type":"Point","coordinates":[-46.69552,-23.73521]}},{"type":"Feature","properties":{"id":"2314632","name":"Av. Marginal Leste - Estação Mendes - Vila Natal","lines":["6003-21"]},"geometry":{"type":"Point","coordinates":[-46.709,-23.75454]}},{"type":"Feature","properties":{"id":"2314646","name":"Av. Sen. Teotônio Vilela, 3843","lines":["6003-10"]},"geometry":{"type":"Point","coordinates":[-46.69845,-23.73392]}},{"type":"Feature","properties":{"id":"2514749","name":"Av. Souza Ramos, 245","lines":["4210-10","4313-10"]},"geometry":{"type":"Point","coordinates":[-46.41042,-23.58152]}},{"type":"Feature","properties":{"id":"2515355","name":"Estr. Iguatemi, 2143","lines":["4210-10","4313-10"]},"geometry":{"type":"Point","coordinates":[-46.41486,-23.58743]}},{"type":"Feature","properties":{"id":"2515374","name":"Estr. Iguatemi, 6980","lines":["4210-10","4313-10"]},"geometry":{"type":"Point","coordinates":[-46.41477,-23.58556]}},{"type":"Feature","properties":{"id":"2515402","name":"Estr. Iguatemi, 2751","lines":["4210-10","4313-10"]},"geometry":{"type":"Point","coordinates":[-46.41505,-23.5832]}},{"type":"Feature","properties":{"id":"2515507","name":"Av. Souza Ramos, 813","lines":["4210-10","4313-10"]},"geometry":{"type":"Point","coordinates":[-46.41106,-23.58095]}},{"type":"Feature","properties":{"id":"2515526","name":"Estr. Iguatemi, 7660","lines":["4210-10","4313-10"]},"geometry":{"type":"Point","coordinates":[-46.41816,-23.59302]}},{"type":"Feature","properties":{"id":"2702147","name":"Av. Do Cursino, 574","lines":["5108-10"]},"geometry":{"type":"Point","coordinates":[-46.6167,-23.60763]}},{"type":"Feature","properties":{"id":"2702225","name":"Gustav Klimt","lines":["5108-10"]},"geometry":{"type":"Point","coordinates":[-46.61343,-23.63963]}},{"type":"Feature","properties":{"id":"2702231","name":"Av. Do Cursino, 3895","lines":["5108-10"]},"geometry":{"type":"Point","coordinates":[-46.61529,-23.63513]}},{"type":"Feature","properties":{"id":"2702232","name":"Av. Do Cursino, 3808","lines":["5108-10"]},"geometry":{"type":"Point","coordinates":[-46.61565,-23.63491]}},{"type":"Feature","properties":{"id":"2702258","name":"Av. Do Cursino, 3058","lines":["5108-10"]},"geometry":{"type":"Point","coordinates":[-46.61891,-23.62851]}},{"type":"Feature","properties":{"id":"2702685","name":"Av. Miguel Estefno, 1992","lines":["475R-10"]},"geometry":{"type":"Point","coordinates":[-46.62767,-23.63053]}},{"type":"Feature","properties":{"id":"2702694","name":"Yoshio Takata","lines":["475R-10"]},"geometry":{"type":"Point","coordinates":[-46.62737,-23.63514]}},{"type":"Feature","properties":{"id":"2702696","name":"Av. Miguel Estefno, 2836","lines":["475R-10"]},"geometry":{"type":"Point","coordinates":[-46.6275,-23.63897]}},{"type":"Feature","properties":{"id":"2705138","name":"Av. Do Cursino, 794","lines":["5108-10"]},"geometry":{"type":"Point","coordinates":[-46.61753,-23.61017]}},{"type":"Feature","properties":{"id":"2705197","name":"Octacílio Câmara","lines":["5108-10"]},"geometry":{"type":"Point","coordinates":[-46.61628,-23.6061]}},{"type":"Feature","properties":{"id":"2705996","name":"Av. Do Cursino, 817","lines":["5108-10"]},"geometry":{"type":"Point","coordinates":[-46.61725,-23.60978]}},{"type":"Feature","properties":{"id":"2705998","name":"Av. Miguel Estefno, 4507","lines":["475R-10"]},"geometry":{"type":"Point","coordinates":[-46.62101,-23.6507]}},{"type":"Feature","properties":{"id":"2808791","name":"Av. Paranaguá, 100","lines":["1178-10"]},"geometry":{"type":"Point","coordinates":[-46.47528,-23.50468]}},{"type":"Feature","properties":{"id":"2808794","name":"R. Prof. Antônio De Castro Lopes, 42","lines":["1178-10"]},"geometry":{"type":"Point","coordinates":[-46.47659,-23.50613]}},{"type":"Feature","properties":{"id":"2808820","name":"Av. S. Miguel, 4551","lines":["2552-10","3301-10"]},"geometry":{"type":"Point","coordinates":[-46.48912,-23.50739]}},{"type":"Feature","properties":{"id":"2815157","name":"R. Miguel Rachid, 425","lines":["2582-10"]},"geometry":{"type":"Point","coordinates":[-46.47469,-23.49309]}},{"type":"Feature","properties":{"id":"2815163","name":"R. Dr. Assis Ribeiro, 5893","lines":["1178-10","1178-31","2582-10"]},"geometry":{"type":"Point","coordinates":[-46.50393,-23.48677]}},{"type":"Feature","properties":{"id":"2815167","name":"Av. Milene Elias, 181","lines":["1178-10"]},"geometry":{"type":"Point","coordinates":[-46.47987,-23.49236]}},{"type":"Feature","properties":{"id":"2815218","name":"Av. Milene Elias, 612","lines":["1178-10","2582-10"]},"geometry":{"type":"Point","coordinates":[-46.47814,-23.48918]}},{"type":"Feature","properties":{"id":"2815264","name":"R. Abel Tavares","lines":["2582-10"]},"geometry":{"type":"Point","coordinates":[-46.46796,-23.49795]}},{"type":"Feature","properties":{"id":"2815274","name":"R. Abel Tavares, 349","lines":["2582-10"]},"geometry":{"type":"Point","coordinates":[-46.46835,-23.49595]}},{"type":"Feature","properties":{"id":"2815282","name":"R. Dr. Assis Ribeiro, 7162","lines":["1178-10","1178-31","2582-10"]},"geometry":{"type":"Point","coordinates":[-46.49422,-23.48324]}},{"type":"Feature","properties":{"id":"2815285","name":"R. Dr. Assis Ribeiro, 8682","lines":["1178-31"]},"geometry":{"type":"Point","coordinates":[-46.48001,-23.48538]}},{"type":"Feature","properties":{"id":"2815288","name":"R. Miguel Rachid, 802","lines":["2582-10"]},"geometry":{"type":"Point","coordinates":[-46.47141,-23.49434]}},{"type":"Feature","properties":{"id":"2815292","name":"R. Dr. Assis Ribeiro, 8800","lines":["1178-31"]},"geometry":{"type":"Point","coordinates":[-46.47325,-23.48322]}},{"type":"Feature","properties":{"id":"2815297","name":"R. Dr. Assis Ribeiro, 8474","lines":["1178-31"]},"geometry":{"type":"Point","coordinates":[-46.47885,-23.4847]}},{"type":"Feature","properties":{"id":"2913644","name":"Pça. Da. Amalia G Solitari","lines":["129F-10"]},"geometry":{"type":"Point","coordinates":[-46.70575,-23.49798]}},{"type":"Feature","properties":{"id":"2914485","name":"Pça. Da. Amalia G Solitari","lines":["129F-10"]},"geometry":{"type":"Point","coordinates":[-46.70629,-23.49824]}},{"type":"Feature","properties":{"id":"2914552","name":"Av. Min. Petrônio Portela, 158","lines":["129F-10"]},"geometry":{"type":"Point","coordinates":[-46.70393,-23.49687]}},{"type":"Feature","properties":{"id":"2914564","name":"Pça. Pedro Blaserna (c. P. Portela)","lines":["129F-10"]},"geometry":{"type":"Point","coordinates":[-46.69807,-23.48902]}},{"type":"Feature","properties":{"id":"2914570","name":"Av. Fuad Lutfalla","lines":["189L-10"]},"geometry":{"type":"Point","coordinates":[-46.71088,-23.48661]}},{"type":"Feature","properties":{"id":"3014839","name":"Av. Da. Belmira Marin, 3732","lines":["637G-10"]},"geometry":{"type":"Point","coordinates":[-46.68017,-23.75446]}},{"type":"Feature","properties":{"id":"3014850","name":"Av. Da. Belmira Marin, 3483","lines":["637G-10"]},"geometry":{"type":"Point","coordinates":[-46.68075,-23.75376]}},{"type":"Feature","properties":{"id":"3014852","name":"Av. Da. Belmira Marin, 1618","lines":["637G-10"]},"geometry":{"type":"Point","coordinates":[-46.69047,-23.74451]}},{"type":"Feature","properties":{"id":"3015037","name":"Av. Da. Belmira Marin, 2714","lines":["637G-10"]},"geometry":{"type":"Point","coordinates":[-46.68867,-23.75275]}},{"type":"Feature","properties":{"id":"3015074","name":"Terminal Estação Varginha","lines":["6082-10"]},"geometry":{"type":"Point","coordinates":[-46.71099,-23.77026]}},{"type":"Feature","properties":{"id":"3203689","name":"Av. Ragueb Chohfi, 7614","lines":["4210-10","4313-10"]},"geometry":{"type":"Point","coordinates":[-46.42422,-23.5944]}},{"type":"Feature","properties":{"id":"3203690","name":"Av. Ragueb Chohfi, 6300","lines":["4210-10","4313-10"]},"geometry":{"type":"Point","coordinates":[-46.42699,-23.59481]}},{"type":"Feature","properties":{"id":"3203691","name":"Av. Ragueb Chohfi, 5789","lines":["4210-10","4313-10"]},"geometry":{"type":"Point","coordinates":[-46.42735,-23.59469]}},{"type":"Feature","properties":{"id":"3203693","name":"Av. Ragueb Chohfi, 5835","lines":["4210-10","4313-10"]},"geometry":{"type":"Point","coordinates":[-46.42962,-23.59506]}},{"type":"Feature","properties":{"id":"3203785","name":"Av. Ragueb Chohfi, 3826","lines":["354M-10","4210-10","4313-10"]},"geometry":{"type":"Point","coordinates":[-46.44866,-23.59478]}},{"type":"Feature","properties":{"id":"3214590","name":"Av. Ragueb Chohfi, 4158","lines":["354M-10","4210-10","4313-10"]},"geometry":{"type":"Point","coordinates":[-46.44578,-23.59487]}},{"type":"Feature","properties":{"id":"3214597","name":"Av. Ragueb Chohfi, 7290","lines":["4210-10","4313-10"]},"geometry":{"type":"Point","coordinates":[-46.42265,-23.59406]}},{"type":"Feature","properties":{"id":"3214611","name":"R. Confederação Dos Tamoios, 182","lines":["354M-10"]},"geometry":{"type":"Point","coordinates":[-46.44371,-23.59675]}},{"type":"Feature","properties":{"id":"3214688","name":"Av. Ragueb Chohfi, 5055","lines":["4210-10","4313-10"]},"geometry":{"type":"Point","coordinates":[-46.43765,-23.59559]}},{"type":"Feature","properties":{"id":"3214690","name":"Av. Ragueb Chohfi, 6336","lines":["4210-10","4313-10"]},"geometry":{"type":"Point","coordinates":[-46.42502,-23.59432]}},{"type":"Feature","properties":{"id":"3214714","name":"Av. Ragueb Chohfi, 4567","lines":["4210-10","4313-10"]},"geometry":{"type":"Point","coordinates":[-46.44164,-23.59462]}},{"type":"Feature","properties":{"id":"3214727","name":"Av. Ragueb Chohfi, 2723","lines":["354M-10","4210-10","4313-10"]},"geometry":{"type":"Point","coordinates":[-46.45904,-23.59792]}},{"type":"Feature","properties":{"id":"3214728","name":"Av. Ragueb Chohfi, 3323","lines":["354M-10","4210-10","4313-10"]},"geometry":{"type":"Point","coordinates":[-46.45366,-23.59603]}},{"type":"Feature","properties":{"id":"3214729","name":"Av. Ragueb Chohfi, 3693","lines":["354M-10","4210-10","4313-10"]},"geometry":{"type":"Point","coordinates":[-46.45028,-23.59485]}},{"type":"Feature","properties":{"id":"3214730","name":"Av. Ragueb Chohfi, 4025","lines":["354M-10","4210-10","4313-10"]},"geometry":{"type":"Point","coordinates":[-46.44715,-23.59446]}},{"type":"Feature","properties":{"id":"3305203","name":"Gentil De Moura","lines":["5108-10"]},"geometry":{"type":"Point","coordinates":[-46.61374,-23.6028]}},{"type":"Feature","properties":{"id":"3305207","name":"R. Salvador Simões, 713","lines":["5108-10"]},"geometry":{"type":"Point","coordinates":[-46.61369,-23.59982]}},{"type":"Feature","properties":{"id":"3305208","name":"R. Dr. Elísio De Castro, 105","lines":["5108-10"]},"geometry":{"type":"Point","coordinates":[-46.61503,-23.59943]}},{"type":"Feature","properties":{"id":"3305526","name":"R. Moreira E Costa, 319","lines":["5108-10"]},"geometry":{"type":"Point","coordinates":[-46.61132,-23.5898]}},{"type":"Feature","properties":{"id":"3305527","name":"R. Gama Lobo, 732","lines":["5108-10"]},"geometry":{"type":"Point","coordinates":[-46.6126,-23.59144]}},{"type":"Feature","properties":{"id":"3305757","name":"R. Ettore Lantieri, 100","lines":["477A-10"]},"geometry":{"type":"Point","coordinates":[-46.60319,-23.60238]}},{"type":"Feature","properties":{"id":"3305795","name":"Cay B/C","lines":["5105-10","5109-10"]},"geometry":{"type":"Point","coordinates":[-46.60315,-23.57444]}},{"type":"Feature","properties":{"id":"3305796","name":"N.sra Aparecida B/C","lines":["5105-10"]},"geometry":{"type":"Point","coordinates":[-46.59778,-23.59135]}},{"type":"Feature","properties":{"id":"3305797","name":"Grito B/C","lines":["5105-10"]},"geometry":{"type":"Point","coordinates":[-46.59717,-23.59814]}},{"type":"Feature","properties":{"id":"3305799","name":"Cay C/B","lines":["5105-10","5109-10"]},"geometry":{"type":"Point","coordinates":[-46.60318,-23.57445]}},{"type":"Feature","properties":{"id":"3305800","name":"N.sra Aparecida C/B","lines":["5105-10"]},"geometry":{"type":"Point","coordinates":[-46.59785,-23.59135]}},{"type":"Feature","properties":{"id":"3305801","name":"Grito C/B","lines":["5105-10"]},"geometry":{"type":"Point","coordinates":[-46.59724,-23.59815]}},{"type":"Feature","properties":{"id":"3305872","name":"R. Dr. Mário Vicente, 680","lines":["5108-10"]},"geometry":{"type":"Point","coordinates":[-46.6134,-23.58954]}},{"type":"Feature","properties":{"id":"3305877","name":"Av. D. Pedro I - Pista Central, 621","lines":["477A-10","5107-10","5108-10"]},"geometry":{"type":"Point","coordinates":[-46.61104,-23.57076]}},{"type":"Feature","properties":{"id":"3305879","name":"Sentido C/B - Pista Central","lines":["477A-10","5107-10"]},"geometry":{"type":"Point","coordinates":[-46.61074,-23.57521]}},{"type":"Feature","properties":{"id":"3305880","name":"Av. D. Pedro I - Pista Central, 815","lines":["477A-10","5107-10","5108-10"]},"geometry":{"type":"Point","coordinates":[-46.61089,-23.57259]}},{"type":"Feature","properties":{"id":"3305881","name":"Terminal Sacomã","lines":["5105-10"]},"geometry":{"type":"Point","coordinates":[-46.60282,-23.603]}},{"type":"Feature","properties":{"id":"3305890","name":"Av. D. Pedro I - Pista Central, 582","lines":["477A-10","5107-10"]},"geometry":{"type":"Point","coordinates":[-46.61122,-23.5704]}},{"type":"Feature","properties":{"id":"3305891","name":"Pista Central","lines":["477A-10","5107-10"]},"geometry":{"type":"Point","coordinates":[-46.61098,-23.57286]}},{"type":"Feature","properties":{"id":"3305894","name":"R. Cipriano Barata, 2741","lines":["477A-10"]},"geometry":{"type":"Point","coordinates":[-46.60466,-23.59366]}},{"type":"Feature","properties":{"id":"3305896","name":"R. Bom Pastor, 2661","lines":["5107-10"]},"geometry":{"type":"Point","coordinates":[-46.60472,-23.59964]}},{"type":"Feature","properties":{"id":"3305899","name":"R. Lino Coutinho, 150","lines":["5107-10"]},"geometry":{"type":"Point","coordinates":[-46.60318,-23.58441]}},{"type":"Feature","properties":{"id":"3305908","name":"Terminal Sacomã - Plat. 5","lines":["5107-10"]},"geometry":{"type":"Point","coordinates":[-46.60223,-23.60282]}},{"type":"Feature","properties":{"id":"3305912","name":"R. Silva Bueno, 327","lines":["477A-10","5107-10"]},"geometry":{"type":"Point","coordinates":[-46.60239,-23.58103]}},{"type":"Feature","properties":{"id":"3305913","name":"Av. Nazaré, 444","lines":["5108-10"]},"geometry":{"type":"Point","coordinates":[-46.6108,-23.58767]}},{"type":"Feature","properties":{"id":"3305914","name":"Sentido B/C - Pista Central","lines":["477A-10","5107-10","5108-10"]},"geometry":{"type":"Point","coordinates":[-46.61068,-23.57482]}},{"type":"Feature","properties":{"id":"3305928","name":"R. Dr. Mário Vicente, 1345","lines":["5108-10"]},"geometry":{"type":"Point","coordinates":[-46.61285,-23.59548]}},{"type":"Feature","properties":{"id":"3305929","name":"R. Dr. Mário Vicente, 1597","lines":["5108-10"]},"geometry":{"type":"Point","coordinates":[-46.61302,-23.5978]}},{"type":"Feature","properties":{"id":"3406544","name":"Av. Cidade Jardim, 513","lines":["609F-10","6200-10","6403-10","6451-10"]},"geometry":{"type":"Point","coordinates":[-46.68488,-23.58176]}},{"type":"Feature","properties":{"id":"3406621","name":"Av. Das Nações Unidas, 12495","lines":["609F-10","6200-10","637A-10","6403-10","6451-10"]},"geometry":{"type":"Point","coordinates":[-46.69697,-23.60675]}},{"type":"Feature","properties":{"id":"3406907","name":"J.k.  B/C","lines":["6505-10","6913-10"]},"geometry":{"type":"Point","coordinates":[-46.6708,-23.58554]}},{"type":"Feature","properties":{"id":"3406913","name":"Fiandeiras B/C 1","lines":["5111-10","6505-10","6913-10","6913-21","7550-10"]},"geometry":{"type":"Point","coordinates":[-46.6738,-23.59722]}},{"type":"Feature","properties":{"id":"3406914","name":"Fiandeiras B/C 2","lines":["516N-10","637G-10"]},"geometry":{"type":"Point","coordinates":[-46.67373,-23.59705]}},{"type":"Feature","properties":{"id":"3406960","name":"J.k. C/B","lines":["6505-10","6913-10"]},"geometry":{"type":"Point","coordinates":[-46.6708,-23.58537]}},{"type":"Feature","properties":{"id":"3407064","name":"R. Joaquim Floriano, 308","lines":["477A-10","5119-10","516N-10","637G-10","6913-21"]},"geometry":{"type":"Point","coordinates":[-46.67304,-23.58411]}},{"type":"Feature","properties":{"id":"3407074","name":"Parada Jk","lines":["5111-10","7550-10"]},"geometry":{"type":"Point","coordinates":[-46.67174,-23.58544]}},{"type":"Feature","properties":{"id":"3407076","name":"Parada Marina Cintra - B/C","lines":["609F-10","6200-10","6403-10","6451-10"]},"geometry":{"type":"Point","coordinates":[-46.67247,-23.57714]}},{"type":"Feature","properties":{"id":"3407077","name":"Parada Dr. Renato Paes De Barros - B/C","lines":["609F-10","6200-10","6403-10","6451-10"]},"geometry":{"type":"Point","coordinates":[-46.67577,-23.57874]}},{"type":"Feature","properties":{"id":"3407078","name":"Parada João Cachoeira - B/C","lines":["609F-10","6200-10","6403-10","6451-10"]},"geometry":{"type":"Point","coordinates":[-46.67959,-23.58061]}},{"type":"Feature","properties":{"id":"3407083","name":"Parada 2 - Tabapuã","lines":["5119-10","637A-10"]},"geometry":{"type":"Point","coordinates":[-46.68707,-23.58605]}},{"type":"Feature","properties":{"id":"3407085","name":"R. Tabapuã, 1386","lines":["5119-10","637A-10"]},"geometry":{"type":"Point","coordinates":[-46.68393,-23.58529]}},{"type":"Feature","properties":{"id":"3407115","name":"Parada Flórida C/B","lines":["607C-10","648P-10","677A-10"]},"geometry":{"type":"Point","coordinates":[-46.69357,-23.607]}},{"type":"Feature","properties":{"id":"3407116","name":"Parada Baltazar Fernandes - B/C","lines":["607C-10","648P-10"]},"geometry":{"type":"Point","coordinates":[-46.69725,-23.61733]}},{"type":"Feature","properties":{"id":"3407117","name":"Parada Flórida B/C","lines":["607C-10","648P-10","677A-10"]},"geometry":{"type":"Point","coordinates":[-46.69315,-23.60621]}},{"type":"Feature","properties":{"id":"3407120","name":"Parada Jornalista Roberto Marinho - B/C","lines":["607C-10","648P-10","677A-10"]},"geometry":{"type":"Point","coordinates":[-46.69517,-23.61189]}},{"type":"Feature","properties":{"id":"3407121","name":"Parada Jornalista Roberto Marinho - C/B","lines":["607C-10","648P-10","677A-10"]},"geometry":{"type":"Point","coordinates":[-46.69557,-23.61256]}},{"type":"Feature","properties":{"id":"3407123","name":"Parada Baltazar Fernandes - C/B","lines":["607C-10","648P-10"]},"geometry":{"type":"Point","coordinates":[-46.69692,-23.61612]}},{"type":"Feature","properties":{"id":"3407124","name":"Terminal Água Espraiada, 400","lines":["677A-10"]},"geometry":{"type":"Point","coordinates":[-46.69666,-23.61361]}},{"type":"Feature","properties":{"id":"3407125","name":"Parada Oswaldo Casimiro Muller - C/B","lines":["607C-10","648P-10","677A-10"]},"geometry":{"type":"Point","coordinates":[-46.69145,-23.6013]}},{"type":"Feature","properties":{"id":"3407126","name":"Parada Oswaldo Casimiro Muller B/C","lines":["607C-10","648P-10","677A-10"]},"geometry":{"type":"Point","coordinates":[-46.69123,-23.6008]}},{"type":"Feature","properties":{"id":"3407152","name":"Parada Gomes De Carvalho B/C","lines":["607C-10","648P-10","677A-10"]},"geometry":{"type":"Point","coordinates":[-46.68979,-23.59424]}},{"type":"Feature","properties":{"id":"3407155","name":"Av. Pres. Juscelino Kubitschek","lines":["677A-10"]},"geometry":{"type":"Point","coordinates":[-46.68763,-23.59102]}},{"type":"Feature","properties":{"id":"3407158","name":"Av. Horácio Lafer, 721","lines":["648P-10"]},"geometry":{"type":"Point","coordinates":[-46.68666,-23.58874]}},{"type":"Feature","properties":{"id":"3407162","name":"Parada Gomes De Carvalho C/B","lines":["607C-10","648P-10","677A-10"]},"geometry":{"type":"Point","coordinates":[-46.69083,-23.59611]}},{"type":"Feature","properties":{"id":"3407168","name":"Parada João Doria B/C","lines":["648P-10"]},"geometry":{"type":"Point","coordinates":[-46.69961,-23.62326]}},{"type":"Feature","properties":{"id":"3407175","name":"R. Prof. Geraldo Ataliba, 38","lines":["607C-10"]},"geometry":{"type":"Point","coordinates":[-46.68805,-23.5898]}},{"type":"Feature","properties":{"id":"3407192","name":"Av. Brig. Faria Lima, 3500","lines":["648P-10"]},"geometry":{"type":"Point","coordinates":[-46.68251,-23.5874]}},{"type":"Feature","properties":{"id":"3407199","name":"Av. Brig. Faria Lima, 3064","lines":["477A-10","637G-10","648P-10"]},"geometry":{"type":"Point","coordinates":[-46.68373,-23.58355]}},{"type":"Feature","properties":{"id":"3407210","name":"Av. Brig. Faria Lima, 3015","lines":["637A-10","648P-10"]},"geometry":{"type":"Point","coordinates":[-46.68363,-23.58294]}},{"type":"Feature","properties":{"id":"3407215","name":"Afonso Braz C/B 2","lines":["516N-10","637G-10"]},"geometry":{"type":"Point","coordinates":[-46.67302,-23.59437]}},{"type":"Feature","properties":{"id":"3407216","name":"Parada Afonso Braz-B/C2","lines":["516N-10","637G-10"]},"geometry":{"type":"Point","coordinates":[-46.67302,-23.59464]}},{"type":"Feature","properties":{"id":"3407221","name":"R. Joaquim Floriano, 1134","lines":["477A-10","5119-10","637G-10"]},"geometry":{"type":"Point","coordinates":[-46.68097,-23.58613]}},{"type":"Feature","properties":{"id":"3608745","name":"Av. Musgo De Flor, 0","lines":["354M-10"]},"geometry":{"type":"Point","coordinates":[-46.45486,-23.51559]}},{"type":"Feature","properties":{"id":"3608861","name":"Av. Jacu-pêssego/nova Trabalhadores, 3834","lines":["354M-10"]},"geometry":{"type":"Point","coordinates":[-46.44398,-23.59178]}},{"type":"Feature","properties":{"id":"3608865","name":"Parada Metro Itaquera","lines":["4310-10"]},"geometry":{"type":"Point","coordinates":[-46.47016,-23.54286]}},{"type":"Feature","properties":{"id":"3608892","name":"R. Guapurunga, 4","lines":["354M-10"]},"geometry":{"type":"Point","coordinates":[-46.45544,-23.51928]}},{"type":"Feature","properties":{"id":"3608893","name":"Av. Ribeirão Jacu, 7","lines":["354M-10"]},"geometry":{"type":"Point","coordinates":[-46.45623,-23.51821]}},{"type":"Feature","properties":{"id":"3608908","name":"Av. Ribeirão Jacu, 0","lines":["354M-10"]},"geometry":{"type":"Point","coordinates":[-46.45568,-23.51655]}},{"type":"Feature","properties":{"id":"3608969","name":"E. T. Itaquera Plat. C","lines":["4310-10"]},"geometry":{"type":"Point","coordinates":[-46.45418,-23.53525]}},{"type":"Feature","properties":{"id":"3609040","name":"Av. Jacu-pêssego/nova Trabalhadores, 8101","lines":["354M-10"]},"geometry":{"type":"Point","coordinates":[-46.44928,-23.5415]}},{"type":"Feature","properties":{"id":"3609042","name":"Av. Jacu-pêssego/nova Trabalhadores, 7697","lines":["354M-10"]},"geometry":{"type":"Point","coordinates":[-46.44739,-23.54548]}},{"type":"Feature","properties":{"id":"3609082","name":"R. Dr. Luiz Aires","lines":["4310-10"]},"geometry":{"type":"Point","coordinates":[-46.50173,-23.53143]}},{"type":"Feature","properties":{"id":"3702644","name":"Av. Eng. Armando De Arruda Pereira, 457","lines":["175T-10"]},"geometry":{"type":"Point","coordinates":[-46.64464,-23.63307]}},{"type":"Feature","properties":{"id":"3702645","name":"Av. Eng. Armando De Arruda Pereira, 506","lines":["175T-10"]},"geometry":{"type":"Point","coordinates":[-46.64426,-23.63338]}},{"type":"Feature","properties":{"id":"3702711","name":"Av. Eng. Armando De Arruda Pereira, 1326","lines":["175T-10"]},"geometry":{"type":"Point","coordinates":[-46.64143,-23.63918]}},{"type":"Feature","properties":{"id":"3702714","name":"Av. Eng. Armando De Arruda Pereira, 1577","lines":["175T-10"]},"geometry":{"type":"Point","coordinates":[-46.64132,-23.64075]}},{"type":"Feature","properties":{"id":"3702715","name":"Av. Eng. Armando De Arruda Pereira, 1532","lines":["175T-10"]},"geometry":{"type":"Point","coordinates":[-46.6415,-23.64107]}},{"type":"Feature","properties":{"id":"3702746","name":"Av. Eng. Armando De Arruda Pereira, 1767","lines":["175T-10"]},"geometry":{"type":"Point","coordinates":[-46.64124,-23.64331]}},{"type":"Feature","properties":{"id":"3702748","name":"Av. Eng. Armando De Arruda Pereira, 1897","lines":["175T-10"]},"geometry":{"type":"Point","coordinates":[-46.64057,-23.64627]}},{"type":"Feature","properties":{"id":"3702773","name":"Av. Eng. Armando De Arruda Pereira, 2485","lines":["175T-10"]},"geometry":{"type":"Point","coordinates":[-46.64035,-23.6497]}},{"type":"Feature","properties":{"id":"3702829","name":"Metrô Conceição","lines":["175T-10"]},"geometry":{"type":"Point","coordinates":[-46.64154,-23.63523]}},{"type":"Feature","properties":{"id":"3703065","name":"Parada 1 - Guatapará","lines":["175T-10"]},"geometry":{"type":"Point","coordinates":[-46.64112,-23.63547]}},{"type":"Feature","properties":{"id":"3703080","name":"Av. Eng. Armando De Arruda Pereira, 2654","lines":["175T-10"]},"geometry":{"type":"Point","coordinates":[-46.64065,-23.64986]}},{"type":"Feature","properties":{"id":"3703092","name":"Parada 1","lines":["175T-10"]},"geometry":{"type":"Point","coordinates":[-46.64069,-23.64652]}},{"type":"Feature","properties":{"id":"3703103","name":"R. Sta. Rita D'oeste, 3305","lines":["175T-10"]},"geometry":{"type":"Point","coordinates":[-46.63716,-23.65432]}},{"type":"Feature","properties":{"id":"3703126","name":"Av. Eng. Armando De Arruda Pereira, 1788","lines":["175T-10"]},"geometry":{"type":"Point","coordinates":[-46.64142,-23.64354]}},{"type":"Feature","properties":{"id":"3703139","name":"R. Dr. Djalma Pinheiro Franco, 212","lines":["695X-10"]},"geometry":{"type":"Point","coordinates":[-46.66379,-23.64989]}},{"type":"Feature","properties":{"id":"4200946","name":"Parada Mathias Araújo B/C","lines":["5391-10","637A-10","675K-10","677A-10","737A-10"]},"geometry":{"type":"Point","coordinates":[-46.76362,-23.67914]}},{"type":"Feature","properties":{"id":"4200950","name":"Estr. Do M Boi Mirim, 2667","lines":["5391-10","677A-10"]},"geometry":{"type":"Point","coordinates":[-46.75741,-23.67635]}},{"type":"Feature","properties":{"id":"4203618","name":"Parada 2","lines":["5391-10"]},"geometry":{"type":"Point","coordinates":[-46.77398,-23.69015]}},{"type":"Feature","properties":{"id":"4203716","name":"Parada Piraporinha C/B","lines":["5391-10","637A-10","675K-10","737A-10"]},"geometry":{"type":"Point","coordinates":[-46.74166,-23.67187]}},{"type":"Feature","properties":{"id":"4203717","name":"Parada Piraporinha B/C","lines":["5391-10","637A-10","675K-10","737A-10"]},"geometry":{"type":"Point","coordinates":[-46.74185,-23.67201]}},{"type":"Feature","properties":{"id":"4203781","name":"Área De Apoio Do Terminal Jd. Ângela, 5700","lines":["5391-10"]},"geometry":{"type":"Point","coordinates":[-46.77853,-23.69299]}},{"type":"Feature","properties":{"id":"4203817","name":"Estr. Do M Boi Mirim, 5320","lines":["5391-10"]},"geometry":{"type":"Point","coordinates":[-46.77602,-23.69186]}},{"type":"Feature","properties":{"id":"4203818","name":"Estr. Do M Boi Mirim, 5320","lines":["5391-10"]},"geometry":{"type":"Point","coordinates":[-46.77579,-23.69184]}},{"type":"Feature","properties":{"id":"4203853","name":"Estr. Do M Boi Mirim, 3636","lines":["5391-10","637A-10","675K-10","677A-10","737A-10"]},"geometry":{"type":"Point","coordinates":[-46.76526,-23.68028]}},{"type":"Feature","properties":{"id":"4311933","name":"Av. Oliveira Freire, 1415","lines":["2552-10"]},"geometry":{"type":"Point","coordinates":[-46.42167,-23.48417]}},{"type":"Feature","properties":{"id":"4311964","name":"R. Carlo Bibiena, 225","lines":["2552-10"]},"geometry":{"type":"Point","coordinates":[-46.41792,-23.49037]}},{"type":"Feature","properties":{"id":"4312031","name":"R. Carlo Bibiena, 302","lines":["2552-10"]},"geometry":{"type":"Point","coordinates":[-46.42004,-23.4905]}},{"type":"Feature","properties":{"id":"4312042","name":"R. Carlo Bibiena, 269","lines":["2552-10"]},"geometry":{"type":"Point","coordinates":[-46.4204,-23.49044]}},{"type":"Feature","properties":{"id":"4312076","name":"Av. Oliveira Freire, 1273","lines":["2552-10"]},"geometry":{"type":"Point","coordinates":[-46.42341,-23.4843]}},{"type":"Feature","properties":{"id":"4312104","name":"R. Erva De Santa Luzia, 923","lines":["2552-10"]},"geometry":{"type":"Point","coordinates":[-46.41743,-23.48476]}},{"type":"Feature","properties":{"id":"4312129","name":"Av. Oliveira Freire, 1712","lines":["2552-10"]},"geometry":{"type":"Point","coordinates":[-46.41863,-23.48413]}},{"type":"Feature","properties":{"id":"4312130","name":"Av. Oliveira Freire, 1196","lines":["2552-10"]},"geometry":{"type":"Point","coordinates":[-46.42399,-23.48448]}},{"type":"Feature","properties":{"id":"4406405","name":"Parada Oliveira Dias","lines":["477A-10","5111-10","5119-10","7550-10"]},"geometry":{"type":"Point","coordinates":[-46.66789,-23.58289]}},{"type":"Feature","properties":{"id":"4406634","name":"R. Da Consolação","lines":["8622-10"]},"geometry":{"type":"Point","coordinates":[-46.64201,-23.54784]}},{"type":"Feature","properties":{"id":"4500896","name":"Av. Raquel Alves Moreira, 175","lines":["5318-10","609F-10"]},"geometry":{"type":"Point","coordinates":[-46.75311,-23.66661]}},{"type":"Feature","properties":{"id":"4503160","name":"R. Francisco Xavier De Sales, 442","lines":["5318-10"]},"geometry":{"type":"Point","coordinates":[-46.74579,-23.67072]}},{"type":"Feature","properties":{"id":"4503162","name":"R. Francisco Xavier De Sales, 204","lines":["5318-10"]},"geometry":{"type":"Point","coordinates":[-46.74763,-23.67047]}},{"type":"Feature","properties":{"id":"4503408","name":"Av. Maria Coelho Aguiar, 408","lines":["5318-10","609F-10","6805-10"]},"geometry":{"type":"Point","coordinates":[-46.73271,-23.64948]}},{"type":"Feature","properties":{"id":"4503778","name":"R. Humberto De Almeida, 103","lines":["5318-10"]},"geometry":{"type":"Point","coordinates":[-46.74425,-23.67234]}},{"type":"Feature","properties":{"id":"4503861","name":"Av. Guido Caloi, 1000","lines":["6200-10","637A-10","677A-10"]},"geometry":{"type":"Point","coordinates":[-46.72615,-23.65119]}},{"type":"Feature","properties":{"id":"4503923","name":"Terminal João Dias","lines":["6805-10"]},"geometry":{"type":"Point","coordinates":[-46.73397,-23.64385]}},{"type":"Feature","properties":{"id":"4503924","name":"Parada Frederico Grotte - Centro/bairro","lines":["677A-10"]},"geometry":{"type":"Point","coordinates":[-46.72985,-23.6638]}},{"type":"Feature","properties":{"id":"4503925","name":"Frederico Grotte  B/C","lines":["677A-10"]},"geometry":{"type":"Point","coordinates":[-46.73,-23.66392]}},{"type":"Feature","properties":{"id":"4503926","name":"Parada Guilherme Valente - Centro/bairro","lines":["677A-10"]},"geometry":{"type":"Point","coordinates":[-46.73338,-23.66617]}},{"type":"Feature","properties":{"id":"4503927","name":"Parada Guilherme Valente - Bairro/centro","lines":["677A-10"]},"geometry":{"type":"Point","coordinates":[-46.73322,-23.66631]}},{"type":"Feature","properties":{"id":"4503928","name":"Parada José Barros Magaldi - Centro/bairro","lines":["677A-10"]},"geometry":{"type":"Point","coordinates":[-46.73711,-23.66773]}},{"type":"Feature","properties":{"id":"4503929","name":"Parada José Barros Magaldi - Bairro/centro","lines":["677A-10"]},"geometry":{"type":"Point","coordinates":[-46.73706,-23.66784]}},{"type":"Feature","properties":{"id":"4503947","name":"Parada Capitanias Hereditárias C/B","lines":["5318-10","677A-10"]},"geometry":{"type":"Point","coordinates":[-46.74062,-23.66972]}},{"type":"Feature","properties":{"id":"4503948","name":"Parada Capitanias Hereditárias B/C","lines":["5318-10","677A-10"]},"geometry":{"type":"Point","coordinates":[-46.74044,-23.66977]}},{"type":"Feature","properties":{"id":"4503950","name":"Parada  Humberto De Almeida C/B","lines":["677A-10"]},"geometry":{"type":"Point","coordinates":[-46.74487,-23.67278]}},{"type":"Feature","properties":{"id":"4503951","name":"Parada  Humberto De Almeida B/C","lines":["677A-10"]},"geometry":{"type":"Point","coordinates":[-46.74527,-23.67295]}},{"type":"Feature","properties":{"id":"4503957","name":"R. José Barros Magaldi, 1013","lines":["5318-10"]},"geometry":{"type":"Point","coordinates":[-46.7379,-23.66684]}},{"type":"Feature","properties":{"id":"4503958","name":"R. José Barros Magaldi, 1028","lines":["5318-10"]},"geometry":{"type":"Point","coordinates":[-46.73796,-23.66697]}},{"type":"Feature","properties":{"id":"4503959","name":"Parada Albino Correa De Campos","lines":["677A-10"]},"geometry":{"type":"Point","coordinates":[-46.74908,-23.6751]}},{"type":"Feature","properties":{"id":"4503969","name":"Av. Guido Caloi, 2047","lines":["637A-10"]},"geometry":{"type":"Point","coordinates":[-46.72575,-23.66209]}},{"type":"Feature","properties":{"id":"4503977","name":"Av. Maria Coelho Aguiar, 787","lines":["5318-10","609F-10","6805-10"]},"geometry":{"type":"Point","coordinates":[-46.73373,-23.65153]}},{"type":"Feature","properties":{"id":"4503983","name":"Av. Guido Caloi, 1164","lines":["637A-10","677A-10"]},"geometry":{"type":"Point","coordinates":[-46.72457,-23.6545]}},{"type":"Feature","properties":{"id":"4503987","name":"Av. Raquel Alves Moreira, 870","lines":["5318-10","609F-10"]},"geometry":{"type":"Point","coordinates":[-46.74983,-23.66694]}},{"type":"Feature","properties":{"id":"4504025","name":"Av. Luiz Gushiken, 122","lines":["677A-10"]},"geometry":{"type":"Point","coordinates":[-46.72779,-23.6631]}},{"type":"Feature","properties":{"id":"4504032","name":"Av. Guido Caloi, 1200","lines":["637A-10"]},"geometry":{"type":"Point","coordinates":[-46.72695,-23.66532]}},{"type":"Feature","properties":{"id":"4504043","name":"Av. Guido Caloi, 1401","lines":["637A-10","677A-10"]},"geometry":{"type":"Point","coordinates":[-46.72443,-23.6567]}},{"type":"Feature","properties":{"id":"4504063","name":"Estr. De Itapecerica, 361","lines":["5119-10","6001-10","6048-10","6451-10","6455-10","648P-10","807A-10"]},"geometry":{"type":"Point","coordinates":[-46.73964,-23.64254]}},{"type":"Feature","properties":{"id":"4504082","name":"R. Geraldo Fraga De Oliveira, 530","lines":["609F-10","6805-10"]},"geometry":{"type":"Point","coordinates":[-46.73871,-23.65308]}},{"type":"Feature","properties":{"id":"4504099","name":"Av. Guido Caloi, 1985","lines":["637A-10","677A-10"]},"geometry":{"type":"Point","coordinates":[-46.7257,-23.66098]}},{"type":"Feature","properties":{"id":"4504110","name":"R. Humberto De Almeida, 520","lines":["5318-10"]},"geometry":{"type":"Point","coordinates":[-46.74782,-23.67082]}},{"type":"Feature","properties":{"id":"4504113","name":"Estr. De Itapecerica, 1935","lines":["5119-10","6001-10","6048-10","6451-10","6455-10","648P-10","807A-10"]},"geometry":{"type":"Point","coordinates":[-46.75273,-23.64911]}},{"type":"Feature","properties":{"id":"4504118","name":"Estr. De Itapecerica, 1189","lines":["5119-10","6001-10","6048-10","6451-10","6455-10","648P-10","807A-10"]},"geometry":{"type":"Point","coordinates":[-46.74641,-23.6458]}},{"type":"Feature","properties":{"id":"4504119","name":"Estr. De Itapecerica, 1290","lines":["5119-10","6001-10","6048-10","6451-10","6455-10","648P-10","807A-10"]},"geometry":{"type":"Point","coordinates":[-46.74712,-23.64648]}},{"type":"Feature","properties":{"id":"4604163","name":"Av. Jacu-pêssego/nova Trabalhadores, 3787","lines":["354M-10"]},"geometry":{"type":"Point","coordinates":[-46.44276,-23.58977]}},{"type":"Feature","properties":{"id":"4614811","name":"Av. Jacu-pêssego/nova Trabalhadores, 1407","lines":["354M-10"]},"geometry":{"type":"Point","coordinates":[-46.44649,-23.57129]}},{"type":"Feature","properties":{"id":"4811488","name":"R. Br. De Jundiaí, 301","lines":["8050-10","8622-10"]},"geometry":{"type":"Point","coordinates":[-46.70803,-23.52483]}},{"type":"Feature","properties":{"id":"4811698","name":"R. Monte Pascal, 67","lines":["8050-10","8622-10"]},"geometry":{"type":"Point","coordinates":[-46.7198,-23.52125]}},{"type":"Feature","properties":{"id":"4814506","name":"Clemente Pastore","lines":["189L-10","8600-10"]},"geometry":{"type":"Point","coordinates":[-46.69911,-23.51474]}},{"type":"Feature","properties":{"id":"4814589","name":"George Smith","lines":["8050-10","8622-10"]},"geometry":{"type":"Point","coordinates":[-46.70416,-23.51789]}},{"type":"Feature","properties":{"id":"4814601","name":"R. Clélia, 2123","lines":["8622-10"]},"geometry":{"type":"Point","coordinates":[-46.70323,-23.52481]}},{"type":"Feature","properties":{"id":"4814622","name":"R. William Speers, 590","lines":["189L-10"]},"geometry":{"type":"Point","coordinates":[-46.70014,-23.51904]}},{"type":"Feature","properties":{"id":"4814634","name":"R. Martim Tenório, 43","lines":["8050-10"]},"geometry":{"type":"Point","coordinates":[-46.70269,-23.51951]}},{"type":"Feature","properties":{"id":"4900415","name":"Parada Scuvero","lines":["3390-10","5107-10","5108-10"]},"geometry":{"type":"Point","coordinates":[-46.62749,-23.56168]}},{"type":"Feature","properties":{"id":"4910016","name":"Av. Da Aclimação, 666","lines":["857R-10"]},"geometry":{"type":"Point","coordinates":[-46.63308,-23.5725]}},{"type":"Feature","properties":{"id":"4910030","name":"R. Diogo Vaz, 373","lines":["857R-10"]},"geometry":{"type":"Point","coordinates":[-46.62989,-23.56248]}},{"type":"Feature","properties":{"id":"4910053","name":"Av. Da Liberdade, 533","lines":["715M-10"]},"geometry":{"type":"Point","coordinates":[-46.63645,-23.55729]}},{"type":"Feature","properties":{"id":"4910058","name":"Av. Pref. Passos, 88","lines":["3390-10","5107-10","5108-10"]},"geometry":{"type":"Point","coordinates":[-46.62733,-23.55413]}},{"type":"Feature","properties":{"id":"4910060","name":"Lgo. Nsa. Sra. Da Conceição, 74","lines":["857R-10"]},"geometry":{"type":"Point","coordinates":[-46.62926,-23.56468]}},{"type":"Feature","properties":{"id":"4910064","name":"R. Siqueira Campos, 202","lines":["715M-10"]},"geometry":{"type":"Point","coordinates":[-46.63676,-23.56371]}},{"type":"Feature","properties":{"id":"4910065","name":"Av. Da Aclimação, 344","lines":["857R-10"]},"geometry":{"type":"Point","coordinates":[-46.63268,-23.56953]}},{"type":"Feature","properties":{"id":"4910066","name":"Lgo. Nsa. Sra. Da Conceição","lines":["857R-10"]},"geometry":{"type":"Point","coordinates":[-46.62884,-23.56451]}},{"type":"Feature","properties":{"id":"5013385","name":"Santa Auta C/B","lines":["209P-1","209P-10","9501-10"]},"geometry":{"type":"Point","coordinates":[-46.68471,-23.49468]}},{"type":"Feature","properties":{"id":"5013387","name":"Delfim Moreira - C/B","lines":["209P-1","209P-10","9501-10"]},"geometry":{"type":"Point","coordinates":[-46.68058,-23.48524]}},{"type":"Feature","properties":{"id":"5013388","name":"Edson Pellegrini - C/B","lines":["209P-1","209P-10","9501-10"]},"geometry":{"type":"Point","coordinates":[-46.67556,-23.4819]}},{"type":"Feature","properties":{"id":"5013389","name":"Av. Inajar De Souza, 592","lines":["209P-1","209P-10","9501-10"]},"geometry":{"type":"Point","coordinates":[-46.68554,-23.49911]}},{"type":"Feature","properties":{"id":"5013391","name":"Parada Extra ( B/C)","lines":["209P-1","209P-10","9501-10"]},"geometry":{"type":"Point","coordinates":[-46.68921,-23.50689]}},{"type":"Feature","properties":{"id":"5013393","name":"Parada Inacio Leitao C/B","lines":["209P-1","209P-10","9501-10"]},"geometry":{"type":"Point","coordinates":[-46.68209,-23.48694]}},{"type":"Feature","properties":{"id":"5013396","name":"Parada Benedito Guedes De Oliveira C/B","lines":["209P-1","209P-10","9501-10"]},"geometry":{"type":"Point","coordinates":[-46.68522,-23.49185]}},{"type":"Feature","properties":{"id":"5013397","name":"Ribeiro De Morais C/B","lines":["209P-1","209P-10","9501-10"]},"geometry":{"type":"Point","coordinates":[-46.68691,-23.50167]}},{"type":"Feature","properties":{"id":"5305689","name":"R. Pedro De Toledo, 1650","lines":["675K-10","675X-10"]},"geometry":{"type":"Point","coordinates":[-46.6534,-23.59745]}},{"type":"Feature","properties":{"id":"5306420","name":"Av. Brig. Luís Antônio, 3530","lines":["475R-10","477A-10","5111-10","5119-10","5178-10","7550-10"]},"geometry":{"type":"Point","coordinates":[-46.65776,-23.57589]}},{"type":"Feature","properties":{"id":"5306607","name":"Parada Tutóia","lines":["475R-10","477A-10","5111-10","5119-10","5178-10","7550-10"]},"geometry":{"type":"Point","coordinates":[-46.65374,-23.57224]}},{"type":"Feature","properties":{"id":"5306671","name":"R. Mal. Maurício Cardoso, 140","lines":["175T-10","5300-10","5318-10","5370-10","5391-10","5630-10","6455-10"]},"geometry":{"type":"Point","coordinates":[-46.65656,-23.5811]}},{"type":"Feature","properties":{"id":"5306672","name":"Parada Jk","lines":["5111-10","7550-10"]},"geometry":{"type":"Point","coordinates":[-46.67013,-23.58422]}},{"type":"Feature","properties":{"id":"5306677","name":"Av. Pedro Alvares Cabral","lines":["175T-10","5178-10","5300-10","5318-10","5370-10","5391-10","5630-10","6455-10"]},"geometry":{"type":"Point","coordinates":[-46.65559,-23.58549]}},{"type":"Feature","properties":{"id":"5306679","name":"Parada 2 - Mac/USP","lines":["175T-10","5300-10","5318-10","5370-10","5391-10","5630-10","6455-10"]},"geometry":{"type":"Point","coordinates":[-46.65216,-23.58779]}},{"type":"Feature","properties":{"id":"5306697","name":"Av. Vinte E Três De Maio","lines":["175T-10","5318-10","5370-10","5391-10"]},"geometry":{"type":"Point","coordinates":[-46.6385,-23.54957]}},{"type":"Feature","properties":{"id":"5306702","name":"Parada Afonso Braz - B/C 1","lines":["5111-10","6505-10","6913-10","6913-21","7550-10"]},"geometry":{"type":"Point","coordinates":[-46.6728,-23.59306]}},{"type":"Feature","properties":{"id":"5306710","name":"Fiandeiras C/B (provisória)","lines":["5111-10","516N-10","637G-10","6505-10","6913-10","6913-21","7550-10"]},"geometry":{"type":"Point","coordinates":[-46.67412,-23.60167]}},{"type":"Feature","properties":{"id":"5410046","name":"R. Dos Trilhos, 66","lines":["3141-10"]},"geometry":{"type":"Point","coordinates":[-46.60796,-23.55262]}},{"type":"Feature","properties":{"id":"5410051","name":"R. Taquari, 778","lines":["3141-10"]},"geometry":{"type":"Point","coordinates":[-46.59639,-23.55014]}},{"type":"Feature","properties":{"id":"5410062","name":"R. Dos Trilhos, 339","lines":["3141-10"]},"geometry":{"type":"Point","coordinates":[-46.6064,-23.5527]}},{"type":"Feature","properties":{"id":"5410197","name":"Av. Alcântara Machado, 3300","lines":["4310-10","4311-10","4313-10","5141-10"]},"geometry":{"type":"Point","coordinates":[-46.59407,-23.54481]}},{"type":"Feature","properties":{"id":"5506680","name":"Av. Morumbi, 4501","lines":["5119-10"]},"geometry":{"type":"Point","coordinates":[-46.71237,-23.6035]}},{"type":"Feature","properties":{"id":"5506682","name":"Av. Morumbi, 3941","lines":["5119-10"]},"geometry":{"type":"Point","coordinates":[-46.7087,-23.59995]}},{"type":"Feature","properties":{"id":"5506978","name":"Av. Magalhães De Castro","lines":["609F-10","6200-10","637A-10","6403-10","6451-10"]},"geometry":{"type":"Point","coordinates":[-46.69907,-23.60481]}},{"type":"Feature","properties":{"id":"5506992","name":"R. S. Bonifácio, 616","lines":["609F-10","6200-10","637A-10","6403-10","6451-10"]},"geometry":{"type":"Point","coordinates":[-46.69316,-23.58939]}},{"type":"Feature","properties":{"id":"5506993","name":"Av. Dos Tajurás, 282","lines":["5119-10"]},"geometry":{"type":"Point","coordinates":[-46.69463,-23.58665]}},{"type":"Feature","properties":{"id":"5506997","name":"Av. Giovanni Gronchi, 2983","lines":["5119-10"]},"geometry":{"type":"Point","coordinates":[-46.72563,-23.6075]}},{"type":"Feature","properties":{"id":"5506998","name":"Av. Giovanni Gronchi, 2989","lines":["5119-10"]},"geometry":{"type":"Point","coordinates":[-46.72531,-23.60685]}},{"type":"Feature","properties":{"id":"5507011","name":"Av. Magalhães De Castro, 4800","lines":["609F-10","6200-10","637A-10","6403-10","6451-10"]},"geometry":{"type":"Point","coordinates":[-46.69821,-23.60225]}},{"type":"Feature","properties":{"id":"5507014","name":"R. Eng. Oscar Americano, 840","lines":["5119-10"]},"geometry":{"type":"Point","coordinates":[-46.70407,-23.59171]}},{"type":"Feature","properties":{"id":"5507015","name":"R. Eng. Oscar Americano","lines":["5119-10"]},"geometry":{"type":"Point","coordinates":[-46.70524,-23.59353]}},{"type":"Feature","properties":{"id":"5507020","name":"R. Pe. Lebret, 470","lines":["5119-10"]},"geometry":{"type":"Point","coordinates":[-46.71528,-23.60097]}},{"type":"Feature","properties":{"id":"5507034","name":"Av. Giovanni Gronchi, 2287","lines":["5119-10"]},"geometry":{"type":"Point","coordinates":[-46.72459,-23.60198]}},{"type":"Feature","properties":{"id":"5507035","name":"Av. Jules Rimet, 205","lines":["5119-10"]},"geometry":{"type":"Point","coordinates":[-46.71894,-23.60015]}},{"type":"Feature","properties":{"id":"5808142","name":"Av. Jacu-pêssego/nova Trabalhadores, 1825","lines":["354M-10"]},"geometry":{"type":"Point","coordinates":[-46.44554,-23.57347]}},{"type":"Feature","properties":{"id":"5808156","name":"Av. Jacu-pêssego/nova Trabalhadores, 7237","lines":["354M-10"]},"geometry":{"type":"Point","coordinates":[-46.44662,-23.54979]}},{"type":"Feature","properties":{"id":"5914586","name":"R. Belarmino Belisário De Araújo, 101","lines":["516N-10"]},"geometry":{"type":"Point","coordinates":[-46.6468,-23.69374]}},{"type":"Feature","properties":{"id":"5914629","name":"R. Mons. José Marinoni, 75","lines":["516N-10"]},"geometry":{"type":"Point","coordinates":[-46.64822,-23.69124]}},{"type":"Feature","properties":{"id":"5914630","name":"R. Mons. José Marinoni, 16","lines":["516N-10"]},"geometry":{"type":"Point","coordinates":[-46.64814,-23.69162]}},{"type":"Feature","properties":{"id":"5914641","name":"R. Wilson Cantoni, 366","lines":["516N-10"]},"geometry":{"type":"Point","coordinates":[-46.64513,-23.69279]}},{"type":"Feature","properties":{"id":"6009269","name":"Av. Amador Bueno Da Veiga, 1895","lines":["208V-10","2552-10"]},"geometry":{"type":"Point","coordinates":[-46.5278,-23.52154]}},{"type":"Feature","properties":{"id":"6009458","name":"Centenario Da Penha","lines":["208V-10","2552-10"]},"geometry":{"type":"Point","coordinates":[-46.54298,-23.52294]}},{"type":"Feature","properties":{"id":"6009463","name":"Parada Avelino Carneiro","lines":["208V-10","2552-10","2582-10","3301-10"]},"geometry":{"type":"Point","coordinates":[-46.54907,-23.52331]}},{"type":"Feature","properties":{"id":"6009465","name":"R. Henrique De Souza Queiros, 179","lines":["208V-10","2552-10","2582-10","3301-10"]},"geometry":{"type":"Point","coordinates":[-46.54869,-23.52119]}},{"type":"Feature","properties":{"id":"6009467","name":"R. Pe. Benedito De Camargo, 948","lines":["1178-10","1178-31"]},"geometry":{"type":"Point","coordinates":[-46.54701,-23.52005]}},{"type":"Feature","properties":{"id":"6009535","name":"Av. Gabriela Mistral, 685","lines":["2582-10"]},"geometry":{"type":"Point","coordinates":[-46.55025,-23.5152]}},{"type":"Feature","properties":{"id":"6009536","name":"Av. Gabriela Mistral, 784","lines":["2582-10"]},"geometry":{"type":"Point","coordinates":[-46.55039,-23.51406]}},{"type":"Feature","properties":{"id":"6009537","name":"Av. Gabriela Mistral, 1126","lines":["2582-10"]},"geometry":{"type":"Point","coordinates":[-46.55092,-23.51124]}},{"type":"Feature","properties":{"id":"6009539","name":"Av. Gabriela Mistral, 1015","lines":["2582-10"]},"geometry":{"type":"Point","coordinates":[-46.55101,-23.51177]}},{"type":"Feature","properties":{"id":"6009703","name":"Av. S. Miguel, 57","lines":["208V-10","2552-10"]},"geometry":{"type":"Point","coordinates":[-46.52598,-23.52167]}},{"type":"Feature","properties":{"id":"6009737","name":"Av. Cdssa. Elisabeth De Robiano, 4356","lines":["1178-10","1178-31"]},"geometry":{"type":"Point","coordinates":[-46.55799,-23.52357]}},{"type":"Feature","properties":{"id":"6009739","name":"R. Rui Gomes De Almeida, 215","lines":["1178-10","1178-31"]},"geometry":{"type":"Point","coordinates":[-46.55478,-23.52638]}},{"type":"Feature","properties":{"id":"6009791","name":"Av. Amador Bueno Da Veiga, 929","lines":["208V-10","2552-10"]},"geometry":{"type":"Point","coordinates":[-46.53586,-23.52293]}},{"type":"Feature","properties":{"id":"6100558","name":"Av. Paulo Vi, 2306","lines":["209P-1","209P-10"]},"geometry":{"type":"Point","coordinates":[-46.67732,-23.54993]}},{"type":"Feature","properties":{"id":"6110837","name":"Av. Sumaré, 73","lines":["209P-1","209P-10"]},"geometry":{"type":"Point","coordinates":[-46.67709,-23.5307]}},{"type":"Feature","properties":{"id":"6114456","name":"Av. Paulo Vi, 1840","lines":["209P-1","209P-10"]},"geometry":{"type":"Point","coordinates":[-46.67684,-23.54535]}},{"type":"Feature","properties":{"id":"6114502","name":"Av. Sumaré, 78","lines":["209P-1","209P-10"]},"geometry":{"type":"Point","coordinates":[-46.67745,-23.53073]}},{"type":"Feature","properties":{"id":"6306764","name":"R. Paes Leme, 79","lines":["209P-1","209P-10","477A-10","637A-10","648P-10","809P-10"]},"geometry":{"type":"Point","coordinates":[-46.69693,-23.56765]}},{"type":"Feature","properties":{"id":"6311047","name":"R. Card. Arcoverde, 2026","lines":["209P-1","209P-10"]},"geometry":{"type":"Point","coordinates":[-46.69064,-23.56292]}},{"type":"Feature","properties":{"id":"6311297","name":"Parada 1 - Faria Lima B/C","lines":["8700-1","8700-10"]},"geometry":{"type":"Point","coordinates":[-46.69117,-23.57118]}},{"type":"Feature","properties":{"id":"6311298","name":"Parada 1 - Faria Lima C/B","lines":["8700-1","8700-10"]},"geometry":{"type":"Point","coordinates":[-46.69052,-23.57085]}},{"type":"Feature","properties":{"id":"6311317","name":"Terminal Pinheiros - Pl 7","lines":["477A-10"]},"geometry":{"type":"Point","coordinates":[-46.70187,-23.5667]}},{"type":"Feature","properties":{"id":"6311331","name":"Terminal  Pinheiros - Pl 2","lines":["637A-10"]},"geometry":{"type":"Point","coordinates":[-46.70139,-23.56658]}},{"type":"Feature","properties":{"id":"6311335","name":"Terminal Pinheiros - Pl 3","lines":["809P-10"]},"geometry":{"type":"Point","coordinates":[-46.70138,-23.5667]}},{"type":"Feature","properties":{"id":"6311341","name":"R. Card. Arcoverde","lines":["637G-10"]},"geometry":{"type":"Point","coordinates":[-46.69384,-23.5657]}},{"type":"Feature","properties":{"id":"6311344","name":"Dona Elisa Pereira De Barros","lines":["477A-10","637A-10","648P-10"]},"geometry":{"type":"Point","coordinates":[-46.68938,-23.57342]}},{"type":"Feature","properties":{"id":"6311346","name":"Dos Pinheiros","lines":["477A-10","637A-10","648P-10"]},"geometry":{"type":"Point","coordinates":[-46.6924,-23.56826]}},{"type":"Feature","properties":{"id":"6311347","name":"Diogo Moreira","lines":["637G-10"]},"geometry":{"type":"Point","coordinates":[-46.69147,-23.5697]}},{"type":"Feature","properties":{"id":"6311351","name":"Parada 2 - Ferreira De Araújo","lines":["209P-1","209P-10","477A-10","637A-10","648P-10","809P-10"]},"geometry":{"type":"Point","coordinates":[-46.69791,-23.5653]}},{"type":"Feature","properties":{"id":"6311354","name":"Parada Marina Cintra - C/B","lines":["609F-10","6200-10","6403-10","6451-10"]},"geometry":{"type":"Point","coordinates":[-46.67249,-23.57705]}},{"type":"Feature","properties":{"id":"6311355","name":"Dr. Renato Paes De Barros - C/B","lines":["609F-10","6200-10","6403-10","6451-10"]},"geometry":{"type":"Point","coordinates":[-46.67662,-23.57902]}},{"type":"Feature","properties":{"id":"6311356","name":"Parada João Cachoeira - C/B","lines":["609F-10","6200-10","6403-10","6451-10"]},"geometry":{"type":"Point","coordinates":[-46.6798,-23.5805]}},{"type":"Feature","properties":{"id":"6311357","name":"R. Card. Arcoverde","lines":["637G-10"]},"geometry":{"type":"Point","coordinates":[-46.69394,-23.56555]}},{"type":"Feature","properties":{"id":"6311362","name":"Terminal Pinheiros - Pl 1","lines":["209P-1","209P-10"]},"geometry":{"type":"Point","coordinates":[-46.70125,-23.56653]}},{"type":"Feature","properties":{"id":"6311367","name":"Terminal Pinheiros - Pl 3","lines":["648P-10"]},"geometry":{"type":"Point","coordinates":[-46.70176,-23.56611]}},{"type":"Feature","properties":{"id":"6311370","name":"Parada 2 - Eldorado C/B","lines":["809P-10","857P-10","857R-10","8700-1","8700-10"]},"geometry":{"type":"Point","coordinates":[-46.69735,-23.57171]}},{"type":"Feature","properties":{"id":"6311381","name":"R. Pe. Carvalho, 721","lines":["809P-10"]},"geometry":{"type":"Point","coordinates":[-46.6965,-23.56635]}},{"type":"Feature","properties":{"id":"6311412","name":"Viad. Paulo Vi","lines":["209P-1","209P-10"]},"geometry":{"type":"Point","coordinates":[-46.68019,-23.5546]}},{"type":"Feature","properties":{"id":"6508816","name":"Av. S. Miguel, 4833","lines":["2552-10","3301-10"]},"geometry":{"type":"Point","coordinates":[-46.48674,-23.50721]}},{"type":"Feature","properties":{"id":"6509432","name":"R. Embira, 159","lines":["208V-10"]},"geometry":{"type":"Point","coordinates":[-46.50127,-23.51307]}},{"type":"Feature","properties":{"id":"6509434","name":"R. Embira, 236","lines":["208V-10"]},"geometry":{"type":"Point","coordinates":[-46.50147,-23.51325]}},{"type":"Feature","properties":{"id":"6509527","name":"Av. S. Miguel, 3568","lines":["2552-10","3301-10"]},"geometry":{"type":"Point","coordinates":[-46.49831,-23.51024]}},{"type":"Feature","properties":{"id":"6700100","name":"Av. Dq. De Caxias, 952","lines":["5144-10"]},"geometry":{"type":"Point","coordinates":[-46.64101,-23.53566]}},{"type":"Feature","properties":{"id":"6700116","name":"Parada Joaquim Gustavo","lines":["8622-10"]},"geometry":{"type":"Point","coordinates":[-46.64227,-23.54189]}},{"type":"Feature","properties":{"id":"6700173","name":"Av. Prestes Maia, 297","lines":["175T-10","5630-10","6403-10"]},"geometry":{"type":"Point","coordinates":[-46.63465,-23.54172]}},{"type":"Feature","properties":{"id":"6700283","name":"Parada 2 - República","lines":["8700-1","8700-10"]},"geometry":{"type":"Point","coordinates":[-46.64239,-23.54397]}},{"type":"Feature","properties":{"id":"6714449","name":"Pça. Júlio Mesquita, 60","lines":["609F-10","8622-10"]},"geometry":{"type":"Point","coordinates":[-46.64253,-23.54066]}},{"type":"Feature","properties":{"id":"6714452","name":"Galeria Prestes Maia","lines":["175T-10","609F-10","7550-10"]},"geometry":{"type":"Point","coordinates":[-46.63734,-23.54647]}},{"type":"Feature","properties":{"id":"6714573","name":"R. Maria Paula, 54","lines":["6403-10"]},"geometry":{"type":"Point","coordinates":[-46.63822,-23.55233]}},{"type":"Feature","properties":{"id":"6714577","name":"R. Brig. Tobias, 557","lines":["1178-10","1178-31","175T-10"]},"geometry":{"type":"Point","coordinates":[-46.63475,-23.53846]}},{"type":"Feature","properties":{"id":"6714583","name":"R. Cons. Crispiniano, 403","lines":["8700-1","8700-10"]},"geometry":{"type":"Point","coordinates":[-46.63832,-23.54384]}},{"type":"Feature","properties":{"id":"6714584","name":"R. Brig. Tobias, 780","lines":["1178-10","1178-31","175T-10"]},"geometry":{"type":"Point","coordinates":[-46.63406,-23.53621]}},{"type":"Feature","properties":{"id":"6714586","name":"Av. S. Luís, 234","lines":["8622-10"]},"geometry":{"type":"Point","coordinates":[-46.64279,-23.54695]}},{"type":"Feature","properties":{"id":"6714590","name":"R. Cap. Mor Jerônimo Leitão, 97","lines":["5141-10"]},"geometry":{"type":"Point","coordinates":[-46.63458,-23.54131]}},{"type":"Feature","properties":{"id":"6714594","name":"Terminal Amaral Gurgel","lines":["7550-10"]},"geometry":{"type":"Point","coordinates":[-46.64799,-23.53944]}},{"type":"Feature","properties":{"id":"6714600","name":"R. Brig. Tobias, 300","lines":["1178-10","1178-31","175T-10","5107-10"]},"geometry":{"type":"Point","coordinates":[-46.63532,-23.54037]}},{"type":"Feature","properties":{"id":"6714611","name":"Parada Antônio De Godói (c-b)","lines":["8600-10","9501-10"]},"geometry":{"type":"Point","coordinates":[-46.63862,-23.54152]}},{"type":"Feature","properties":{"id":"6714612","name":"Parada Antonio De Godói (b-c)","lines":["609F-10","8600-10","9501-10"]},"geometry":{"type":"Point","coordinates":[-46.63816,-23.54231]}},{"type":"Feature","properties":{"id":"6714619","name":"R. Cap. Mor Jerônimo Leitão, 96","lines":["5107-10"]},"geometry":{"type":"Point","coordinates":[-46.63439,-23.54139]}},{"type":"Feature","properties":{"id":"6714621","name":"R. Riskallah Jorge, 50","lines":["1178-10"]},"geometry":{"type":"Point","coordinates":[-46.63489,-23.5421]}},{"type":"Feature","properties":{"id":"6714631","name":"Ponto Móvel","lines":["6505-10"]},"geometry":{"type":"Point","coordinates":[-46.63901,-23.54966]}},{"type":"Feature","properties":{"id":"6714632","name":"Pça. Da Bandeira","lines":["6403-10"]},"geometry":{"type":"Point","coordinates":[-46.63932,-23.55029]}},{"type":"Feature","properties":{"id":"6714635","name":"Al. Br. De Piracicaba, 57","lines":["5144-10"]},"geometry":{"type":"Point","coordinates":[-46.64194,-23.53545]}},{"type":"Feature","properties":{"id":"6714639","name":"Terminal Bandeira","lines":["6505-10"]},"geometry":{"type":"Point","coordinates":[-46.63934,-23.54959]}},{"type":"Feature","properties":{"id":"6807329","name":"Parada Joana Vicente De Jesus","lines":["715M-10"]},"geometry":{"type":"Point","coordinates":[-46.76077,-23.58403]}},{"type":"Feature","properties":{"id":"6807380","name":"Parada Raposo Tavares","lines":["715M-10"]},"geometry":{"type":"Point","coordinates":[-46.7586,-23.58603]}},{"type":"Feature","properties":{"id":"6807381","name":"Parada Raposo Tavares","lines":["715M-10"]},"geometry":{"type":"Point","coordinates":[-46.75857,-23.58594]}},{"type":"Feature","properties":{"id":"6807383","name":"Parada Isidoro Favaro","lines":["715M-10"]},"geometry":{"type":"Point","coordinates":[-46.76086,-23.58466]}},{"type":"Feature","properties":{"id":"6811339","name":"Av. José Felipe Da Silva, 580","lines":["715M-10"]},"geometry":{"type":"Point","coordinates":[-46.7619,-23.58326]}},{"type":"Feature","properties":{"id":"6811381","name":"Av. Eng. Heitor Antônio Eiras Garcia, 562","lines":["715M-10"]},"geometry":{"type":"Point","coordinates":[-46.74143,-23.57587]}},{"type":"Feature","properties":{"id":"6902134","name":"R. Manoel Simões, 208","lines":["475R-10"]},"geometry":{"type":"Point","coordinates":[-46.6104,-23.65301]}},{"type":"Feature","properties":{"id":"6902136","name":"R. Memorial De Aires, 42","lines":["475R-10"]},"geometry":{"type":"Point","coordinates":[-46.61236,-23.6536]}},{"type":"Feature","properties":{"id":"6905490","name":"Av. Do Cursino, 5609","lines":["5108-10"]},"geometry":{"type":"Point","coordinates":[-46.61371,-23.64897]}},{"type":"Feature","properties":{"id":"6905536","name":"R. Memorial De Aires, 421","lines":["475R-10"]},"geometry":{"type":"Point","coordinates":[-46.60987,-23.65239]}},{"type":"Feature","properties":{"id":"7000087","name":"Terminal Princesa Isabel","lines":["609F-10"]},"geometry":{"type":"Point","coordinates":[-46.6444,-23.53501]}},{"type":"Feature","properties":{"id":"7014416","name":"Angelica C/B","lines":["8622-10"]},"geometry":{"type":"Point","coordinates":[-46.65432,-23.53438]}},{"type":"Feature","properties":{"id":"7014417","name":"Angelica B/C","lines":["8622-10"]},"geometry":{"type":"Point","coordinates":[-46.6543,-23.53456]}},{"type":"Feature","properties":{"id":"7014505","name":"Parada Rudge B/C","lines":["8600-10","9501-10"]},"geometry":{"type":"Point","coordinates":[-46.64979,-23.52464]}},{"type":"Feature","properties":{"id":"7014506","name":"R. Dos Guaianases, 673","lines":["609F-10"]},"geometry":{"type":"Point","coordinates":[-46.64425,-23.53572]}},{"type":"Feature","properties":{"id":"7014516","name":"Al. Nothmann, 184","lines":["5144-10"]},"geometry":{"type":"Point","coordinates":[-46.64357,-23.53091]}},{"type":"Feature","properties":{"id":"7014520","name":"Al. Br. De Piracicaba, 274","lines":["5144-10"]},"geometry":{"type":"Point","coordinates":[-46.6431,-23.53388]}},{"type":"Feature","properties":{"id":"7014522","name":"Al. Nothmann, 380","lines":["5144-10"]},"geometry":{"type":"Point","coordinates":[-46.64534,-23.53195]}},{"type":"Feature","properties":{"id":"7113164","name":"R. Ezequiel Freire, 77","lines":["175T-10"]},"geometry":{"type":"Point","coordinates":[-46.62372,-23.50561]}},{"type":"Feature","properties":{"id":"7203067","name":"Parada 1 - Vitor Manzini C/B","lines":["5370-10","637G-10","675X-10","6913-10","6913-21","6960-10","6970-10"]},"geometry":{"type":"Point","coordinates":[-46.70672,-23.66245]}},{"type":"Feature","properties":{"id":"7203263","name":"Barão De Cotegipe C/B","lines":["5318-10","6455-10","675I-10"]},"geometry":{"type":"Point","coordinates":[-46.69832,-23.64025]}},{"type":"Feature","properties":{"id":"7203277","name":"Parada 1 - Sabesp (B/C)","lines":["637G-10","675I-10"]},"geometry":{"type":"Point","coordinates":[-46.69398,-23.63548]}},{"type":"Feature","properties":{"id":"7203285","name":"Américo Brasiliense C/B","lines":["5111-10","637G-10","6505-10","6913-10","6913-21","7550-10"]},"geometry":{"type":"Point","coordinates":[-46.69543,-23.63602]}},{"type":"Feature","properties":{"id":"7203286","name":"Américo Brasiliense C/B","lines":["5318-10","675I-10"]},"geometry":{"type":"Point","coordinates":[-46.69585,-23.63637]}},{"type":"Feature","properties":{"id":"7206633","name":"Parada 2 - Vitor Manzini C/B","lines":["5391-10","6505-10","675K-10","737A-10"]},"geometry":{"type":"Point","coordinates":[-46.70712,-23.66287]}},{"type":"Feature","properties":{"id":"7206770","name":"R. Verbo Divino, 1061","lines":["5318-10"]},"geometry":{"type":"Point","coordinates":[-46.7065,-23.63277]}},{"type":"Feature","properties":{"id":"7206780","name":"Nove De Julho","lines":["5300-10","5370-10","5391-10","675K-10","675X-10"]},"geometry":{"type":"Point","coordinates":[-46.70026,-23.64459]}},{"type":"Feature","properties":{"id":"7206789","name":"Av. Das Nações Unidas, 17955","lines":["6200-10","637A-10","677A-10"]},"geometry":{"type":"Point","coordinates":[-46.72471,-23.64868]}},{"type":"Feature","properties":{"id":"7206792","name":"R. Br. Do Rio Branco, 917","lines":["6001-10","6048-10","807A-10"]},"geometry":{"type":"Point","coordinates":[-46.71031,-23.64722]}},{"type":"Feature","properties":{"id":"7206796","name":"R. João Alfredo, 503","lines":["5370-10","637G-10","675X-10"]},"geometry":{"type":"Point","coordinates":[-46.70393,-23.65931]}},{"type":"Feature","properties":{"id":"7206836","name":"Parada 1","lines":["5630-10","695X-10"]},"geometry":{"type":"Point","coordinates":[-46.67361,-23.64512]}},{"type":"Feature","properties":{"id":"7206842","name":"Parada 1 - Vitor Manzini B/C","lines":["5391-10","6505-10","675K-10","737A-10"]},"geometry":{"type":"Point","coordinates":[-46.70719,-23.66293]}},{"type":"Feature","properties":{"id":"7206843","name":"Suzana Rodrigues - Plataforma Lateral","lines":["6913-10","6913-21","6960-10","6970-10"]},"geometry":{"type":"Point","coordinates":[-46.70774,-23.6559]}},{"type":"Feature","properties":{"id":"7206849","name":"São José","lines":["5111-10","637G-10","6505-10","6913-10","6913-21","7550-10"]},"geometry":{"type":"Point","coordinates":[-46.70139,-23.64614]}},{"type":"Feature","properties":{"id":"7206860","name":"Al. Sto. Amaro, 315","lines":["6505-10","6913-10","6913-21"]},"geometry":{"type":"Point","coordinates":[-46.70645,-23.65628]}},{"type":"Feature","properties":{"id":"7206861","name":"Al. Sto. Amaro, 169","lines":["5391-10","675K-10"]},"geometry":{"type":"Point","coordinates":[-46.7068,-23.65492]}},{"type":"Feature","properties":{"id":"7206863","name":"Parada 1 - Estação Adolfo Pinheiro","lines":["5111-10","6505-10","6913-10","6913-21","7550-10","807A-10"]},"geometry":{"type":"Point","coordinates":[-46.70389,-23.64988]}},{"type":"Feature","properties":{"id":"7206864","name":"Parada 2 - Estação Adolfo Pinheiro","lines":["5300-10","5391-10","675K-10"]},"geometry":{"type":"Point","coordinates":[-46.70346,-23.64918]}},{"type":"Feature","properties":{"id":"7206866","name":"Al. Sto. Amaro, 370","lines":["737A-10"]},"geometry":{"type":"Point","coordinates":[-46.70642,-23.65649]}},{"type":"Feature","properties":{"id":"7206873","name":"Parada Pça. Andrea Doria","lines":["5370-10","637G-10","675X-10"]},"geometry":{"type":"Point","coordinates":[-46.70108,-23.65718]}},{"type":"Feature","properties":{"id":"7206886","name":"R. Isabel Schmidt, 78","lines":["5370-10","637G-10","675X-10"]},"geometry":{"type":"Point","coordinates":[-46.70495,-23.65051]}},{"type":"Feature","properties":{"id":"7206891","name":"Av. Mário Lopes Leão, 120","lines":["5111-10","5300-10","5391-10","6505-10","675K-10","6913-10","6913-21","7550-10"]},"geometry":{"type":"Point","coordinates":[-46.70698,-23.65037]}},{"type":"Feature","properties":{"id":"7206892","name":"Al. Sto. Amaro, 88","lines":["737A-10"]},"geometry":{"type":"Point","coordinates":[-46.70689,-23.6545]}},{"type":"Feature","properties":{"id":"7206893","name":"Estação De Transf.washington Luis","lines":["516N-10","607C-10"]},"geometry":{"type":"Point","coordinates":[-46.67353,-23.64301]}},{"type":"Feature","properties":{"id":"7206903","name":"R. Dr. Audisio De Alencar","lines":["477A-10"]},"geometry":{"type":"Point","coordinates":[-46.60334,-23.60382]}},{"type":"Feature","properties":{"id":"7206906","name":"Av. Adolfo Pinheiro, 96","lines":["5300-10","5391-10","675K-10"]},"geometry":{"type":"Point","coordinates":[-46.70533,-23.65178]}},{"type":"Feature","properties":{"id":"7206907","name":"Lgo. Treze De Maio, 510","lines":["5111-10","6505-10","6913-10","6913-21","7550-10","807A-10"]},"geometry":{"type":"Point","coordinates":[-46.70594,-23.65268]}},{"type":"Feature","properties":{"id":"7206910","name":"Av. Pe. José Maria","lines":["5111-10","5300-10","6001-10","737A-10","807A-10"]},"geometry":{"type":"Point","coordinates":[-46.71139,-23.65389]}},{"type":"Feature","properties":{"id":"7206931","name":"Tjd Plat. 4 - Lateral","lines":["6001-10","6048-10","6455-10","648P-10","807A-10"]},"geometry":{"type":"Point","coordinates":[-46.73375,-23.64417]}},{"type":"Feature","properties":{"id":"7206935","name":"Parada Bragança Paulista B/C","lines":["5318-10"]},"geometry":{"type":"Point","coordinates":[-46.71582,-23.64186]}},{"type":"Feature","properties":{"id":"7206936","name":"Parada Bragança Paulista C/B","lines":["648P-10"]},"geometry":{"type":"Point","coordinates":[-46.716,-23.64269]}},{"type":"Feature","properties":{"id":"7206937","name":"Parada 2 - Sabesp (B/C)","lines":["5111-10","6505-10","6913-10","6913-21","7550-10"]},"geometry":{"type":"Point","coordinates":[-46.69345,-23.635]}},{"type":"Feature","properties":{"id":"7206941","name":"Av. Das Nações Unidas, 14401","lines":["609F-10","6200-10","637A-10","6403-10","6451-10","677A-10"]},"geometry":{"type":"Point","coordinates":[-46.70366,-23.62382]}},{"type":"Feature","properties":{"id":"7206949","name":"Parada João Doria C/B","lines":["648P-10"]},"geometry":{"type":"Point","coordinates":[-46.70004,-23.62394]}},{"type":"Feature","properties":{"id":"7206950","name":"Eng. Mesquita Sampaio - C/B","lines":["648P-10"]},"geometry":{"type":"Point","coordinates":[-46.70446,-23.62679]}},{"type":"Feature","properties":{"id":"7206951","name":"Eng. Mesquita Sampaio - B/C","lines":["648P-10"]},"geometry":{"type":"Point","coordinates":[-46.70422,-23.62696]}},{"type":"Feature","properties":{"id":"7206952","name":"Parada Alceu Maynard- C/B","lines":["648P-10"]},"geometry":{"type":"Point","coordinates":[-46.71516,-23.63632]}},{"type":"Feature","properties":{"id":"7206953","name":"Parada Alceu Maynard- B/C","lines":["5318-10"]},"geometry":{"type":"Point","coordinates":[-46.71476,-23.63606]}},{"type":"Feature","properties":{"id":"7206968","name":"Parada 1 - Granja Julieta C/B","lines":["5111-10","5300-10","5391-10","6505-10","675K-10","6913-10","6913-21","7550-10"]},"geometry":{"type":"Point","coordinates":[-46.70079,-23.64351]}},{"type":"Feature","properties":{"id":"7206970","name":"Av. Das Nações Unidas, 12901","lines":["609F-10","6200-10","637A-10","6403-10","6451-10"]},"geometry":{"type":"Point","coordinates":[-46.69805,-23.61115]}},{"type":"Feature","properties":{"id":"7206971","name":"Av. Das Nações Unidas, 18801","lines":["6200-10"]},"geometry":{"type":"Point","coordinates":[-46.72148,-23.65277]}},{"type":"Feature","properties":{"id":"7206980","name":"Tjd Plat. 1 - Pmd 1 (lateral - Sent. Bairro)","lines":["6001-10","6048-10","6455-10","648P-10","807A-10"]},"geometry":{"type":"Point","coordinates":[-46.73387,-23.64351]}},{"type":"Feature","properties":{"id":"7206981","name":"Pça. Floriano Peixoto, 471","lines":["6001-10"]},"geometry":{"type":"Point","coordinates":[-46.70796,-23.65095]}},{"type":"Feature","properties":{"id":"7206994","name":"R. S. José, 49","lines":["807A-10"]},"geometry":{"type":"Point","coordinates":[-46.70253,-23.64495]}},{"type":"Feature","properties":{"id":"7206995","name":"Estação João Dias","lines":["609F-10","6200-10","637A-10","6403-10","6451-10","677A-10"]},"geometry":{"type":"Point","coordinates":[-46.72353,-23.64073]}},{"type":"Feature","properties":{"id":"7206999","name":"R. Antônio De Oliveira, 86","lines":["5318-10","648P-10"]},"geometry":{"type":"Point","coordinates":[-46.70679,-23.63135]}},{"type":"Feature","properties":{"id":"7207008","name":"R. Alexandre Dumas, 2091","lines":["5318-10","648P-10"]},"geometry":{"type":"Point","coordinates":[-46.71032,-23.6285]}},{"type":"Feature","properties":{"id":"7207010","name":"R. Alexandre Dumas, 1901","lines":["5318-10","648P-10"]},"geometry":{"type":"Point","coordinates":[-46.70858,-23.62959]}},{"type":"Feature","properties":{"id":"7207011","name":"R. Paul Valéry, 255","lines":["648P-10"]},"geometry":{"type":"Point","coordinates":[-46.71078,-23.63341]}},{"type":"Feature","properties":{"id":"7313937","name":"R. Inácio Luís Da Costa, 2138","lines":["8050-10","8622-10"]},"geometry":{"type":"Point","coordinates":[-46.74205,-23.50744]}},{"type":"Feature","properties":{"id":"7313967","name":"R. Jair Afonso Inácio, 550","lines":["8050-10","8622-10"]},"geometry":{"type":"Point","coordinates":[-46.75362,-23.50269]}},{"type":"Feature","properties":{"id":"7404832","name":"Av. Sapopemba, 4645","lines":["3141-10","5141-10","5144-10"]},"geometry":{"type":"Point","coordinates":[-46.54523,-23.57815]}},{"type":"Feature","properties":{"id":"7404869","name":"Av. Prof. Luiz Ignácio Anhaia Mello, 3443","lines":["5110-24","5143-10"]},"geometry":{"type":"Point","coordinates":[-46.56107,-23.58171]}},{"type":"Feature","properties":{"id":"7404880","name":"Av. Vila Ema, 2335","lines":["3390-10"]},"geometry":{"type":"Point","coordinates":[-46.55415,-23.58149]}},{"type":"Feature","properties":{"id":"7404936","name":"Av. Vila Ema, 3215","lines":["3390-10"]},"geometry":{"type":"Point","coordinates":[-46.54657,-23.58461]}},{"type":"Feature","properties":{"id":"7404949","name":"Av. Vila Ema, 3881","lines":["3390-10"]},"geometry":{"type":"Point","coordinates":[-46.54266,-23.58931]}},{"type":"Feature","properties":{"id":"7405465","name":"Av. Prof. Luiz Ignácio Anhaia Mello, 5358","lines":["5110-24","5143-10"]},"geometry":{"type":"Point","coordinates":[-46.54473,-23.58898]}},{"type":"Feature","properties":{"id":"7405468","name":"Av. Prof. Luiz Ignácio Anhaia Mello, 4130","lines":["5110-24","5143-10"]},"geometry":{"type":"Point","coordinates":[-46.55414,-23.58284]}},{"type":"Feature","properties":{"id":"7405513","name":"Av. Prof. Luiz Ignácio Anhaia Mello, 6400","lines":["5110-24","5143-10"]},"geometry":{"type":"Point","coordinates":[-46.53767,-23.59565]}},{"type":"Feature","properties":{"id":"7405514","name":"Av. Prof. Luiz Ignácio Anhaia Mello, 5341","lines":["5110-24","5143-10"]},"geometry":{"type":"Point","coordinates":[-46.54444,-23.5889]}},{"type":"Feature","properties":{"id":"7405515","name":"Av. Prof. Luiz Ignácio Anhaia Mello, 7720","lines":["5110-24","5143-10"]},"geometry":{"type":"Point","coordinates":[-46.52717,-23.60108]}},{"type":"Feature","properties":{"id":"7405524","name":"Av. Vila Ema, 1899","lines":["3390-10"]},"geometry":{"type":"Point","coordinates":[-46.55838,-23.58075]}},{"type":"Feature","properties":{"id":"7405538","name":"Av. Prof. Luiz Ignácio Anhaia Mello, 4627","lines":["5110-24","5143-10"]},"geometry":{"type":"Point","coordinates":[-46.54882,-23.58473]}},{"type":"Feature","properties":{"id":"7504177","name":"Av. Aricanduva, 9254","lines":["4210-10","4311-10","4313-10"]},"geometry":{"type":"Point","coordinates":[-46.46794,-23.59322]}},{"type":"Feature","properties":{"id":"7504180","name":"Av. Aricanduva, 12771","lines":["4210-10","4311-10","4313-10"]},"geometry":{"type":"Point","coordinates":[-46.4653,-23.59544]}},{"type":"Feature","properties":{"id":"7504705","name":"Av. Da Barreira Grande, 3333","lines":["3746-10"]},"geometry":{"type":"Point","coordinates":[-46.50531,-23.5906]}},{"type":"Feature","properties":{"id":"7504710","name":"Av. Luís Pires De Minas, 77","lines":["3746-10"]},"geometry":{"type":"Point","coordinates":[-46.50262,-23.59348]}},{"type":"Feature","properties":{"id":"7504781","name":"Av. Ragueb Chohfi, 1835","lines":["354M-10","4210-10","4313-10"]},"geometry":{"type":"Point","coordinates":[-46.46497,-23.59847]}},{"type":"Feature","properties":{"id":"7504818","name":"Av. Sapopemba, 12742","lines":["3141-10","3390-10","5110-24"]},"geometry":{"type":"Point","coordinates":[-46.48501,-23.6104]}},{"type":"Feature","properties":{"id":"7504885","name":"Av. Sapopemba, 13309","lines":["5110-24"]},"geometry":{"type":"Point","coordinates":[-46.47988,-23.61259]}},{"type":"Feature","properties":{"id":"7504917","name":"Av. Sapopemba, 13538","lines":["3141-10","3390-10","5110-24"]},"geometry":{"type":"Point","coordinates":[-46.4775,-23.61256]}},{"type":"Feature","properties":{"id":"7504925","name":"Av. Ragueb Chohfi, 2110","lines":["354M-10","4210-10","4313-10"]},"geometry":{"type":"Point","coordinates":[-46.46426,-23.59874]}},{"type":"Feature","properties":{"id":"7504931","name":"Av. Ragueb Chohfi, 2301","lines":["354M-10","4210-10","4313-10"]},"geometry":{"type":"Point","coordinates":[-46.46336,-23.5983]}},{"type":"Feature","properties":{"id":"7504949","name":"Av. Ragueb Chohfi, 1641","lines":["354M-10","4311-10"]},"geometry":{"type":"Point","coordinates":[-46.46906,-23.59887]}},{"type":"Feature","properties":{"id":"7504966","name":"Av. Luís Pires De Minas, 488","lines":["3746-10"]},"geometry":{"type":"Point","coordinates":[-46.50115,-23.59038]}},{"type":"Feature","properties":{"id":"7504985","name":"Av. Aricanduva, 11200","lines":["4210-10","4311-10","4313-10"]},"geometry":{"type":"Point","coordinates":[-46.47418,-23.59279]}},{"type":"Feature","properties":{"id":"7504986","name":"Av. Aricanduva, 11094","lines":["4210-10","4311-10","4313-10"]},"geometry":{"type":"Point","coordinates":[-46.47636,-23.59154]}},{"type":"Feature","properties":{"id":"7504989","name":"Av. Aricanduva, 13000","lines":["4210-10","4311-10","4313-10"]},"geometry":{"type":"Point","coordinates":[-46.46703,-23.59695]}},{"type":"Feature","properties":{"id":"7504994","name":"Av. Aricanduva, 12373","lines":["4210-10","4311-10","4313-10"]},"geometry":{"type":"Point","coordinates":[-46.46767,-23.59265]}},{"type":"Feature","properties":{"id":"7608514","name":"R. Cândida De Carvalho, 125","lines":["2582-10"]},"geometry":{"type":"Point","coordinates":[-46.44165,-23.51163]}},{"type":"Feature","properties":{"id":"7608516","name":"R. João Vieira, 52","lines":["2582-10"]},"geometry":{"type":"Point","coordinates":[-46.44322,-23.51161]}},{"type":"Feature","properties":{"id":"7608527","name":"Av. Pires Do Rio, 799","lines":["2582-10"]},"geometry":{"type":"Point","coordinates":[-46.44273,-23.50365]}},{"type":"Feature","properties":{"id":"7608528","name":"R. João Candido Vieira, 263","lines":["354M-10"]},"geometry":{"type":"Point","coordinates":[-46.44569,-23.50332]}},{"type":"Feature","properties":{"id":"7612067","name":"R. Salvador De Medeiros, 404","lines":["2552-10"]},"geometry":{"type":"Point","coordinates":[-46.44051,-23.49117]}},{"type":"Feature","properties":{"id":"7612095","name":"Pça. Pe. Aleixo Monteiro Mafra, 139","lines":["1178-10","1178-31","2582-10","3301-10"]},"geometry":{"type":"Point","coordinates":[-46.44586,-23.49106]}},{"type":"Feature","properties":{"id":"7612100","name":"Terminal S. Miguel - Plat 04","lines":["3301-10"]},"geometry":{"type":"Point","coordinates":[-46.43517,-23.4915]}},{"type":"Feature","properties":{"id":"7612140","name":"Av. Dr. José Artur Nova","lines":["2552-10"]},"geometry":{"type":"Point","coordinates":[-46.43688,-23.4901]}},{"type":"Feature","properties":{"id":"7612143","name":"Av. Nordestina, 2450","lines":["2582-10"]},"geometry":{"type":"Point","coordinates":[-46.43544,-23.512]}},{"type":"Feature","properties":{"id":"7612145","name":"Pça. Antônio Assis Pereira, 1040","lines":["1178-10"]},"geometry":{"type":"Point","coordinates":[-46.43318,-23.50436]}},{"type":"Feature","properties":{"id":"7612160","name":"Terminal S. Miguel - Plat 02","lines":["354M-10"]},"geometry":{"type":"Point","coordinates":[-46.43495,-23.49172]}},{"type":"Feature","properties":{"id":"7612162","name":"R. João José Rodrigues, 31","lines":["1178-31"]},"geometry":{"type":"Point","coordinates":[-46.452,-23.49318]}},{"type":"Feature","properties":{"id":"7612163","name":"R. João José Rodrigues, 133","lines":["1178-31"]},"geometry":{"type":"Point","coordinates":[-46.45186,-23.49309]}},{"type":"Feature","properties":{"id":"7612168","name":"R. João Candido Vieira, 438","lines":["354M-10"]},"geometry":{"type":"Point","coordinates":[-46.44743,-23.50307]}},{"type":"Feature","properties":{"id":"7612185","name":"Pça. Antônio Assis Pereira, 0","lines":["1178-31"]},"geometry":{"type":"Point","coordinates":[-46.4332,-23.50424]}},{"type":"Feature","properties":{"id":"7612187","name":"R. Cândida De Carvalho, 278","lines":["2582-10"]},"geometry":{"type":"Point","coordinates":[-46.44015,-23.51115]}},{"type":"Feature","properties":{"id":"7612190","name":"Av. Jacu-pêssego/nova Trabalhadores","lines":["354M-10"]},"geometry":{"type":"Point","coordinates":[-46.45799,-23.52533]}},{"type":"Feature","properties":{"id":"7612191","name":"Av. Jacu-pêssego/nova Trabalhadores","lines":["354M-10"]},"geometry":{"type":"Point","coordinates":[-46.4559,-23.52048]}},{"type":"Feature","properties":{"id":"7612193","name":"Av. Jacu-pêssego/nova Trabalhadores","lines":["354M-10"]},"geometry":{"type":"Point","coordinates":[-46.44642,-23.54653]}},{"type":"Feature","properties":{"id":"7612195","name":"Av. Jacu-pêssego/nova Trabalhadores","lines":["354M-10"]},"geometry":{"type":"Point","coordinates":[-46.44575,-23.55756]}},{"type":"Feature","properties":{"id":"7612196","name":"Av. Nordestina, 2204","lines":["2582-10"]},"geometry":{"type":"Point","coordinates":[-46.43715,-23.5114]}},{"type":"Feature","properties":{"id":"7612197","name":"R. Cândida De Carvalho, 42","lines":["2582-10"]},"geometry":{"type":"Point","coordinates":[-46.43901,-23.51043]}},{"type":"Feature","properties":{"id":"7612198","name":"R. Cândida De Carvalho, 514","lines":["2582-10"]},"geometry":{"type":"Point","coordinates":[-46.4383,-23.51015]}},{"type":"Feature","properties":{"id":"7704174","name":"Av. Jacu-pêssego/nova Trabalhadores, 1134","lines":["354M-10"]},"geometry":{"type":"Point","coordinates":[-46.45584,-23.52212]}},{"type":"Feature","properties":{"id":"7804302","name":"Av. Vila Ema, 5752","lines":["3390-10"]},"geometry":{"type":"Point","coordinates":[-46.52792,-23.59652]}},{"type":"Feature","properties":{"id":"7804345","name":"Av. Prof. Luiz Ignácio Anhaia Mello, 8648","lines":["5110-24","5143-10"]},"geometry":{"type":"Point","coordinates":[-46.51936,-23.60271]}},{"type":"Feature","properties":{"id":"7804361","name":"Av. Sapopemba, 9183","lines":["3141-10","3390-10","5141-10","5144-10"]},"geometry":{"type":"Point","coordinates":[-46.51208,-23.60058]}},{"type":"Feature","properties":{"id":"7804405","name":"R. Milton Da Cruz, 0","lines":["5143-10"]},"geometry":{"type":"Point","coordinates":[-46.50798,-23.60703]}},{"type":"Feature","properties":{"id":"7805125","name":"Av. Prof. Luiz Ignácio Anhaia Mello, 7907","lines":["5110-24","5143-10"]},"geometry":{"type":"Point","coordinates":[-46.52552,-23.60164]}},{"type":"Feature","properties":{"id":"7805159","name":"Av. Da Barreira Grande, 3050","lines":["3746-10"]},"geometry":{"type":"Point","coordinates":[-46.50787,-23.58977]}},{"type":"Feature","properties":{"id":"7805169","name":"Av. Prof. Luiz Ignácio Anhaia Mello, 9417","lines":["5110-24","5143-10"]},"geometry":{"type":"Point","coordinates":[-46.51204,-23.60349]}},{"type":"Feature","properties":{"id":"7805205","name":"Av. Prof. Luiz Ignácio Anhaia Mello, 7889","lines":["5110-24","5143-10"]},"geometry":{"type":"Point","coordinates":[-46.52728,-23.60061]}},{"type":"Feature","properties":{"id":"7805206","name":"Av. Prof. Luiz Ignácio Anhaia Mello, 9123","lines":["5110-24","5143-10"]},"geometry":{"type":"Point","coordinates":[-46.51585,-23.60275]}},{"type":"Feature","properties":{"id":"7805207","name":"Av. Prof. Luiz Ignácio Anhaia Mello, 9078","lines":["5110-24","5143-10"]},"geometry":{"type":"Point","coordinates":[-46.51573,-23.60308]}},{"type":"Feature","properties":{"id":"7805214","name":"Av. Sapopemba, 9820","lines":["3141-10","3390-10","5110-24","5141-10","5144-10"]},"geometry":{"type":"Point","coordinates":[-46.5077,-23.60673]}},{"type":"Feature","properties":{"id":"7805237","name":"Av. Sapopemba, 11000","lines":["3141-10","3390-10","5110-24","5141-10","5143-10","5144-10"]},"geometry":{"type":"Point","coordinates":[-46.50296,-23.61425]}},{"type":"Feature","properties":{"id":"7805241","name":"Estação Fazenda Da Juta - Monotrilho","lines":["3141-10","3390-10","5110-24"]},"geometry":{"type":"Point","coordinates":[-46.4863,-23.61044]}},{"type":"Feature","properties":{"id":"7805242","name":"Av. Sapopemba, 10711","lines":["3141-10","3390-10","5110-24","5141-10","5143-10","5144-10"]},"geometry":{"type":"Point","coordinates":[-46.50397,-23.61047]}},{"type":"Feature","properties":{"id":"7805246","name":"Av. Da Barreira Grande, 1537","lines":["3746-10"]},"geometry":{"type":"Point","coordinates":[-46.52057,-23.5848]}},{"type":"Feature","properties":{"id":"7805249","name":"Av. Prof. Luiz Ignácio Anhaia Mello, 8089","lines":["5110-24","5143-10"]},"geometry":{"type":"Point","coordinates":[-46.52318,-23.60194]}},{"type":"Feature","properties":{"id":"7805257","name":"Av. Sapopemba, 8058","lines":["3141-10","3390-10","5141-10","5144-10"]},"geometry":{"type":"Point","coordinates":[-46.52258,-23.59803]}},{"type":"Feature","properties":{"id":"7805264","name":"R. Cristovão De Vasconcelos, 156","lines":["5141-10","5143-10","5144-10"]},"geometry":{"type":"Point","coordinates":[-46.50012,-23.61482]}},{"type":"Feature","properties":{"id":"7905780","name":"Av. Jabaquara, 79","lines":["475R-10"]},"geometry":{"type":"Point","coordinates":[-46.63679,-23.60488]}},{"type":"Feature","properties":{"id":"7905909","name":"R. Jacopo Bellini, 94","lines":["475R-10"]},"geometry":{"type":"Point","coordinates":[-46.62863,-23.6217]}},{"type":"Feature","properties":{"id":"7906225","name":"Av. Fagundes Filho, 1080","lines":["475R-10"]},"geometry":{"type":"Point","coordinates":[-46.63103,-23.6263]}},{"type":"Feature","properties":{"id":"7906243","name":"Av. Miguel Estefno, 967","lines":["475R-10"]},"geometry":{"type":"Point","coordinates":[-46.63043,-23.62202]}},{"type":"Feature","properties":{"id":"7906245","name":"Parada 2 - Metrô Saúde","lines":["475R-10"]},"geometry":{"type":"Point","coordinates":[-46.63949,-23.61911]}},{"type":"Feature","properties":{"id":"7906251","name":"Av. Fagundes Filho, 134","lines":["475R-10"]},"geometry":{"type":"Point","coordinates":[-46.63991,-23.62693]}},{"type":"Feature","properties":{"id":"7906252","name":"Av. Jabaquara, 1001","lines":["475R-10"]},"geometry":{"type":"Point","coordinates":[-46.63795,-23.61322]}},{"type":"Feature","properties":{"id":"7906254","name":"Av. Indianópolis, 1659","lines":["675I-10"]},"geometry":{"type":"Point","coordinates":[-46.65055,-23.61278]}},{"type":"Feature","properties":{"id":"8000223","name":"Ac. Acesso, 316","lines":["5107-10","5630-10"]},"geometry":{"type":"Point","coordinates":[-46.62687,-23.54326]}},{"type":"Feature","properties":{"id":"8000224","name":"Av. Mercúrio, 180","lines":["5141-10","6403-10"]},"geometry":{"type":"Point","coordinates":[-46.62699,-23.54332]}},{"type":"Feature","properties":{"id":"8000338","name":"R. Frederico Alvarenga, 102","lines":["5107-10","5141-10"]},"geometry":{"type":"Point","coordinates":[-46.6294,-23.55022]}},{"type":"Feature","properties":{"id":"8000341","name":"R. Frederico Alvarenga, 316","lines":["5107-10","5141-10"]},"geometry":{"type":"Point","coordinates":[-46.62807,-23.55159]}},{"type":"Feature","properties":{"id":"8010019","name":"Parada 3 - Rua Senador Feijó","lines":["475R-10","5300-10"]},"geometry":{"type":"Point","coordinates":[-46.63452,-23.55072]}},{"type":"Feature","properties":{"id":"8010156","name":"Catedral Da Sé","lines":["475R-10","5111-10","6403-10"]},"geometry":{"type":"Point","coordinates":[-46.63358,-23.55226]}},{"type":"Feature","properties":{"id":"8010157","name":"Sé / Bombeiros","lines":["5108-10","5300-10"]},"geometry":{"type":"Point","coordinates":[-46.63255,-23.55182]}},{"type":"Feature","properties":{"id":"8010162","name":"Pça. Carlos Gomes, 73","lines":["5178-10"]},"geometry":{"type":"Point","coordinates":[-46.63566,-23.55352]}},{"type":"Feature","properties":{"id":"8010173","name":"R. Benjamim Constant, 187","lines":["5318-10"]},"geometry":{"type":"Point","coordinates":[-46.63587,-23.54972]}},{"type":"Feature","properties":{"id":"8010176","name":"Terminal Parque Dom Pedro II - Plat 01, 0","lines":["5300-10"]},"geometry":{"type":"Point","coordinates":[-46.63001,-23.54772]}},{"type":"Feature","properties":{"id":"8010178","name":"Terminal Parque Dom Pedro II - Plat 02, 0","lines":["3301-10"]},"geometry":{"type":"Point","coordinates":[-46.63086,-23.54632]}},{"type":"Feature","properties":{"id":"8010181","name":"Terminal Parque Dom Pedro II - Plat 01, 0","lines":["5111-10"]},"geometry":{"type":"Point","coordinates":[-46.62979,-23.54804]}},{"type":"Feature","properties":{"id":"8010186","name":"Pça. Carlos Gomes, 153","lines":["5178-10"]},"geometry":{"type":"Point","coordinates":[-46.63571,-23.55423]}},{"type":"Feature","properties":{"id":"8010187","name":"R. Quintino Bocaiuva, 201","lines":["5318-10"]},"geometry":{"type":"Point","coordinates":[-46.63526,-23.5505]}},{"type":"Feature","properties":{"id":"8010207","name":"Pq. D. Pedro II, 766","lines":["4310-10"]},"geometry":{"type":"Point","coordinates":[-46.63033,-23.5476]}},{"type":"Feature","properties":{"id":"8010212","name":"Av. Sen. Queiros, 595","lines":["5107-10","5141-10","5630-10","6403-10"]},"geometry":{"type":"Point","coordinates":[-46.63056,-23.53997]}},{"type":"Feature","properties":{"id":"8010213","name":"Viad. Mie Ken","lines":["715M-10"]},"geometry":{"type":"Point","coordinates":[-46.63419,-23.55661]}},{"type":"Feature","properties":{"id":"8010224","name":"Lgo. S. Francisco, 133","lines":["5370-10","5391-10"]},"geometry":{"type":"Point","coordinates":[-46.63678,-23.54959]}},{"type":"Feature","properties":{"id":"8010228","name":"Pq. D. Pedro II","lines":["5107-10","5141-10"]},"geometry":{"type":"Point","coordinates":[-46.63166,-23.54611]}},{"type":"Feature","properties":{"id":"8101782","name":"Av. Interlagos, 5420","lines":["5630-10","695X-10"]},"geometry":{"type":"Point","coordinates":[-46.69842,-23.69192]}},{"type":"Feature","properties":{"id":"8103045","name":"Av. De Pinedo, 168","lines":["5370-10","637G-10","675X-10"]},"geometry":{"type":"Point","coordinates":[-46.7131,-23.6674]}},{"type":"Feature","properties":{"id":"8103189","name":"R. Olivia Guedes Penteado, 263","lines":["5370-10","637G-10","675X-10"]},"geometry":{"type":"Point","coordinates":[-46.71178,-23.66943]}},{"type":"Feature","properties":{"id":"8103205","name":"Parada 1 - Largo Do Socorro C/B","lines":["6960-10","6970-10"]},"geometry":{"type":"Point","coordinates":[-46.71206,-23.66827]}},{"type":"Feature","properties":{"id":"8103206","name":"Parada 2 - Largo Do Socorro C/B","lines":["6913-10","6913-21"]},"geometry":{"type":"Point","coordinates":[-46.71205,-23.66876]}},{"type":"Feature","properties":{"id":"8209765","name":"R. Melo Freire, 3216","lines":["4310-10","4311-10","4313-10"]},"geometry":{"type":"Point","coordinates":[-46.57021,-23.53932]}},{"type":"Feature","properties":{"id":"8209782","name":"Parada Metrô Tatuapé","lines":["4310-10","4311-10","4313-10"]},"geometry":{"type":"Point","coordinates":[-46.57603,-23.54053]}},{"type":"Feature","properties":{"id":"8210206","name":"R. Melo Freire","lines":["4310-10","4311-10","4313-10"]},"geometry":{"type":"Point","coordinates":[-46.56503,-23.53813]}},{"type":"Feature","properties":{"id":"8210236","name":"Parada 2","lines":["4311-10","4313-10"]},"geometry":{"type":"Point","coordinates":[-46.55834,-23.53707]}},{"type":"Feature","properties":{"id":"8210237","name":"Parada 1/3 - Hosp. Munic. Tatuapé","lines":["4210-10"]},"geometry":{"type":"Point","coordinates":[-46.56642,-23.53382]}},{"type":"Feature","properties":{"id":"8210256","name":"Parada 1/2/3 - Retiro","lines":["208V-10","2552-10","2582-10","3301-10"]},"geometry":{"type":"Point","coordinates":[-46.5559,-23.53032]}},{"type":"Feature","properties":{"id":"8210278","name":"R. Antônio De Barros, 417","lines":["4210-10"]},"geometry":{"type":"Point","coordinates":[-46.55924,-23.53391]}},{"type":"Feature","properties":{"id":"8210282","name":"R. Cesário Galero, 272","lines":["4210-10"]},"geometry":{"type":"Point","coordinates":[-46.56036,-23.5345]}},{"type":"Feature","properties":{"id":"8210286","name":"Av. Celso Garcia, 3165","lines":["208V-10","2552-10","2582-10","3301-10","4210-10"]},"geometry":{"type":"Point","coordinates":[-46.58231,-23.53517]}},{"type":"Feature","properties":{"id":"8210289","name":"Parada Exclusiva 4310-10","lines":["4310-10"]},"geometry":{"type":"Point","coordinates":[-46.57564,-23.54075]}},{"type":"Feature","properties":{"id":"8503345","name":"Av. Giovanni Gronchi, 6140","lines":["5119-10"]},"geometry":{"type":"Point","coordinates":[-46.73706,-23.63333]}},{"type":"Feature","properties":{"id":"8506709","name":"Av. Giovanni Gronchi, 6195","lines":["5119-10"]},"geometry":{"type":"Point","coordinates":[-46.7369,-23.63268]}},{"type":"Feature","properties":{"id":"8506727","name":"Av. Mj. Sylvio De Magalhães Padilha, 14500","lines":["609F-10","6200-10","637A-10","6403-10","6451-10","677A-10"]},"geometry":{"type":"Point","coordinates":[-46.71068,-23.6242]}},{"type":"Feature","properties":{"id":"8506804","name":"Parada Itapaiúna 2 - C/B","lines":["6403-10","6451-10"]},"geometry":{"type":"Point","coordinates":[-46.73256,-23.64362]}},{"type":"Feature","properties":{"id":"8506809","name":"Av. Mj. Sylvio De Magalhães Padilha, 14500","lines":["609F-10","6200-10","637A-10","6403-10","6451-10","677A-10"]},"geometry":{"type":"Point","coordinates":[-46.71432,-23.62748]}},{"type":"Feature","properties":{"id":"8506815","name":"Ac. Acesso A","lines":["609F-10","6403-10","6451-10"]},"geometry":{"type":"Point","coordinates":[-46.72748,-23.64199]}},{"type":"Feature","properties":{"id":"8607855","name":"Av. Nordestina, 3372","lines":["2582-10"]},"geometry":{"type":"Point","coordinates":[-46.42894,-23.51092]}},{"type":"Feature","properties":{"id":"8607870","name":"R. Ananai, 59","lines":["2582-10"]},"geometry":{"type":"Point","coordinates":[-46.42325,-23.51676]}},{"type":"Feature","properties":{"id":"8615296","name":"Av. Nordestina, 4482","lines":["2582-10"]},"geometry":{"type":"Point","coordinates":[-46.42173,-23.51798]}},{"type":"Feature","properties":{"id":"8704829","name":"Av. Sapopemba, 4180","lines":["3141-10","3390-10","5141-10","5144-10"]},"geometry":{"type":"Point","coordinates":[-46.51293,-23.60012]}},{"type":"Feature","properties":{"id":"8704830","name":"Av. Sapopemba, 4371","lines":["3141-10","5141-10","5144-10"]},"geometry":{"type":"Point","coordinates":[-46.54796,-23.5774]}},{"type":"Feature","properties":{"id":"8704831","name":"Av. Sapopemba, 4614","lines":["3141-10","5141-10","5144-10"]},"geometry":{"type":"Point","coordinates":[-46.54627,-23.57805]}},{"type":"Feature","properties":{"id":"8709131","name":"Av. Reg. Feijó, 1462","lines":["3746-10"]},"geometry":{"type":"Point","coordinates":[-46.56205,-23.56213]}},{"type":"Feature","properties":{"id":"8709757","name":"Av. Dr. Eduardo Cotching, 126","lines":["3746-10"]},"geometry":{"type":"Point","coordinates":[-46.55857,-23.56274]}},{"type":"Feature","properties":{"id":"8709761","name":"Av. Dr. Eduardo Cotching, 287","lines":["3746-10"]},"geometry":{"type":"Point","coordinates":[-46.55749,-23.56238]}},{"type":"Feature","properties":{"id":"8709771","name":"Ac. Acesso A, 177","lines":["3746-10"]},"geometry":{"type":"Point","coordinates":[-46.5628,-23.56143]}},{"type":"Feature","properties":{"id":"8709774","name":"Av. Dr. Eduardo Cotching, 410","lines":["3746-10"]},"geometry":{"type":"Point","coordinates":[-46.55593,-23.56222]}},{"type":"Feature","properties":{"id":"8709775","name":"Av. Dr. Eduardo Cotching, 638","lines":["3746-10"]},"geometry":{"type":"Point","coordinates":[-46.55434,-23.56308]}},{"type":"Feature","properties":{"id":"8812651","name":"Av. Morvan Dias De Figueiredo","lines":["1178-10","1178-31","175T-10"]},"geometry":{"type":"Point","coordinates":[-46.62793,-23.51828]}},{"type":"Feature","properties":{"id":"8914694","name":"R. Cel. Manuel Feliciano De Souza, 662","lines":["354M-10"]},"geometry":{"type":"Point","coordinates":[-46.45305,-23.50229]}},{"type":"Feature","properties":{"id":"8914701","name":"Av. Ribeirão Jacu, 61","lines":["354M-10"]},"geometry":{"type":"Point","coordinates":[-46.45667,-23.51203]}},{"type":"Feature","properties":{"id":"8914735","name":"Av. Ribeirão Jacu, 129","lines":["354M-10"]},"geometry":{"type":"Point","coordinates":[-46.45651,-23.5125]}},{"type":"Feature","properties":{"id":"8914762","name":"Av. Ribeirão Jacu, 356","lines":["354M-10"]},"geometry":{"type":"Point","coordinates":[-46.45739,-23.51254]}},{"type":"Feature","properties":{"id":"8914767","name":"Av. Dr. Custódio De Lima, 592","lines":["1178-31"]},"geometry":{"type":"Point","coordinates":[-46.45495,-23.49347]}},{"type":"Feature","properties":{"id":"8914769","name":"Av. Jacu-pêssego/nova Trabalhadores, 220","lines":["354M-10"]},"geometry":{"type":"Point","coordinates":[-46.45629,-23.50829]}},{"type":"Feature","properties":{"id":"8914778","name":"Av. S. Miguel, 8554","lines":["1178-10","2552-10","2582-10","3301-10"]},"geometry":{"type":"Point","coordinates":[-46.45437,-23.49773]}},{"type":"Feature","properties":{"id":"8914786","name":"Av. Afonso Lopes De Baião, 877","lines":["354M-10"]},"geometry":{"type":"Point","coordinates":[-46.44814,-23.50255]}},{"type":"Feature","properties":{"id":"8914790","name":"Av. S. Miguel, 6687","lines":["1178-10","2552-10","3301-10"]},"geometry":{"type":"Point","coordinates":[-46.47083,-23.50169]}},{"type":"Feature","properties":{"id":"8914812","name":"R. Abel Tavares, 400","lines":["2582-10"]},"geometry":{"type":"Point","coordinates":[-46.46822,-23.49569]}},{"type":"Feature","properties":{"id":"8914850","name":"R. Dr. Assis Ribeiro, 10170","lines":["1178-31"]},"geometry":{"type":"Point","coordinates":[-46.4633,-23.49049]}},{"type":"Feature","properties":{"id":"8914851","name":"R. Dr. Assis Ribeiro, 10413","lines":["1178-31"]},"geometry":{"type":"Point","coordinates":[-46.46429,-23.48896]}},{"type":"Feature","properties":{"id":"9110109","name":"Av. Morvan Dias De Figueiredo, 897","lines":["1178-10","1178-31"]},"geometry":{"type":"Point","coordinates":[-46.58821,-23.52823]}},{"type":"Feature","properties":{"id":"9112474","name":"Av. Morvan Dias De Figueiredo","lines":["1178-10","1178-31"]},"geometry":{"type":"Point","coordinates":[-46.56508,-23.52297]}},{"type":"Feature","properties":{"id":"9112475","name":"Av. Morvan Dias De Figueiredo, 6157","lines":["1178-10","1178-31"]},"geometry":{"type":"Point","coordinates":[-46.57424,-23.52537]}},{"type":"Feature","properties":{"id":"9205589","name":"Av. Lins De Vasconcelos, 1729","lines":["477A-10"]},"geometry":{"type":"Point","coordinates":[-46.62396,-23.57864]}},{"type":"Feature","properties":{"id":"9205753","name":"R. Loefgreen, 1057","lines":["475R-10"]},"geometry":{"type":"Point","coordinates":[-46.63604,-23.59965]}},{"type":"Feature","properties":{"id":"9206167","name":"Av. Lins De Vasconcelos, 3139","lines":["477A-10"]},"geometry":{"type":"Point","coordinates":[-46.6309,-23.5882]}},{"type":"Feature","properties":{"id":"9206168","name":"Av. Lins De Vasconcelos, 2805","lines":["477A-10"]},"geometry":{"type":"Point","coordinates":[-46.62849,-23.58692]}},{"type":"Feature","properties":{"id":"9206169","name":"Av. Lins De Vasconcelos, 2880","lines":["477A-10"]},"geometry":{"type":"Point","coordinates":[-46.62903,-23.58737]}},{"type":"Feature","properties":{"id":"9206170","name":"Av. Lins De Vasconcelos, 2680","lines":["477A-10"]},"geometry":{"type":"Point","coordinates":[-46.62796,-23.58561]}},{"type":"Feature","properties":{"id":"9206183","name":"Av. Lins De Vasconcelos, 2557","lines":["477A-10"]},"geometry":{"type":"Point","coordinates":[-46.62767,-23.5846]}},{"type":"Feature","properties":{"id":"9206187","name":"Av. Lins De Vasconcelos, 2384","lines":["477A-10"]},"geometry":{"type":"Point","coordinates":[-46.62758,-23.58296]}},{"type":"Feature","properties":{"id":"9206188","name":"Av. Lins De Vasconcelos, 2367","lines":["477A-10"]},"geometry":{"type":"Point","coordinates":[-46.62745,-23.58272]}},{"type":"Feature","properties":{"id":"9206201","name":"Av. Lacerda Franco, 570","lines":["477A-10"]},"geometry":{"type":"Point","coordinates":[-46.62346,-23.56814]}},{"type":"Feature","properties":{"id":"9206261","name":"R. Cubatão, 838","lines":["857R-10"]},"geometry":{"type":"Point","coordinates":[-46.64216,-23.5794]}},{"type":"Feature","properties":{"id":"9206264","name":"R. Vergueiro, 1900","lines":["477A-10"]},"geometry":{"type":"Point","coordinates":[-46.63996,-23.57915]}},{"type":"Feature","properties":{"id":"9206271","name":"R. Dr. Tomaz Carvalhal, 147","lines":["857P-10"]},"geometry":{"type":"Point","coordinates":[-46.64275,-23.57577]}},{"type":"Feature","properties":{"id":"9206289","name":"Av. Bernardino De Campos, 108","lines":["477A-10","857P-10","857R-10"]},"geometry":{"type":"Point","coordinates":[-46.64311,-23.57247]}},{"type":"Feature","properties":{"id":"9206385","name":"R. Dr. José De Queiroz Aranha, 254","lines":["857R-10"]},"geometry":{"type":"Point","coordinates":[-46.63621,-23.58017]}},{"type":"Feature","properties":{"id":"9206423","name":"Av. Lacerda Franco, 964","lines":["477A-10"]},"geometry":{"type":"Point","coordinates":[-46.62405,-23.57113]}},{"type":"Feature","properties":{"id":"9206508","name":"R. Loefgreen, 1438","lines":["475R-10"]},"geometry":{"type":"Point","coordinates":[-46.63942,-23.59958]}},{"type":"Feature","properties":{"id":"9206519","name":"Av. Lins De Vasconcelos, 2044","lines":["477A-10"]},"geometry":{"type":"Point","coordinates":[-46.62517,-23.58117]}},{"type":"Feature","properties":{"id":"9206525","name":"R. Vergueiro, 2776","lines":["477A-10"]},"geometry":{"type":"Point","coordinates":[-46.63589,-23.58577]}},{"type":"Feature","properties":{"id":"9206535","name":"Av. Brig. Luís Antônio, 2344","lines":["475R-10","477A-10","5111-10","5119-10","5178-10","7550-10"]},"geometry":{"type":"Point","coordinates":[-46.64966,-23.56834]}},{"type":"Feature","properties":{"id":"9206552","name":"R. Botucatu, 482","lines":["475R-10"]},"geometry":{"type":"Point","coordinates":[-46.6425,-23.59574]}},{"type":"Feature","properties":{"id":"9206554","name":"R. Topázio, 926","lines":["857R-10"]},"geometry":{"type":"Point","coordinates":[-46.63557,-23.57805]}},{"type":"Feature","properties":{"id":"9308854","name":"Av. Cde. De Frontin, 80","lines":["4310-10"]},"geometry":{"type":"Point","coordinates":[-46.52224,-23.53152]}},{"type":"Feature","properties":{"id":"9308855","name":"Av. Cde. De Frontin, 80","lines":["4310-10"]},"geometry":{"type":"Point","coordinates":[-46.52232,-23.53188]}},{"type":"Feature","properties":{"id":"9309452","name":"Av. Antônio Estevão De Carvalho, 304","lines":["4310-10"]},"geometry":{"type":"Point","coordinates":[-46.51933,-23.53091]}},{"type":"Feature","properties":{"id":"9309453","name":"Av. Cde. De Frontin, 1000","lines":["4310-10"]},"geometry":{"type":"Point","coordinates":[-46.54809,-23.53467]}},{"type":"Feature","properties":{"id":"9309478","name":"Av. Antônio Estevão De Carvalho, 1532","lines":["4310-10"]},"geometry":{"type":"Point","coordinates":[-46.50882,-23.52757]}},{"type":"Feature","properties":{"id":"9505366","name":"Av. Vila Ema, 285","lines":["3390-10"]},"geometry":{"type":"Point","coordinates":[-46.5734,-23.57886]}},{"type":"Feature","properties":{"id":"9505367","name":"Av. Vila Ema, 314","lines":["3390-10"]},"geometry":{"type":"Point","coordinates":[-46.5735,-23.57887]}},{"type":"Feature","properties":{"id":"9505557","name":"Av. Vila Ema, 1239","lines":["3390-10"]},"geometry":{"type":"Point","coordinates":[-46.56476,-23.58138]}},{"type":"Feature","properties":{"id":"9505562","name":"R. Ibitirama, 183","lines":["3390-10"]},"geometry":{"type":"Point","coordinates":[-46.58485,-23.58331]}},{"type":"Feature","properties":{"id":"9505564","name":"R. Do Orfanato, 827","lines":["3390-10"]},"geometry":{"type":"Point","coordinates":[-46.57784,-23.57816]}},{"type":"Feature","properties":{"id":"9505609","name":"Parada Rui Roxo","lines":["5110-24","5143-10"]},"geometry":{"type":"Point","coordinates":[-46.57641,-23.58401]}},{"type":"Feature","properties":{"id":"9505624","name":"Terminal V. Prudente Central","lines":["5143-10"]},"geometry":{"type":"Point","coordinates":[-46.58355,-23.58475]}},{"type":"Feature","properties":{"id":"9505625","name":"Terminal V. Prudente Central","lines":["5109-10"]},"geometry":{"type":"Point","coordinates":[-46.58257,-23.58508]}},{"type":"Feature","properties":{"id":"9505646","name":"Terminal V. Prudente Central","lines":["5110-24"]},"geometry":{"type":"Point","coordinates":[-46.58261,-23.58479]}},{"type":"Feature","properties":{"id":"9505653","name":"Av. Prof. Luiz Ignácio Anhaia Mello, 650","lines":["3390-10"]},"geometry":{"type":"Point","coordinates":[-46.58775,-23.58551]}},{"type":"Feature","properties":{"id":"9505677","name":"Av. Vila Ema, 110","lines":["3390-10"]},"geometry":{"type":"Point","coordinates":[-46.57503,-23.57817]}},{"type":"Feature","properties":{"id":"9505678","name":"Av. Vila Ema, 137","lines":["3390-10"]},"geometry":{"type":"Point","coordinates":[-46.57472,-23.57815]}},{"type":"Feature","properties":{"id":"9600701","name":"Av. Giovanni Gronchi, 2312","lines":["5119-10"]},"geometry":{"type":"Point","coordinates":[-46.72495,-23.6021]}},{"type":"Feature","properties":{"id":"9607450","name":"Parada Ibiapaba B/C","lines":["809P-10","857P-10","857R-10","8700-1","8700-10"]},"geometry":{"type":"Point","coordinates":[-46.73026,-23.59058]}},{"type":"Feature","properties":{"id":"9607451","name":"Parada Ibiapaba C/B","lines":["809P-10","857P-10","857R-10","8700-1","8700-10"]},"geometry":{"type":"Point","coordinates":[-46.73076,-23.591]}},{"type":"Feature","properties":{"id":"9607453","name":"Parada Largo Taboão C/B","lines":["809P-10","857P-10","857R-10","8700-1","8700-10"]},"geometry":{"type":"Point","coordinates":[-46.75096,-23.60707]}},{"type":"Feature","properties":{"id":"9607454","name":"Dr. Guilherme Dumont Vilares - B/C","lines":["809P-10","857P-10","857R-10","8700-1","8700-10"]},"geometry":{"type":"Point","coordinates":[-46.74625,-23.60536]}},{"type":"Feature","properties":{"id":"9607455","name":"Dr. Guilherme Dumont Vilares - C/B","lines":["809P-10","857P-10","857R-10","8700-1","8700-10"]},"geometry":{"type":"Point","coordinates":[-46.74647,-23.60541]}},{"type":"Feature","properties":{"id":"9607456","name":"Parada David Matarasso B/C","lines":["809P-10","857P-10","857R-10","8700-1","8700-10"]},"geometry":{"type":"Point","coordinates":[-46.74096,-23.59848]}},{"type":"Feature","properties":{"id":"9607457","name":"David Matarasso C/B","lines":["809P-10","857P-10","857R-10","8700-1","8700-10"]},"geometry":{"type":"Point","coordinates":[-46.74134,-23.59904]}},{"type":"Feature","properties":{"id":"9607458","name":"Parada Chácara Do Jockey B/C","lines":["809P-10","857P-10","857R-10","8700-1","8700-10"]},"geometry":{"type":"Point","coordinates":[-46.74307,-23.60133]}},{"type":"Feature","properties":{"id":"9607459","name":"Parada Chácara Do Jockey C/B","lines":["809P-10","857P-10","857R-10","8700-1","8700-10"]},"geometry":{"type":"Point","coordinates":[-46.74384,-23.60202]}},{"type":"Feature","properties":{"id":"9607460","name":"Parada 2 - José Félix - Canteiro Central","lines":["809P-10","857P-10","857R-10","8700-1","8700-10"]},"geometry":{"type":"Point","coordinates":[-46.75152,-23.60842]}},{"type":"Feature","properties":{"id":"9607462","name":"Parada 2 - Jorge Amado - Canteiro Central","lines":["809P-10","857P-10","857R-10","8700-1","8700-10"]},"geometry":{"type":"Point","coordinates":[-46.75193,-23.60904]}},{"type":"Feature","properties":{"id":"9607492","name":"Heitor Dos Prazeres - C/B","lines":["809P-10","857P-10","857R-10","8700-10"]},"geometry":{"type":"Point","coordinates":[-46.73497,-23.5934]}},{"type":"Feature","properties":{"id":"9607493","name":"Heitor Dos Prazeres - B/C","lines":["809P-10","857P-10","857R-10","8700-10"]},"geometry":{"type":"Point","coordinates":[-46.7342,-23.59321]}},{"type":"Feature","properties":{"id":"9607498","name":"Caminho Do Engenho - C/B","lines":["809P-10","857P-10","857R-10","8700-1","8700-10"]},"geometry":{"type":"Point","coordinates":[-46.73944,-23.596]}},{"type":"Feature","properties":{"id":"9607499","name":"Caminho Do Engenho - B/C","lines":["809P-10","857P-10","857R-10","8700-1","8700-10"]},"geometry":{"type":"Point","coordinates":[-46.73896,-23.59548]}},{"type":"Feature","properties":{"id":"10008715","name":"Av. Ver. Abel Ferreira, 164","lines":["3746-10"]},"geometry":{"type":"Point","coordinates":[-46.57489,-23.55558]}},{"type":"Feature","properties":{"id":"10008716","name":"Av. Ver. Abel Ferreira","lines":["3746-10"]},"geometry":{"type":"Point","coordinates":[-46.57224,-23.55672]}},{"type":"Feature","properties":{"id":"10008717","name":"Av. Ver. Abel Ferreira","lines":["3746-10"]},"geometry":{"type":"Point","coordinates":[-46.5691,-23.5581]}},{"type":"Feature","properties":{"id":"10008718","name":"Av. Ver. Abel Ferreira, 1000","lines":["3746-10"]},"geometry":{"type":"Point","coordinates":[-46.56734,-23.55933]}},{"type":"Feature","properties":{"id":"10008719","name":"Av. Reg. Feijó, 1136","lines":["3746-10"]},"geometry":{"type":"Point","coordinates":[-46.56749,-23.55955]}},{"type":"Feature","properties":{"id":"10008721","name":"Av. Reg. Feijó, 949","lines":["3746-10"]},"geometry":{"type":"Point","coordinates":[-46.56935,-23.55871]}},{"type":"Feature","properties":{"id":"10008723","name":"Av. Reg. Feijó, 653","lines":["3746-10"]},"geometry":{"type":"Point","coordinates":[-46.57202,-23.55751]}},{"type":"Feature","properties":{"id":"10008724","name":"Av. Reg. Feijó, 534","lines":["3746-10"]},"geometry":{"type":"Point","coordinates":[-46.57292,-23.55714]}},{"type":"Feature","properties":{"id":"10008726","name":"Av. Reg. Feijó, 315","lines":["3746-10"]},"geometry":{"type":"Point","coordinates":[-46.57511,-23.55612]}},{"type":"Feature","properties":{"id":"10008731","name":"Av. Sapopemba, 262","lines":["3141-10","5141-10","5144-10"]},"geometry":{"type":"Point","coordinates":[-46.57636,-23.55976]}},{"type":"Feature","properties":{"id":"10008732","name":"Av. Sapopemba, 331","lines":["3141-10","5141-10","5144-10"]},"geometry":{"type":"Point","coordinates":[-46.57595,-23.5602]}},{"type":"Feature","properties":{"id":"10008733","name":"Av. Sapopemba, 535","lines":["3141-10","5141-10","5144-10"]},"geometry":{"type":"Point","coordinates":[-46.57457,-23.56151]}},{"type":"Feature","properties":{"id":"10008734","name":"Av. Sapopemba, 572","lines":["3141-10","5141-10","5144-10"]},"geometry":{"type":"Point","coordinates":[-46.57434,-23.56182]}},{"type":"Feature","properties":{"id":"10008735","name":"Av. Sapopemba, 735","lines":["3141-10","5141-10","5144-10"]},"geometry":{"type":"Point","coordinates":[-46.57309,-23.56268]}},{"type":"Feature","properties":{"id":"10008736","name":"Av. Sapopemba, 770","lines":["3141-10","5141-10","5144-10"]},"geometry":{"type":"Point","coordinates":[-46.57293,-23.56295]}},{"type":"Feature","properties":{"id":"10008737","name":"Av. Sapopemba, 929","lines":["3141-10","5141-10","5144-10"]},"geometry":{"type":"Point","coordinates":[-46.57168,-23.56383]}},{"type":"Feature","properties":{"id":"10008738","name":"Av. Sapopemba, 1088","lines":["3141-10","5141-10","5144-10"]},"geometry":{"type":"Point","coordinates":[-46.5706,-23.56483]}},{"type":"Feature","properties":{"id":"10008739","name":"Av. Sapopemba, 1333","lines":["3141-10","5141-10"]},"geometry":{"type":"Point","coordinates":[-46.56956,-23.56721]}},{"type":"Feature","properties":{"id":"10008740","name":"Av. Sapopemba, 1444","lines":["3141-10","5141-10"]},"geometry":{"type":"Point","coordinates":[-46.56963,-23.5677]}},{"type":"Feature","properties":{"id":"10008741","name":"Av. Sapopemba, 1635","lines":["3141-10","5141-10"]},"geometry":{"type":"Point","coordinates":[-46.56958,-23.56925]}},{"type":"Feature","properties":{"id":"10008742","name":"Av. Sapopemba, 1728","lines":["3141-10","5141-10"]},"geometry":{"type":"Point","coordinates":[-46.56958,-23.57006]}},{"type":"Feature","properties":{"id":"10008744","name":"Av. Adutora Do Rio Claro, 26","lines":["3141-10","5141-10"]},"geometry":{"type":"Point","coordinates":[-46.56653,-23.57333]}},{"type":"Feature","properties":{"id":"10008745","name":"Av. Sapopemba, 1952","lines":["3141-10","5141-10"]},"geometry":{"type":"Point","coordinates":[-46.5689,-23.57237]}},{"type":"Feature","properties":{"id":"10008747","name":"Av. Sapopemba, 2629","lines":["3141-10","5141-10"]},"geometry":{"type":"Point","coordinates":[-46.56365,-23.57332]}},{"type":"Feature","properties":{"id":"10008748","name":"Av. Sapopemba, 2748","lines":["3141-10","5141-10"]},"geometry":{"type":"Point","coordinates":[-46.5625,-23.57326]}},{"type":"Feature","properties":{"id":"10008749","name":"R. Dr. Gabriel De Resende, 453","lines":["5144-10"]},"geometry":{"type":"Point","coordinates":[-46.56221,-23.57243]}},{"type":"Feature","properties":{"id":"10008750","name":"R. Dr. Gabriel De Resende, 360","lines":["5144-10"]},"geometry":{"type":"Point","coordinates":[-46.56315,-23.57215]}},{"type":"Feature","properties":{"id":"10008751","name":"R. Dr. Gabriel De Resende, 255","lines":["5144-10"]},"geometry":{"type":"Point","coordinates":[-46.56413,-23.57171]}},{"type":"Feature","properties":{"id":"10008752","name":"R. Dr. Gabriel De Resende, 102","lines":["5144-10"]},"geometry":{"type":"Point","coordinates":[-46.56558,-23.57149]}},{"type":"Feature","properties":{"id":"10008753","name":"R. Dr. Gabriel De Resende, 57","lines":["5144-10"]},"geometry":{"type":"Point","coordinates":[-46.56611,-23.57128]}},{"type":"Feature","properties":{"id":"10008755","name":"R. Gen. Argolo, 665","lines":["5144-10"]},"geometry":{"type":"Point","coordinates":[-46.56621,-23.56947]}},{"type":"Feature","properties":{"id":"10008756","name":"Pça. S. Luís Do Curu, 60","lines":["5144-10"]},"geometry":{"type":"Point","coordinates":[-46.56652,-23.56953]}},{"type":"Feature","properties":{"id":"10008757","name":"R. Marumbi","lines":["5144-10"]},"geometry":{"type":"Point","coordinates":[-46.56821,-23.56976]}},{"type":"Feature","properties":{"id":"10008758","name":"R. Alm. Alexandrino, 480","lines":["5144-10"]},"geometry":{"type":"Point","coordinates":[-46.56863,-23.56982]}},{"type":"Feature","properties":{"id":"10008759","name":"R. Alm. Alexandrino, 121","lines":["5144-10"]},"geometry":{"type":"Point","coordinates":[-46.56939,-23.56677]}},{"type":"Feature","properties":{"id":"10008760","name":"R. Alm. Alexandrino, 100","lines":["5144-10"]},"geometry":{"type":"Point","coordinates":[-46.5691,-23.56704]}},{"type":"Feature","properties":{"id":"10012698","name":"R. Água Rasa, 133","lines":["3141-10","5141-10","5144-10"]},"geometry":{"type":"Point","coordinates":[-46.57657,-23.55683]}},{"type":"Feature","properties":{"id":"10012786","name":"Av. Sapopemba, 3207","lines":["3141-10","5141-10","5144-10"]},"geometry":{"type":"Point","coordinates":[-46.55819,-23.57371]}},{"type":"Feature","properties":{"id":"10012793","name":"Av. Sapopemba, 3280","lines":["3141-10","5141-10","5144-10"]},"geometry":{"type":"Point","coordinates":[-46.55755,-23.57403]}},{"type":"Feature","properties":{"id":"10012794","name":"Av. Sapopemba, 3112","lines":["3141-10","5141-10","5144-10"]},"geometry":{"type":"Point","coordinates":[-46.55899,-23.57357]}},{"type":"Feature","properties":{"id":"10012795","name":"Av. Sapopemba, 3013","lines":["3141-10","5141-10","5144-10"]},"geometry":{"type":"Point","coordinates":[-46.55991,-23.57317]}},{"type":"Feature","properties":{"id":"10014089","name":"R. Siqueira Bueno, 2128","lines":["5141-10","5144-10"]},"geometry":{"type":"Point","coordinates":[-46.58328,-23.55441]}},{"type":"Feature","properties":{"id":"10014096","name":"R. Do Acre, 780","lines":["5141-10","5144-10"]},"geometry":{"type":"Point","coordinates":[-46.57838,-23.55802]}},{"type":"Feature","properties":{"id":"10014097","name":"Av. Álvaro Ramos, 2260","lines":["3141-10"]},"geometry":{"type":"Point","coordinates":[-46.57799,-23.55479]}},{"type":"Feature","properties":{"id":"10014098","name":"Av. Álvaro Ramos, 2129","lines":["3141-10","3746-10","5141-10","5144-10"]},"geometry":{"type":"Point","coordinates":[-46.57848,-23.55372]}},{"type":"Feature","properties":{"id":"10014099","name":"Av. Álvaro Ramos, 2048","lines":["3141-10","3746-10"]},"geometry":{"type":"Point","coordinates":[-46.57895,-23.5531]}},{"type":"Feature","properties":{"id":"10014100","name":"Av. Álvaro Ramos, 1917","lines":["3141-10","3746-10","5141-10","5144-10"]},"geometry":{"type":"Point","coordinates":[-46.57942,-23.55201]}},{"type":"Feature","properties":{"id":"10014101","name":"Av. Álvaro Ramos, 1828","lines":["3141-10","3746-10"]},"geometry":{"type":"Point","coordinates":[-46.57991,-23.55135]}},{"type":"Feature","properties":{"id":"10014114","name":"Av. Álvaro Ramos, 2526","lines":["3141-10"]},"geometry":{"type":"Point","coordinates":[-46.57823,-23.55706]}},{"type":"Feature","properties":{"id":"10014116","name":"R. Itamaracá, 102","lines":["5144-10"]},"geometry":{"type":"Point","coordinates":[-46.58093,-23.55138]}},{"type":"Feature","properties":{"id":"30003006","name":"R. Leopoldo De Passos Lima, 368","lines":["8050-10","8622-10"]},"geometry":{"type":"Point","coordinates":[-46.79083,-23.42988]}},{"type":"Feature","properties":{"id":"30003007","name":"R. Leopoldo De Passos Lima, 367","lines":["8050-10","8622-10"]},"geometry":{"type":"Point","coordinates":[-46.79083,-23.43]}},{"type":"Feature","properties":{"id":"30003008","name":"R. Leopoldo De Passos Lima, 656","lines":["8050-10","8622-10"]},"geometry":{"type":"Point","coordinates":[-46.79324,-23.42897]}},{"type":"Feature","properties":{"id":"30003009","name":"R. Leopoldo De Passos Lima, 637","lines":["8050-10","8622-10"]},"geometry":{"type":"Point","coordinates":[-46.79316,-23.42917]}},{"type":"Feature","properties":{"id":"30003010","name":"R. Leopoldo De Passos Lima, 880","lines":["8050-10","8622-10"]},"geometry":{"type":"Point","coordinates":[-46.79523,-23.42812]}},{"type":"Feature","properties":{"id":"30003022","name":"R. Eduardo Grusius, 9","lines":["8622-10"]},"geometry":{"type":"Point","coordinates":[-46.79712,-23.44427]}},{"type":"Feature","properties":{"id":"30003023","name":"R. Eduardo Grusius, 30","lines":["8622-10"]},"geometry":{"type":"Point","coordinates":[-46.7973,-23.44472]}},{"type":"Feature","properties":{"id":"30003025","name":"R. Eduardo Grusius, 405","lines":["8622-10"]},"geometry":{"type":"Point","coordinates":[-46.79794,-23.44588]}},{"type":"Feature","properties":{"id":"30003027","name":"R. Eduardo Grusius, 274","lines":["8622-10"]},"geometry":{"type":"Point","coordinates":[-46.79854,-23.44682]}},{"type":"Feature","properties":{"id":"30003028","name":"Estr. Cel. José Gladiador","lines":["8622-10"]},"geometry":{"type":"Point","coordinates":[-46.79565,-23.44063]}},{"type":"Feature","properties":{"id":"30003029","name":"Estr. Cel. José Gladiador, 937","lines":["8622-10"]},"geometry":{"type":"Point","coordinates":[-46.79555,-23.44024]}},{"type":"Feature","properties":{"id":"30003031","name":"Estr. Cel. José Gladiador, 294","lines":["8050-10","8622-10"]},"geometry":{"type":"Point","coordinates":[-46.79337,-23.43787]}},{"type":"Feature","properties":{"id":"30003034","name":"Rod. Anhanguera","lines":["8050-10","8622-10"]},"geometry":{"type":"Point","coordinates":[-46.78677,-23.45116]}},{"type":"Feature","properties":{"id":"30003035","name":"Rod. Anhanguera","lines":["8050-10","8622-10"]},"geometry":{"type":"Point","coordinates":[-46.78619,-23.4411]}},{"type":"Feature","properties":{"id":"30003040","name":"Estr. Cel. José Gladiador, 319","lines":["8050-10","8622-10"]},"geometry":{"type":"Point","coordinates":[-46.79196,-23.43589]}},{"type":"Feature","properties":{"id":"30003041","name":"R. Virgínia Castiglioni, 386","lines":["8050-10","8622-10"]},"geometry":{"type":"Point","coordinates":[-46.79277,-23.43295]}},{"type":"Feature","properties":{"id":"30003042","name":"R. Virgínia Castiglioni, 381","lines":["8050-10","8622-10"]},"geometry":{"type":"Point","coordinates":[-46.79272,-23.43301]}},{"type":"Feature","properties":{"id":"30003043","name":"R. Dionísio Bellante, 29","lines":["8050-10","8622-10"]},"geometry":{"type":"Point","coordinates":[-46.79538,-23.4285]}},{"type":"Feature","properties":{"id":"30003044","name":"R. Alberto Alvarez, 135","lines":["8050-10","8622-10"]},"geometry":{"type":"Point","coordinates":[-46.79483,-23.43004]}},{"type":"Feature","properties":{"id":"30003045","name":"R. Nestor Gomes","lines":["8050-10","8622-10"]},"geometry":{"type":"Point","coordinates":[-46.79297,-23.43154]}},{"type":"Feature","properties":{"id":"30003052","name":"Rod. Anhanguera (pista Local)","lines":["8622-10"]},"geometry":{"type":"Point","coordinates":[-46.78605,-23.43469]}},{"type":"Feature","properties":{"id":"30003053","name":"Rod. Anhanguera","lines":["8050-10","8622-10"]},"geometry":{"type":"Point","coordinates":[-46.7863,-23.43596]}},{"type":"Feature","properties":{"id":"30003054","name":"R. D. Agnelo Rossi, 59","lines":["8050-10"]},"geometry":{"type":"Point","coordinates":[-46.79327,-23.43898]}},{"type":"Feature","properties":{"id":"30003055","name":"R. D. Agnelo Rossi, 170","lines":["8050-10"]},"geometry":{"type":"Point","coordinates":[-46.79238,-23.43969]}},{"type":"Feature","properties":{"id":"30003056","name":"R. D. Agnelo Rossi, 200","lines":["8050-10"]},"geometry":{"type":"Point","coordinates":[-46.79216,-23.4399]}},{"type":"Feature","properties":{"id":"30003057","name":"Ceu Parque Anhanguera","lines":["8050-10"]},"geometry":{"type":"Point","coordinates":[-46.78973,-23.43904]}},{"type":"Feature","properties":{"id":"30003059","name":"Av. Felippo Sturba, 529","lines":["8050-10"]},"geometry":{"type":"Point","coordinates":[-46.79143,-23.44244]}},{"type":"Feature","properties":{"id":"30003068","name":"Rod. Anhanguera","lines":["8050-10","8622-10"]},"geometry":{"type":"Point","coordinates":[-46.78706,-23.45109]}},{"type":"Feature","properties":{"id":"30003070","name":"Rod. Anhanguera","lines":["8050-10","8622-10"]},"geometry":{"type":"Point","coordinates":[-46.77876,-23.46418]}},{"type":"Feature","properties":{"id":"30003080","name":"Rod. Anhanguera (pista Local)","lines":["8622-10"]},"geometry":{"type":"Point","coordinates":[-46.78674,-23.42967]}},{"type":"Feature","properties":{"id":"30003081","name":"Rod. Anhanguera (pista Local)","lines":["8050-10","8622-10"]},"geometry":{"type":"Point","coordinates":[-46.78869,-23.42362]}},{"type":"Feature","properties":{"id":"30003160","name":"Rod. Anhanguera, 26000","lines":["8050-10","8622-10"]},"geometry":{"type":"Point","coordinates":[-46.79009,-23.42344]}},{"type":"Feature","properties":{"id":"30003294","name":"Rod. Anhanguera","lines":["8050-10","8622-10"]},"geometry":{"type":"Point","coordinates":[-46.78657,-23.44136]}},{"type":"Feature","properties":{"id":"40005527","name":"Av. Da Barreira Grande, 2941","lines":["3746-10"]},"geometry":{"type":"Point","coordinates":[-46.51126,-23.58813]}},{"type":"Feature","properties":{"id":"40005572","name":"Av. Da Barreira Grande","lines":["3746-10"]},"geometry":{"type":"Point","coordinates":[-46.52534,-23.58479]}},{"type":"Feature","properties":{"id":"40012654","name":"Av. Aricanduva, 4072","lines":["4210-10","4311-10","4313-10"]},"geometry":{"type":"Point","coordinates":[-46.51673,-23.55638]}},{"type":"Feature","properties":{"id":"40012655","name":"Av. Aricanduva, 4430","lines":["4210-10","4311-10","4313-10"]},"geometry":{"type":"Point","coordinates":[-46.51516,-23.55809]}},{"type":"Feature","properties":{"id":"40012657","name":"Av. Aricanduva, 4800","lines":["4210-10","4311-10","4313-10"]},"geometry":{"type":"Point","coordinates":[-46.51113,-23.562]}},{"type":"Feature","properties":{"id":"40012658","name":"Ponto 1","lines":["4311-10"]},"geometry":{"type":"Point","coordinates":[-46.50854,-23.56422]}},{"type":"Feature","properties":{"id":"40012660","name":"Av. Aricanduva, 5376","lines":["4210-10","4311-10","4313-10"]},"geometry":{"type":"Point","coordinates":[-46.50688,-23.56726]}},{"type":"Feature","properties":{"id":"40012661","name":"Av. Aricanduva, 5576","lines":["4210-10","4311-10","4313-10"]},"geometry":{"type":"Point","coordinates":[-46.50484,-23.5693]}},{"type":"Feature","properties":{"id":"40012662","name":"Av. Aricanduva, 6532","lines":["4210-10","4311-10","4313-10"]},"geometry":{"type":"Point","coordinates":[-46.50457,-23.57207]}},{"type":"Feature","properties":{"id":"40012663","name":"Av. Aricanduva, 6080","lines":["4210-10","4311-10","4313-10"]},"geometry":{"type":"Point","coordinates":[-46.50299,-23.57564]}},{"type":"Feature","properties":{"id":"50007635","name":"R. Dr. Luiz Aires","lines":["4310-10"]},"geometry":{"type":"Point","coordinates":[-46.50105,-23.53174]}},{"type":"Feature","properties":{"id":"50007759","name":"R. Dr. Luiz Aires","lines":["4310-10"]},"geometry":{"type":"Point","coordinates":[-46.48419,-23.54091]}},{"type":"Feature","properties":{"id":"50007760","name":"R. Dr. Luiz Aires","lines":["4310-10"]},"geometry":{"type":"Point","coordinates":[-46.48467,-23.54074]}},{"type":"Feature","properties":{"id":"60012898","name":"Pedro Corazza B/C","lines":["209P-1","209P-10","9501-10"]},"geometry":{"type":"Point","coordinates":[-46.68976,-23.51524]}},{"type":"Feature","properties":{"id":"60012899","name":"Pedro Corazza B/C","lines":["209P-1","209P-10","8600-10","9501-10"]},"geometry":{"type":"Point","coordinates":[-46.68983,-23.51537]}},{"type":"Feature","properties":{"id":"60012947","name":"Nacional - B/C","lines":["209P-1","209P-10","8600-10","9501-10"]},"geometry":{"type":"Point","coordinates":[-46.68551,-23.51638]}},{"type":"Feature","properties":{"id":"60012948","name":"Nacional - C/B","lines":["209P-1","209P-10","8600-10","9501-10"]},"geometry":{"type":"Point","coordinates":[-46.68517,-23.51638]}},{"type":"Feature","properties":{"id":"60012951","name":"Cetet - B/C","lines":["209P-1","209P-10","8600-10","9501-10"]},"geometry":{"type":"Point","coordinates":[-46.68163,-23.51746]}},{"type":"Feature","properties":{"id":"60012952","name":"Cetet - C/B","lines":["209P-1","209P-10","8600-10","9501-10"]},"geometry":{"type":"Point","coordinates":[-46.6813,-23.51745]}},{"type":"Feature","properties":{"id":"60014604","name":"Sesc Pompeia C/B","lines":["129F-10","8622-10"]},"geometry":{"type":"Point","coordinates":[-46.68225,-23.52526]}},{"type":"Feature","properties":{"id":"60014606","name":"R. Carlos Vicari, 300","lines":["129F-10","8622-10"]},"geometry":{"type":"Point","coordinates":[-46.68449,-23.52394]}},{"type":"Feature","properties":{"id":"60016459","name":"R. Federação Paulista De Futebol, 800","lines":["209P-1","209P-10"]},"geometry":{"type":"Point","coordinates":[-46.66761,-23.523]}},{"type":"Feature","properties":{"id":"60016461","name":"R. Quirino Dos Santos, 188","lines":["209P-1","209P-10"]},"geometry":{"type":"Point","coordinates":[-46.6645,-23.52294]}},{"type":"Feature","properties":{"id":"60016462","name":"Parada 1 - Quirino Dos Santos - B/C","lines":["8600-10","9501-10"]},"geometry":{"type":"Point","coordinates":[-46.66325,-23.52211]}},{"type":"Feature","properties":{"id":"60016465","name":"Quirino Dos Santos - C/B","lines":["8600-10","9501-10"]},"geometry":{"type":"Point","coordinates":[-46.664,-23.52188]}},{"type":"Feature","properties":{"id":"60016482","name":"Parada Exclusiva - 209p-10 / 9701-10","lines":["209P-10"]},"geometry":{"type":"Point","coordinates":[-46.66703,-23.52443]}},{"type":"Feature","properties":{"id":"60016484","name":"R. José De Oliveira Coutinho","lines":["209P-1","209P-10"]},"geometry":{"type":"Point","coordinates":[-46.67114,-23.52349]}},{"type":"Feature","properties":{"id":"60016783","name":"Parada Palmeiras C/B","lines":["129F-10","8622-10"]},"geometry":{"type":"Point","coordinates":[-46.67949,-23.52565]}},{"type":"Feature","properties":{"id":"60016784","name":"Parada Palmeiras B/C","lines":["129F-10","8622-10"]},"geometry":{"type":"Point","coordinates":[-46.67925,-23.5258]}},{"type":"Feature","properties":{"id":"60016785","name":"Antartica C/B","lines":["129F-10","8622-10"]},"geometry":{"type":"Point","coordinates":[-46.67419,-23.52622]}},{"type":"Feature","properties":{"id":"60016786","name":"Antartica B/C","lines":["8622-10"]},"geometry":{"type":"Point","coordinates":[-46.67359,-23.52652]}},{"type":"Feature","properties":{"id":"60016788","name":"Baby Bariony B/C","lines":["8622-10"]},"geometry":{"type":"Point","coordinates":[-46.67065,-23.52813]}},{"type":"Feature","properties":{"id":"60016789","name":"Pq. Da Água Branca C/B","lines":["8622-10"]},"geometry":{"type":"Point","coordinates":[-46.66778,-23.52964]}},{"type":"Feature","properties":{"id":"60016790","name":"Pq. Da Água Branca B/C","lines":["8622-10"]},"geometry":{"type":"Point","coordinates":[-46.6669,-23.53021]}},{"type":"Feature","properties":{"id":"60016801","name":"Av. Mário De Andrade, 0","lines":["129F-10"]},"geometry":{"type":"Point","coordinates":[-46.66751,-23.52671]}},{"type":"Feature","properties":{"id":"60016823","name":"Av. Mário De Andrade, 0","lines":["129F-10"]},"geometry":{"type":"Point","coordinates":[-46.67119,-23.52555]}},{"type":"Feature","properties":{"id":"60016824","name":"Av. Mário De Andrade, 1350","lines":["129F-10"]},"geometry":{"type":"Point","coordinates":[-46.67476,-23.52539]}},{"type":"Feature","properties":{"id":"60016884","name":"Industrial - B/C","lines":["8600-10","9501-10"]},"geometry":{"type":"Point","coordinates":[-46.67573,-23.5191]}},{"type":"Feature","properties":{"id":"60016885","name":"Industrial - C/B","lines":["209P-1","209P-10","8600-10","9501-10"]},"geometry":{"type":"Point","coordinates":[-46.6761,-23.51889]}},{"type":"Feature","properties":{"id":"60016887","name":"Ordem E Progresso - B/C","lines":["8600-10","9501-10"]},"geometry":{"type":"Point","coordinates":[-46.67165,-23.52023]}},{"type":"Feature","properties":{"id":"60016888","name":"Ordem E Progresso - C/B","lines":["209P-1","209P-10","8600-10","9501-10"]},"geometry":{"type":"Point","coordinates":[-46.67138,-23.52021]}},{"type":"Feature","properties":{"id":"60016892","name":"R. Robert Bosch, 130","lines":["209P-1","209P-10"]},"geometry":{"type":"Point","coordinates":[-46.67356,-23.52059]}},{"type":"Feature","properties":{"id":"60017142","name":"Terminal Barra Funda Lado Sul Plat. C","lines":["129F-10"]},"geometry":{"type":"Point","coordinates":[-46.66832,-23.5263]}},{"type":"Feature","properties":{"id":"70001785","name":"R. Cincinato Braga, 440","lines":["477A-10"]},"geometry":{"type":"Point","coordinates":[-46.64724,-23.56715]}},{"type":"Feature","properties":{"id":"70015949","name":"Av. Paulista, 1754","lines":["715M-10","857P-10","857R-10"]},"geometry":{"type":"Point","coordinates":[-46.65736,-23.5603]}},{"type":"Feature","properties":{"id":"70015997","name":"Av. Brig. Luís Antônio, 1289","lines":["475R-10","5111-10","5119-10","5178-10","715M-10","7550-10"]},"geometry":{"type":"Point","coordinates":[-46.64336,-23.56053]}},{"type":"Feature","properties":{"id":"70016561","name":"Getúlio Vargas B/C","lines":["609F-10","6200-10","6403-10","6451-10","6505-10","6913-10"]},"geometry":{"type":"Point","coordinates":[-46.65387,-23.55882]}},{"type":"Feature","properties":{"id":"70016563","name":"Parada 1 - Getúlio Vargas C/B","lines":["609F-10","6200-10","6403-10","6451-10","6505-10","6913-10"]},"geometry":{"type":"Point","coordinates":[-46.65474,-23.55981]}},{"type":"Feature","properties":{"id":"70016565","name":"Av. Brig. Luís Antônio, 755","lines":["475R-10","5111-10","5119-10","5178-10","7550-10"]},"geometry":{"type":"Point","coordinates":[-46.64011,-23.55664]}},{"type":"Feature","properties":{"id":"70016782","name":"Av. Paulista, 200","lines":["477A-10","715M-10","857P-10","857R-10"]},"geometry":{"type":"Point","coordinates":[-46.64523,-23.5704]}},{"type":"Feature","properties":{"id":"70016834","name":"Av. Paulista, 500","lines":["715M-10","857P-10","857R-10"]},"geometry":{"type":"Point","coordinates":[-46.64834,-23.56802]}},{"type":"Feature","properties":{"id":"70016916","name":"Av. Paulista, 1374","lines":["715M-10","857P-10","857R-10"]},"geometry":{"type":"Point","coordinates":[-46.65443,-23.56293]}},{"type":"Feature","properties":{"id":"70016924","name":"Av. Paulista, 659","lines":["857P-10","857R-10"]},"geometry":{"type":"Point","coordinates":[-46.64953,-23.56731]}},{"type":"Feature","properties":{"id":"70016925","name":"Major Diogo","lines":["475R-10","5111-10","5119-10","5178-10","715M-10","7550-10"]},"geometry":{"type":"Point","coordinates":[-46.64233,-23.55912]}},{"type":"Feature","properties":{"id":"70016927","name":"R. Cdssa. De São Joaquim, 184","lines":["715M-10"]},"geometry":{"type":"Point","coordinates":[-46.63899,-23.55833]}},{"type":"Feature","properties":{"id":"70016929","name":"Conselheiro Ramalho","lines":["475R-10","5111-10","5119-10","5178-10","715M-10","7550-10"]},"geometry":{"type":"Point","coordinates":[-46.64375,-23.56087]}},{"type":"Feature","properties":{"id":"70016938","name":"R. Treze De Maio, 1376","lines":["715M-10"]},"geometry":{"type":"Point","coordinates":[-46.64506,-23.56577]}},{"type":"Feature","properties":{"id":"70016939","name":"R. Treze De Maio, 1685","lines":["715M-10"]},"geometry":{"type":"Point","coordinates":[-46.64428,-23.56777]}},{"type":"Feature","properties":{"id":"70016942","name":"Pedroso","lines":["475R-10","5111-10","5119-10","5178-10","715M-10","7550-10"]},"geometry":{"type":"Point","coordinates":[-46.64452,-23.56191]}},{"type":"Feature","properties":{"id":"70016943","name":"Rui Barbosa","lines":["475R-10","5111-10","5119-10","5178-10","715M-10","7550-10"]},"geometry":{"type":"Point","coordinates":[-46.64483,-23.56214]}},{"type":"Feature","properties":{"id":"80014082","name":"R. Pe. Adelino, 551","lines":["5144-10"]},"geometry":{"type":"Point","coordinates":[-46.5889,-23.54495]}},{"type":"Feature","properties":{"id":"80014104","name":"Av. Álvaro Ramos, 1581","lines":["3141-10","3746-10","5141-10"]},"geometry":{"type":"Point","coordinates":[-46.58121,-23.54927]}},{"type":"Feature","properties":{"id":"80014105","name":"Av. Álvaro Ramos, 1496","lines":["3141-10","3746-10"]},"geometry":{"type":"Point","coordinates":[-46.58173,-23.54883]}},{"type":"Feature","properties":{"id":"80014106","name":"Av. Álvaro Ramos, 1206","lines":["3141-10","3746-10"]},"geometry":{"type":"Point","coordinates":[-46.58376,-23.54699]}},{"type":"Feature","properties":{"id":"80014107","name":"Av. Álvaro Ramos, 1145","lines":["3141-10","3746-10","5141-10"]},"geometry":{"type":"Point","coordinates":[-46.58394,-23.54672]}},{"type":"Feature","properties":{"id":"80014108","name":"R. Serra De Jairé, 199","lines":["5144-10"]},"geometry":{"type":"Point","coordinates":[-46.58774,-23.54511]}},{"type":"Feature","properties":{"id":"80014110","name":"R. Serra De Jairé, 599","lines":["5144-10"]},"geometry":{"type":"Point","coordinates":[-46.58615,-23.54843]}},{"type":"Feature","properties":{"id":"80014112","name":"R. Serra De Jairé, 825","lines":["5144-10"]},"geometry":{"type":"Point","coordinates":[-46.58456,-23.54977]}},{"type":"Feature","properties":{"id":"80014113","name":"R. Serra De Jairé, 1063","lines":["5144-10"]},"geometry":{"type":"Point","coordinates":[-46.58286,-23.55124]}},{"type":"Feature","properties":{"id":"80014167","name":"R. Serra Da Bocaina, 574","lines":["3141-10","3746-10"]},"geometry":{"type":"Point","coordinates":[-46.58568,-23.54599]}},{"type":"Feature","properties":{"id":"80014469","name":"Parada 1/2/3 - Bombeiros","lines":["208V-10","2552-10","2582-10","3301-10","4210-10"]},"geometry":{"type":"Point","coordinates":[-46.5858,-23.53575]}},{"type":"Feature","properties":{"id":"80014471","name":"Parada 1/2/3 - Bombeiros","lines":["208V-10","2552-10","2582-10","3301-10","4210-10"]},"geometry":{"type":"Point","coordinates":[-46.58625,-23.53608]}},{"type":"Feature","properties":{"id":"80014474","name":"Parada Hospital Leonor Mendes De Barros","lines":["208V-10","2552-10","2582-10","3301-10","4210-10"]},"geometry":{"type":"Point","coordinates":[-46.58907,-23.53655]}},{"type":"Feature","properties":{"id":"80014475","name":"Parada 1/2/3 - Hosp. Santa Virgínia","lines":["208V-10","2552-10","2582-10","3301-10","4210-10"]},"geometry":{"type":"Point","coordinates":[-46.58984,-23.53682]}},{"type":"Feature","properties":{"id":"80014479","name":"Parada 1/2/3 - Fábrica De Cultura Parque Belém","lines":["208V-10","2552-10","2582-10","3301-10","4210-10"]},"geometry":{"type":"Point","coordinates":[-46.59249,-23.53697]}},{"type":"Feature","properties":{"id":"80014480","name":"Parada 1/2/3 - Martim Afonso","lines":["208V-10","2552-10","2582-10","3301-10","4210-10"]},"geometry":{"type":"Point","coordinates":[-46.5942,-23.53727]}},{"type":"Feature","properties":{"id":"80014482","name":"R. Martim Afonso, 31","lines":["5144-10"]},"geometry":{"type":"Point","coordinates":[-46.59598,-23.53782]}},{"type":"Feature","properties":{"id":"80014483","name":"Parada 1/2/3 - Catumbi","lines":["208V-10","2552-10","2582-10","3301-10","4210-10","5144-10"]},"geometry":{"type":"Point","coordinates":[-46.59638,-23.53759]}},{"type":"Feature","properties":{"id":"80014486","name":"Parada 1/2/3 - São Leopoldo","lines":["208V-10","2552-10","2582-10","3301-10","4210-10","5144-10"]},"geometry":{"type":"Point","coordinates":[-46.59951,-23.53816]}},{"type":"Feature","properties":{"id":"80014489","name":"Parada 1/2/3 - Marcos Arruda","lines":["208V-10","2552-10","2582-10","3301-10","4210-10","5144-10"]},"geometry":{"type":"Point","coordinates":[-46.60197,-23.53826]}},{"type":"Feature","properties":{"id":"80014491","name":"Parada 1/2/3 - Júlio César Da Silva","lines":["208V-10","2552-10","2582-10","3301-10","4210-10","5144-10"]},"geometry":{"type":"Point","coordinates":[-46.60337,-23.53858]}},{"type":"Feature","properties":{"id":"80014492","name":"Parada 1/2/3 - João Boemer","lines":["208V-10","2552-10","2582-10","3301-10","4210-10","5144-10"]},"geometry":{"type":"Point","coordinates":[-46.60745,-23.53907]}},{"type":"Feature","properties":{"id":"80014493","name":"Parada 2 - Bresser","lines":["208V-10","2552-10","2582-10","3301-10"]},"geometry":{"type":"Point","coordinates":[-46.60697,-23.53907]}},{"type":"Feature","properties":{"id":"80014495","name":"Parada 1/2/3 - Júlio Cesar Da Silva","lines":["208V-10","2552-10","2582-10","3301-10","4210-10","5144-10"]},"geometry":{"type":"Point","coordinates":[-46.60534,-23.53874]}},{"type":"Feature","properties":{"id":"80014505","name":"R. Júlio De Castilhos, 176","lines":["5144-10"]},"geometry":{"type":"Point","coordinates":[-46.59416,-23.54143]}},{"type":"Feature","properties":{"id":"80014531","name":"R. Belém, 114","lines":["5144-10"]},"geometry":{"type":"Point","coordinates":[-46.59747,-23.53871]}},{"type":"Feature","properties":{"id":"80014532","name":"R. Belém, 336","lines":["5144-10"]},"geometry":{"type":"Point","coordinates":[-46.59575,-23.53993]}},{"type":"Feature","properties":{"id":"80014533","name":"Lgo. S. José Do Belém, 44","lines":["5144-10"]},"geometry":{"type":"Point","coordinates":[-46.59483,-23.541]}},{"type":"Feature","properties":{"id":"80014563","name":"Av. Pres. Castelo Branco","lines":["1178-10","1178-31"]},"geometry":{"type":"Point","coordinates":[-46.60265,-23.5243]}},{"type":"Feature","properties":{"id":"80014566","name":"Av. Cdssa. Elisabeth De Robiano","lines":["1178-10","1178-31"]},"geometry":{"type":"Point","coordinates":[-46.59621,-23.52935]}},{"type":"Feature","properties":{"id":"80014567","name":"Av. Cdssa. Elisabeth De Robiano, 454","lines":["1178-10","1178-31"]},"geometry":{"type":"Point","coordinates":[-46.59295,-23.53065]}},{"type":"Feature","properties":{"id":"80014568","name":"Av. Cdssa. Elisabeth De Robiano","lines":["1178-10","1178-31"]},"geometry":{"type":"Point","coordinates":[-46.58824,-23.52988]}},{"type":"Feature","properties":{"id":"80014579","name":"Silva Jardim","lines":["4310-10","4311-10","4313-10"]},"geometry":{"type":"Point","coordinates":[-46.59115,-23.54421]}},{"type":"Feature","properties":{"id":"80014580","name":"Av. Alcântara Machado, 3832","lines":["4310-10","4311-10","4313-10"]},"geometry":{"type":"Point","coordinates":[-46.58942,-23.54382]}},{"type":"Feature","properties":{"id":"80014593","name":"Terminal Metrô Belém (sul) Pl. C","lines":["3746-10"]},"geometry":{"type":"Point","coordinates":[-46.5883,-23.5429]}},{"type":"Feature","properties":{"id":"80014597","name":"Terminal Metrô Belém (sul) Pl. D","lines":["3141-10","4310-10","4311-10","4313-10","5141-10"]},"geometry":{"type":"Point","coordinates":[-46.58904,-23.54319]}},{"type":"Feature","properties":{"id":"90007105","name":"R. S. Caetano, 332","lines":["5107-10","5141-10"]},"geometry":{"type":"Point","coordinates":[-46.62986,-23.53498]}},{"type":"Feature","properties":{"id":"90007106","name":"R. S. Caetano, 666","lines":["5144-10"]},"geometry":{"type":"Point","coordinates":[-46.62657,-23.53553]}},{"type":"Feature","properties":{"id":"90008175","name":"R. João Teodoro","lines":["5144-10"]},"geometry":{"type":"Point","coordinates":[-46.62723,-23.53362]}},{"type":"Feature","properties":{"id":"90008176","name":"R. João Teodoro, 566","lines":["5144-10"]},"geometry":{"type":"Point","coordinates":[-46.62704,-23.53384]}},{"type":"Feature","properties":{"id":"90008382","name":"Av. Tiradentes, 2194","lines":["1178-10","1178-31","175T-10"]},"geometry":{"type":"Point","coordinates":[-46.63325,-23.53356]}},{"type":"Feature","properties":{"id":"90010167","name":"R. Da Cantareira, 897","lines":["5107-10","5141-10"]},"geometry":{"type":"Point","coordinates":[-46.62782,-23.53635]}},{"type":"Feature","properties":{"id":"90011797","name":"Av. Tiradentes, 615","lines":["1178-10","1178-31","175T-10"]},"geometry":{"type":"Point","coordinates":[-46.63219,-23.53014]}},{"type":"Feature","properties":{"id":"90013906","name":"Av. Santos Dumont, 555","lines":["1178-10","1178-31"]},"geometry":{"type":"Point","coordinates":[-46.63097,-23.52354]}},{"type":"Feature","properties":{"id":"90013911","name":"R. Ribeiro De Lima, 506","lines":["5144-10"]},"geometry":{"type":"Point","coordinates":[-46.63788,-23.53108]}},{"type":"Feature","properties":{"id":"90013924","name":"R. Silva Pinto, 41","lines":["5144-10"]},"geometry":{"type":"Point","coordinates":[-46.6417,-23.52976]}},{"type":"Feature","properties":{"id":"90013933","name":"R. Prates, 145","lines":["5144-10"]},"geometry":{"type":"Point","coordinates":[-46.6367,-23.53256]}},{"type":"Feature","properties":{"id":"90013936","name":"R. João Teodoro","lines":["5144-10"]},"geometry":{"type":"Point","coordinates":[-46.63055,-23.53287]}},{"type":"Feature","properties":{"id":"90013937","name":"R. João Teodoro, 158","lines":["5144-10"]},"geometry":{"type":"Point","coordinates":[-46.63088,-23.53285]}},{"type":"Feature","properties":{"id":"90013938","name":"R. Ribeiro De Lima, 158","lines":["5144-10"]},"geometry":{"type":"Point","coordinates":[-46.63424,-23.53204]}},{"type":"Feature","properties":{"id":"90013939","name":"R. Ribeiro De Lima, 158","lines":["5144-10"]},"geometry":{"type":"Point","coordinates":[-46.63441,-23.5321]}},{"type":"Feature","properties":{"id":"90013941","name":"R. José Paulino, 460","lines":["5144-10"]},"geometry":{"type":"Point","coordinates":[-46.63949,-23.53023]}},{"type":"Feature","properties":{"id":"90015086","name":"Av. Santos Dumont, 87","lines":["1178-10","1178-31","175T-10"]},"geometry":{"type":"Point","coordinates":[-46.63162,-23.52774]}},{"type":"Feature","properties":{"id":"90016636","name":"R. Eduardo Chaves, 69","lines":["175T-10"]},"geometry":{"type":"Point","coordinates":[-46.62889,-23.52457]}},{"type":"Feature","properties":{"id":"90017113","name":"Av. Tiradentes, 324","lines":["1178-10","1178-31","175T-10"]},"geometry":{"type":"Point","coordinates":[-46.63254,-23.53279]}},{"type":"Feature","properties":{"id":"90017114","name":"Av. Tiradentes, 614","lines":["1178-10","1178-31","175T-10"]},"geometry":{"type":"Point","coordinates":[-46.63176,-23.53059]}},{"type":"Feature","properties":{"id":"90017115","name":"Av. Santos Dumont, 56","lines":["1178-10","1178-31","175T-10"]},"geometry":{"type":"Point","coordinates":[-46.63083,-23.52628]}},{"type":"Feature","properties":{"id":"90017116","name":"Av. Santos Dumont, 752","lines":["175T-10"]},"geometry":{"type":"Point","coordinates":[-46.63031,-23.52203]}},{"type":"Feature","properties":{"id":"90017117","name":"Pça. Bento Camargo Barros","lines":["1178-10","1178-31"]},"geometry":{"type":"Point","coordinates":[-46.63,-23.52138]}},{"type":"Feature","properties":{"id":"100014307","name":"R. Silva Teles, 281","lines":["5144-10"]},"geometry":{"type":"Point","coordinates":[-46.61467,-23.53415]}},{"type":"Feature","properties":{"id":"100014308","name":"R. Silva Teles, 99","lines":["5144-10"]},"geometry":{"type":"Point","coordinates":[-46.61595,-23.53545]}},{"type":"Feature","properties":{"id":"100014309","name":"R. João Teodoro, 1331","lines":["5144-10"]},"geometry":{"type":"Point","coordinates":[-46.61977,-23.53527]}},{"type":"Feature","properties":{"id":"100014322","name":"Parada 2 - Concórdia","lines":["208V-10","2552-10","2582-10","3301-10"]},"geometry":{"type":"Point","coordinates":[-46.61612,-23.54275]}},{"type":"Feature","properties":{"id":"100014326","name":"Parada 1 - Concórdia","lines":["4210-10"]},"geometry":{"type":"Point","coordinates":[-46.61447,-23.54175]}},{"type":"Feature","properties":{"id":"100014327","name":"Parada 2 - Hipódromo","lines":["208V-10","2552-10","2582-10","3301-10"]},"geometry":{"type":"Point","coordinates":[-46.61318,-23.54094]}},{"type":"Feature","properties":{"id":"100014328","name":"Parada 1/3 - Inss","lines":["4210-10"]},"geometry":{"type":"Point","coordinates":[-46.61189,-23.5402]}},{"type":"Feature","properties":{"id":"100014329","name":"Parada 1/2/3 - Rubino De Oliveira","lines":["208V-10","2552-10","2582-10","3301-10","4210-10","5144-10"]},"geometry":{"type":"Point","coordinates":[-46.61132,-23.53991]}},{"type":"Feature","properties":{"id":"100014330","name":"R. Rubino De Oliveira, 33","lines":["5144-10"]},"geometry":{"type":"Point","coordinates":[-46.61158,-23.53988]}},{"type":"Feature","properties":{"id":"100014331","name":"R. Oriente, 760","lines":["5144-10"]},"geometry":{"type":"Point","coordinates":[-46.6146,-23.53776]}},{"type":"Feature","properties":{"id":"100014332","name":"R. Oriente, 562","lines":["5144-10"]},"geometry":{"type":"Point","coordinates":[-46.61672,-23.5379]}},{"type":"Feature","properties":{"id":"100014333","name":"R. Oriente, 374","lines":["5144-10"]},"geometry":{"type":"Point","coordinates":[-46.61864,-23.53798]}},{"type":"Feature","properties":{"id":"100014334","name":"R. Oriente, 156","lines":["5144-10"]},"geometry":{"type":"Point","coordinates":[-46.62064,-23.53806]}},{"type":"Feature","properties":{"id":"100014335","name":"R. Mons. Andrade, 871","lines":["5144-10"]},"geometry":{"type":"Point","coordinates":[-46.62223,-23.53774]}},{"type":"Feature","properties":{"id":"100014412","name":"Av. Alcântara Machado, 1000","lines":["3141-10","4310-10","4311-10","4313-10","5141-10"]},"geometry":{"type":"Point","coordinates":[-46.61408,-23.5532]}},{"type":"Feature","properties":{"id":"100014499","name":"Parada 1/3 - Bresser","lines":["4210-10","5144-10"]},"geometry":{"type":"Point","coordinates":[-46.60862,-23.53939]}},{"type":"Feature","properties":{"id":"100014543","name":"Jairo Góes","lines":["208V-10","2552-10","2582-10","3301-10","4210-10"]},"geometry":{"type":"Point","coordinates":[-46.62305,-23.54437]}},{"type":"Feature","properties":{"id":"100014544","name":"Mercúrio","lines":["208V-10","2552-10","2582-10","3301-10","4210-10"]},"geometry":{"type":"Point","coordinates":[-46.62563,-23.54465]}},{"type":"Feature","properties":{"id":"100014547","name":"R. Piratininga, 128","lines":["5630-10"]},"geometry":{"type":"Point","coordinates":[-46.62009,-23.54651]}},{"type":"Feature","properties":{"id":"100014549","name":"R. Piratininga, 738","lines":["5630-10"]},"geometry":{"type":"Point","coordinates":[-46.61689,-23.55108]}},{"type":"Feature","properties":{"id":"100014556","name":"Parada Vasco Da Gama","lines":["2552-10","2582-10","3301-10","5630-10"]},"geometry":{"type":"Point","coordinates":[-46.62193,-23.54609]}},{"type":"Feature","properties":{"id":"100014588","name":"Piratininga","lines":["3141-10","4310-10","4311-10","4313-10","5141-10"]},"geometry":{"type":"Point","coordinates":[-46.61518,-23.5526]}},{"type":"Feature","properties":{"id":"100014589","name":"Av. Alcântara Machado, 351","lines":["3141-10","4310-10","4311-10","4313-10","5141-10","5630-10"]},"geometry":{"type":"Point","coordinates":[-46.62146,-23.55193]}},{"type":"Feature","properties":{"id":"100014591","name":"Hospital D. Pedro II","lines":["3141-10","4310-10","4311-10","4313-10","5141-10"]},"geometry":{"type":"Point","coordinates":[-46.624,-23.5521]}},{"type":"Feature","properties":{"id":"100014592","name":"Av. Alcântara Machado, 464","lines":["3141-10","4310-10","4311-10","4313-10","5141-10"]},"geometry":{"type":"Point","coordinates":[-46.62059,-23.55254]}},{"type":"Feature","properties":{"id":"100015925","name":"R. Prudente De Morais, 265","lines":["5630-10"]},"geometry":{"type":"Point","coordinates":[-46.61643,-23.54682]}},{"type":"Feature","properties":{"id":"100017111","name":"R. S. Caetano, 948","lines":["5144-10"]},"geometry":{"type":"Point","coordinates":[-46.62369,-23.53603]}},{"type":"Feature","properties":{"id":"120011357","name":"Parada Vital Brasil C/B","lines":["809P-10","857P-10","857R-10","8700-1","8700-10"]},"geometry":{"type":"Point","coordinates":[-46.70539,-23.57303]}},{"type":"Feature","properties":{"id":"120011360","name":"Drausio B/C","lines":["809P-10","857P-10","857R-10","8700-1","8700-10"]},"geometry":{"type":"Point","coordinates":[-46.70772,-23.57688]}},{"type":"Feature","properties":{"id":"120011361","name":"Drausio C/B","lines":["809P-10","857P-10","857R-10","8700-1","8700-10"]},"geometry":{"type":"Point","coordinates":[-46.70796,-23.57716]}},{"type":"Feature","properties":{"id":"120011363","name":"Roquete Pinto C/B","lines":["809P-10","857P-10","857R-10","8700-1","8700-10"]},"geometry":{"type":"Point","coordinates":[-46.71171,-23.58127]}},{"type":"Feature","properties":{"id":"120011366","name":"Tres Irmaos B/C","lines":["809P-10","857P-10","857R-10","8700-1","8700-10"]},"geometry":{"type":"Point","coordinates":[-46.71869,-23.58484]}},{"type":"Feature","properties":{"id":"120011367","name":"Tres Irmaos C/B","lines":["809P-10","857P-10","857R-10","8700-1","8700-10"]},"geometry":{"type":"Point","coordinates":[-46.71902,-23.58482]}},{"type":"Feature","properties":{"id":"120015846","name":"Parada 2 - Catequese","lines":["715M-10"]},"geometry":{"type":"Point","coordinates":[-46.70651,-23.57201]}},{"type":"Feature","properties":{"id":"120015869","name":"Av. Dr. Vital Brasil, 684","lines":["715M-10"]},"geometry":{"type":"Point","coordinates":[-46.71065,-23.57045]}},{"type":"Feature","properties":{"id":"120015871","name":"Parada Raul Sadi","lines":["715M-10"]},"geometry":{"type":"Point","coordinates":[-46.71264,-23.56982]}},{"type":"Feature","properties":{"id":"120015872","name":"Av. Corifeu De Azevedo Marques, 150","lines":["715M-10"]},"geometry":{"type":"Point","coordinates":[-46.71724,-23.56994]}},{"type":"Feature","properties":{"id":"120015873","name":"Av. Corifeu De Azevedo Marques, 674","lines":["715M-10"]},"geometry":{"type":"Point","coordinates":[-46.72132,-23.57166]}},{"type":"Feature","properties":{"id":"120015874","name":"Av. Corifeu De Azevedo Marques, 1000","lines":["715M-10"]},"geometry":{"type":"Point","coordinates":[-46.72445,-23.57293]}},{"type":"Feature","properties":{"id":"120015875","name":"Av. Corifeu De Azevedo Marques, 1272","lines":["715M-10"]},"geometry":{"type":"Point","coordinates":[-46.7262,-23.5737]}},{"type":"Feature","properties":{"id":"120015876","name":"Av. Corifeu De Azevedo Marques, 1584","lines":["715M-10"]},"geometry":{"type":"Point","coordinates":[-46.72906,-23.57493]}},{"type":"Feature","properties":{"id":"120015877","name":"Av. Corifeu De Azevedo Marques, 1975","lines":["715M-10"]},"geometry":{"type":"Point","coordinates":[-46.73284,-23.57369]}},{"type":"Feature","properties":{"id":"120017149","name":"Av. Eng. Heitor Antônio Eiras Garcia, 561","lines":["715M-10"]},"geometry":{"type":"Point","coordinates":[-46.74128,-23.57597]}},{"type":"Feature","properties":{"id":"120017158","name":"Av. Eng. Heitor Antônio Eiras Garcia, 1621","lines":["715M-10"]},"geometry":{"type":"Point","coordinates":[-46.74946,-23.5802]}},{"type":"Feature","properties":{"id":"120017164","name":"Av. Eng. Heitor Antônio Eiras Garcia, 2350","lines":["715M-10"]},"geometry":{"type":"Point","coordinates":[-46.75293,-23.58459]}},{"type":"Feature","properties":{"id":"130001102","name":"Av. Inajar De Souza, 15","lines":["209P-1","209P-10"]},"geometry":{"type":"Point","coordinates":[-46.67055,-23.46964]}},{"type":"Feature","properties":{"id":"130001304","name":"Eng. Dias De Barros B/C","lines":["209P-1","209P-10","9501-10"]},"geometry":{"type":"Point","coordinates":[-46.67329,-23.47913]}},{"type":"Feature","properties":{"id":"130001644","name":"Av. Inajar De Souza, 4770","lines":["209P-1","209P-10"]},"geometry":{"type":"Point","coordinates":[-46.67016,-23.4691]}},{"type":"Feature","properties":{"id":"130001650","name":"Av. Jerônimo De Andrade, 16","lines":["209P-1","209P-10"]},"geometry":{"type":"Point","coordinates":[-46.66936,-23.46814]}},{"type":"Feature","properties":{"id":"130001782","name":"Parada 2 - Maternidade C/B","lines":["209P-1","209P-10","9501-10"]},"geometry":{"type":"Point","coordinates":[-46.67303,-23.4788]}},{"type":"Feature","properties":{"id":"130001840","name":"Terminal Vila Nova Cachoeirinha","lines":["9501-10"]},"geometry":{"type":"Point","coordinates":[-46.66983,-23.47531]}},{"type":"Feature","properties":{"id":"140014123","name":"Av. Do Estado, 5316","lines":["5143-10"]},"geometry":{"type":"Point","coordinates":[-46.6207,-23.55708]}},{"type":"Feature","properties":{"id":"140014184","name":"Av. Do Estado, 5588","lines":["5143-10"]},"geometry":{"type":"Point","coordinates":[-46.61636,-23.55844]}},{"type":"Feature","properties":{"id":"140014276","name":"Av. Do Estado, 6637","lines":["5143-10"]},"geometry":{"type":"Point","coordinates":[-46.60979,-23.56604]}},{"type":"Feature","properties":{"id":"140014277","name":"Av. Do Estado, 6391","lines":["5143-10"]},"geometry":{"type":"Point","coordinates":[-46.61112,-23.56364]}},{"type":"Feature","properties":{"id":"140014278","name":"Av. Do Estado, 6025","lines":["5143-10"]},"geometry":{"type":"Point","coordinates":[-46.61189,-23.56216]}},{"type":"Feature","properties":{"id":"140014279","name":"Av. Do Estado, 5785","lines":["5143-10"]},"geometry":{"type":"Point","coordinates":[-46.61332,-23.55991]}},{"type":"Feature","properties":{"id":"140014282","name":"Av. Do Estado, 4835","lines":["5143-10"]},"geometry":{"type":"Point","coordinates":[-46.62253,-23.55587]}},{"type":"Feature","properties":{"id":"140014284","name":"Av. Do Estado, 4505","lines":["5143-10"]},"geometry":{"type":"Point","coordinates":[-46.62488,-23.55392]}},{"type":"Feature","properties":{"id":"140014292","name":"Av. Do Estado, 5848","lines":["5143-10"]},"geometry":{"type":"Point","coordinates":[-46.6134,-23.56064]}},{"type":"Feature","properties":{"id":"140014410","name":"Av. Do Estado, 6728","lines":["5143-10"]},"geometry":{"type":"Point","coordinates":[-46.61031,-23.56604]}},{"type":"Feature","properties":{"id":"140014418","name":"R. Pres. Almeida Couto, 307","lines":["3390-10"]},"geometry":{"type":"Point","coordinates":[-46.60714,-23.56449]}},{"type":"Feature","properties":{"id":"140014419","name":"Av. Arno","lines":["3390-10"]},"geometry":{"type":"Point","coordinates":[-46.60928,-23.56408]}},{"type":"Feature","properties":{"id":"140014420","name":"Av. Arno","lines":["3390-10"]},"geometry":{"type":"Point","coordinates":[-46.60944,-23.56387]}},{"type":"Feature","properties":{"id":"140015933","name":"Av. Do Estado, 4502","lines":["5143-10"]},"geometry":{"type":"Point","coordinates":[-46.62505,-23.55449]}},{"type":"Feature","properties":{"id":"140015934","name":"Av. Do Estado, 5018","lines":["5143-10"]},"geometry":{"type":"Point","coordinates":[-46.62304,-23.55618]}},{"type":"Feature","properties":{"id":"140016067","name":"Av. Lacerda Franco, 1112","lines":["477A-10"]},"geometry":{"type":"Point","coordinates":[-46.62429,-23.57241]}},{"type":"Feature","properties":{"id":"140016068","name":"Av. Lacerda Franco, 1458","lines":["477A-10"]},"geometry":{"type":"Point","coordinates":[-46.62491,-23.5756]}},{"type":"Feature","properties":{"id":"140016368","name":"R. Independência, 240","lines":["3390-10","477A-10","5107-10","5108-10"]},"geometry":{"type":"Point","coordinates":[-46.61936,-23.5653]}},{"type":"Feature","properties":{"id":"140016369","name":"R. Independência, 560","lines":["477A-10","5107-10","5108-10"]},"geometry":{"type":"Point","coordinates":[-46.61692,-23.56718]}},{"type":"Feature","properties":{"id":"140016370","name":"R. Independência, 820","lines":["477A-10","5107-10","5108-10"]},"geometry":{"type":"Point","coordinates":[-46.61445,-23.56746]}},{"type":"Feature","properties":{"id":"140016371","name":"R. Independência, 1000","lines":["477A-10","5107-10","5108-10"]},"geometry":{"type":"Point","coordinates":[-46.61253,-23.56788]}},{"type":"Feature","properties":{"id":"140016381","name":"Av. D. Pedro I, 210","lines":["3390-10"]},"geometry":{"type":"Point","coordinates":[-46.61169,-23.56738]}},{"type":"Feature","properties":{"id":"140016383","name":"R. Clímaco Barbosa, 319","lines":["3390-10","477A-10","5107-10","5108-10"]},"geometry":{"type":"Point","coordinates":[-46.6174,-23.56439]}},{"type":"Feature","properties":{"id":"140016384","name":"R. Clímaco Barbosa, 49","lines":["3390-10","477A-10","5107-10","5108-10"]},"geometry":{"type":"Point","coordinates":[-46.61983,-23.56337]}},{"type":"Feature","properties":{"id":"140016385","name":"Lgo. Do Cambuci, 85","lines":["3390-10","5107-10","5108-10"]},"geometry":{"type":"Point","coordinates":[-46.62121,-23.56247]}},{"type":"Feature","properties":{"id":"140016386","name":"R. Da. Ana Nery, 1201","lines":["3390-10"]},"geometry":{"type":"Point","coordinates":[-46.61799,-23.56436]}},{"type":"Feature","properties":{"id":"140016387","name":"R. Da. Ana Nery, 929","lines":["3390-10"]},"geometry":{"type":"Point","coordinates":[-46.61695,-23.56211]}},{"type":"Feature","properties":{"id":"140016388","name":"Serra De Paracaina","lines":["3390-10"]},"geometry":{"type":"Point","coordinates":[-46.61561,-23.56103]}},{"type":"Feature","properties":{"id":"140016391","name":"Av. Lins De Vasconcelos, 205","lines":["477A-10"]},"geometry":{"type":"Point","coordinates":[-46.62111,-23.56502]}},{"type":"Feature","properties":{"id":"140016393","name":"Av. Lins De Vasconcelos, 423","lines":["477A-10"]},"geometry":{"type":"Point","coordinates":[-46.6215,-23.56698]}},{"type":"Feature","properties":{"id":"140016395","name":"Av. Lins De Vasconcelos, 721","lines":["477A-10"]},"geometry":{"type":"Point","coordinates":[-46.62209,-23.56965]}},{"type":"Feature","properties":{"id":"140016398","name":"Av. Lins De Vasconcelos, 1197","lines":["477A-10"]},"geometry":{"type":"Point","coordinates":[-46.62301,-23.57394]}},{"type":"Feature","properties":{"id":"140016400","name":"Av. Lins De Vasconcelos, 1392","lines":["477A-10"]},"geometry":{"type":"Point","coordinates":[-46.62333,-23.57562]}},{"type":"Feature","properties":{"id":"140017020","name":"R. Do Lavapés, 1095","lines":["3390-10","5107-10","5108-10"]},"geometry":{"type":"Point","coordinates":[-46.62215,-23.56207]}},{"type":"Feature","properties":{"id":"140017022","name":"R. Silveira Da Mota, 35","lines":["3390-10","5107-10","5108-10"]},"geometry":{"type":"Point","coordinates":[-46.62283,-23.55966]}},{"type":"Feature","properties":{"id":"140017023","name":"R. Otto De Alencar, 230","lines":["3390-10","5107-10","5108-10"]},"geometry":{"type":"Point","coordinates":[-46.62475,-23.55891]}},{"type":"Feature","properties":{"id":"150010274","name":"R. Vieira De Moraes, 1140","lines":["675I-10"]},"geometry":{"type":"Point","coordinates":[-46.67141,-23.62252]}},{"type":"Feature","properties":{"id":"150010275","name":"R. Vieira De Moraes, 1374","lines":["675I-10"]},"geometry":{"type":"Point","coordinates":[-46.66959,-23.62398]}},{"type":"Feature","properties":{"id":"150010276","name":"R. Vieira De Moraes, 1666","lines":["675I-10"]},"geometry":{"type":"Point","coordinates":[-46.6672,-23.62564]}},{"type":"Feature","properties":{"id":"150010277","name":"R. Vieira De Moraes, 1928","lines":["675I-10"]},"geometry":{"type":"Point","coordinates":[-46.665,-23.62677]}},{"type":"Feature","properties":{"id":"150010278","name":"R. Vieira De Moraes, 2074","lines":["675I-10"]},"geometry":{"type":"Point","coordinates":[-46.66364,-23.62738]}},{"type":"Feature","properties":{"id":"150010283","name":"R. Dr. Jesuíno Maciel, 1621","lines":["675I-10"]},"geometry":{"type":"Point","coordinates":[-46.66626,-23.62378]}},{"type":"Feature","properties":{"id":"150010284","name":"R. Dr. Jesuíno Maciel, 1275","lines":["675I-10"]},"geometry":{"type":"Point","coordinates":[-46.66895,-23.62154]}},{"type":"Feature","properties":{"id":"150010285","name":"R. Dr. Jesuíno Maciel, 893","lines":["675I-10"]},"geometry":{"type":"Point","coordinates":[-46.67195,-23.61916]}},{"type":"Feature","properties":{"id":"150010290","name":"R. Vieira De Moraes, 764","lines":["675I-10"]},"geometry":{"type":"Point","coordinates":[-46.67404,-23.62039]}},{"type":"Feature","properties":{"id":"150010293","name":"R. Dr. Jesuíno Maciel, 125","lines":["675I-10"]},"geometry":{"type":"Point","coordinates":[-46.67777,-23.61454]}},{"type":"Feature","properties":{"id":"150010294","name":"R. Vieira De Moraes, 103","lines":["675I-10"]},"geometry":{"type":"Point","coordinates":[-46.67908,-23.61639]}},{"type":"Feature","properties":{"id":"150010295","name":"R. Vieira De Moraes, 398","lines":["675I-10"]},"geometry":{"type":"Point","coordinates":[-46.67688,-23.61815]}},{"type":"Feature","properties":{"id":"150010306","name":"Av. Sta. Catarina, 136","lines":["695X-10"]},"geometry":{"type":"Point","coordinates":[-46.67054,-23.63848]}},{"type":"Feature","properties":{"id":"150010307","name":"Av. Sta. Catarina, 305","lines":["695X-10"]},"geometry":{"type":"Point","coordinates":[-46.66942,-23.63921]}},{"type":"Feature","properties":{"id":"150010308","name":"Av. Sta. Catarina, 440","lines":["695X-10"]},"geometry":{"type":"Point","coordinates":[-46.66832,-23.64027]}},{"type":"Feature","properties":{"id":"150010309","name":"R. Dr. Abelardo Vergueiro Cesar, 179","lines":["695X-10"]},"geometry":{"type":"Point","coordinates":[-46.66975,-23.63737]}},{"type":"Feature","properties":{"id":"150010310","name":"R. Dr. Abelardo Vergueiro Cesar, 45","lines":["695X-10"]},"geometry":{"type":"Point","coordinates":[-46.66886,-23.63644]}},{"type":"Feature","properties":{"id":"150010311","name":"Av. Sta. Catarina, 571","lines":["695X-10"]},"geometry":{"type":"Point","coordinates":[-46.66705,-23.64109]}},{"type":"Feature","properties":{"id":"150010325","name":"Av. Dr. Lino De Moraes Leme, 91","lines":["175T-10"]},"geometry":{"type":"Point","coordinates":[-46.6603,-23.63357]}},{"type":"Feature","properties":{"id":"150010326","name":"Av. Dr. Lino De Moraes Leme, 55","lines":["175T-10"]},"geometry":{"type":"Point","coordinates":[-46.65998,-23.63316]}},{"type":"Feature","properties":{"id":"150010505","name":"R. Tamoios, 60","lines":["175T-10","675I-10"]},"geometry":{"type":"Point","coordinates":[-46.66644,-23.6297]}},{"type":"Feature","properties":{"id":"150010506","name":"R. Tamoios, 186","lines":["175T-10"]},"geometry":{"type":"Point","coordinates":[-46.66537,-23.63015]}},{"type":"Feature","properties":{"id":"150010507","name":"R. Tamoios, 410","lines":["175T-10"]},"geometry":{"type":"Point","coordinates":[-46.66348,-23.63107]}},{"type":"Feature","properties":{"id":"150010508","name":"R. Tamoios, 466","lines":["175T-10"]},"geometry":{"type":"Point","coordinates":[-46.66298,-23.63137]}},{"type":"Feature","properties":{"id":"150010509","name":"R. Tamoios, 584","lines":["175T-10"]},"geometry":{"type":"Point","coordinates":[-46.6618,-23.63187]}},{"type":"Feature","properties":{"id":"150010510","name":"R. Tamoios, 650","lines":["175T-10"]},"geometry":{"type":"Point","coordinates":[-46.66136,-23.63216]}},{"type":"Feature","properties":{"id":"150010513","name":"Av. Pedro Bueno, 908","lines":["175T-10"]},"geometry":{"type":"Point","coordinates":[-46.65173,-23.63684]}},{"type":"Feature","properties":{"id":"150010514","name":"Av. Pedro Bueno, 1194","lines":["175T-10"]},"geometry":{"type":"Point","coordinates":[-46.65399,-23.63783]}},{"type":"Feature","properties":{"id":"150010515","name":"Av. Pedro Bueno, 1448","lines":["175T-10"]},"geometry":{"type":"Point","coordinates":[-46.65641,-23.638]}},{"type":"Feature","properties":{"id":"150010516","name":"Av. João Pedro Cardoso, 465","lines":["175T-10"]},"geometry":{"type":"Point","coordinates":[-46.65778,-23.63671]}},{"type":"Feature","properties":{"id":"150010517","name":"Av. João Pedro Cardoso, 131","lines":["175T-10"]},"geometry":{"type":"Point","coordinates":[-46.65943,-23.6348]}},{"type":"Feature","properties":{"id":"150010518","name":"Av. João Pedro Cardoso, 158","lines":["175T-10"]},"geometry":{"type":"Point","coordinates":[-46.65895,-23.63504]}},{"type":"Feature","properties":{"id":"150010519","name":"Av. João Pedro Cardoso, 562","lines":["175T-10"]},"geometry":{"type":"Point","coordinates":[-46.65803,-23.63781]}},{"type":"Feature","properties":{"id":"150010520","name":"Av. Pedro Bueno, 1499","lines":["175T-10"]},"geometry":{"type":"Point","coordinates":[-46.6569,-23.63832]}},{"type":"Feature","properties":{"id":"150010521","name":"Av. Pedro Bueno, 1149","lines":["175T-10"]},"geometry":{"type":"Point","coordinates":[-46.65346,-23.63806]}},{"type":"Feature","properties":{"id":"150010522","name":"Av. Pedro Bueno, 817","lines":["175T-10"]},"geometry":{"type":"Point","coordinates":[-46.65083,-23.63633]}},{"type":"Feature","properties":{"id":"150015549","name":"Av. Washington Luiz, 4512","lines":["5178-10","5630-10","695X-10"]},"geometry":{"type":"Point","coordinates":[-46.67307,-23.63946]}},{"type":"Feature","properties":{"id":"150015550","name":"Av. Washington Luiz, 4872","lines":["5178-10","5630-10"]},"geometry":{"type":"Point","coordinates":[-46.6706,-23.63684]}},{"type":"Feature","properties":{"id":"150015551","name":"Av. Washington Luiz, 5850","lines":["5178-10","5630-10"]},"geometry":{"type":"Point","coordinates":[-46.66645,-23.62935]}},{"type":"Feature","properties":{"id":"150015554","name":"Lineu Gomes","lines":["175T-10","5178-10","5630-10","675I-10"]},"geometry":{"type":"Point","coordinates":[-46.66141,-23.62463]}},{"type":"Feature","properties":{"id":"150015556","name":"Félix De Sousa","lines":["175T-10","5178-10","5630-10","675I-10"]},"geometry":{"type":"Point","coordinates":[-46.66192,-23.62272]}},{"type":"Feature","properties":{"id":"150015557","name":"Av. Washington Luiz, 6675","lines":["175T-10","5178-10","5630-10","675I-10"]},"geometry":{"type":"Point","coordinates":[-46.66185,-23.62498]}},{"type":"Feature","properties":{"id":"150015560","name":"Av. Washington Luiz, 4859","lines":["5178-10","5630-10","695X-10"]},"geometry":{"type":"Point","coordinates":[-46.67092,-23.63687]}},{"type":"Feature","properties":{"id":"150015561","name":"Av. Washington Luiz, 4645","lines":["5178-10","5630-10","695X-10"]},"geometry":{"type":"Point","coordinates":[-46.6722,-23.63823]}},{"type":"Feature","properties":{"id":"150015661","name":"Gabriele D Annunzio B/C","lines":["5300-10","5318-10","5370-10","5391-10","6455-10","675K-10","675X-10"]},"geometry":{"type":"Point","coordinates":[-46.6781,-23.62053]}},{"type":"Feature","properties":{"id":"150015662","name":"Gabriele D Annunzio C/B","lines":["5300-10","5318-10","5370-10","5391-10","6455-10","675K-10","675X-10"]},"geometry":{"type":"Point","coordinates":[-46.67826,-23.62061]}},{"type":"Feature","properties":{"id":"150015663","name":"Vieira De Morais B/C","lines":["5300-10","5318-10","5370-10","5391-10","6455-10","675K-10","675X-10"]},"geometry":{"type":"Point","coordinates":[-46.67589,-23.61823]}},{"type":"Feature","properties":{"id":"150015664","name":"Vieira De Morais C/B","lines":["5300-10","5318-10","5370-10","5391-10","6455-10","675K-10","675X-10"]},"geometry":{"type":"Point","coordinates":[-46.67538,-23.61757]}},{"type":"Feature","properties":{"id":"150015665","name":"Morais De Barros B/C","lines":["5300-10","5318-10","5370-10","5391-10","6455-10","675K-10","675X-10"]},"geometry":{"type":"Point","coordinates":[-46.67357,-23.61575]}},{"type":"Feature","properties":{"id":"150015738","name":"Parada 1 - Morumbi B/C","lines":["5111-10","6505-10","6913-10","6913-21","7550-10"]},"geometry":{"type":"Point","coordinates":[-46.68529,-23.62351]}},{"type":"Feature","properties":{"id":"150015739","name":"Parada 2 - Morumbi C/B","lines":["516N-10","637G-10","675I-10"]},"geometry":{"type":"Point","coordinates":[-46.68442,-23.62211]}},{"type":"Feature","properties":{"id":"150015801","name":"Av. Prof. Vicente Ráo, 615","lines":["516N-10"]},"geometry":{"type":"Point","coordinates":[-46.68353,-23.63056]}},{"type":"Feature","properties":{"id":"160009790","name":"Av. Interlagos, 4200","lines":["5630-10","695X-10"]},"geometry":{"type":"Point","coordinates":[-46.69345,-23.6858]}},{"type":"Feature","properties":{"id":"160009800","name":"Av. Interlagos, 4455","lines":["5630-10","695X-10"]},"geometry":{"type":"Point","coordinates":[-46.69319,-23.68587]}},{"type":"Feature","properties":{"id":"160010440","name":"R. Vicentina Gomes, 102","lines":["6960-10","6970-10"]},"geometry":{"type":"Point","coordinates":[-46.70781,-23.66484]}},{"type":"Feature","properties":{"id":"160015524","name":"Av. Interlagos, 333","lines":["5630-10","695X-10"]},"geometry":{"type":"Point","coordinates":[-46.67983,-23.65593]}},{"type":"Feature","properties":{"id":"160015527","name":"Av. Interlagos, 1464","lines":["5630-10","695X-10"]},"geometry":{"type":"Point","coordinates":[-46.67798,-23.66616]}},{"type":"Feature","properties":{"id":"160015529","name":"Av. Interlagos, 2554","lines":["5630-10","695X-10"]},"geometry":{"type":"Point","coordinates":[-46.67917,-23.67569]}},{"type":"Feature","properties":{"id":"160015530","name":"Av. Interlagos, 2760","lines":["5630-10","695X-10"]},"geometry":{"type":"Point","coordinates":[-46.68112,-23.67704]}},{"type":"Feature","properties":{"id":"160015531","name":"Av. Interlagos, 3024","lines":["5630-10","695X-10"]},"geometry":{"type":"Point","coordinates":[-46.68343,-23.67784]}},{"type":"Feature","properties":{"id":"160015532","name":"Av. Interlagos, 3304","lines":["5630-10","695X-10"]},"geometry":{"type":"Point","coordinates":[-46.68593,-23.67916]}},{"type":"Feature","properties":{"id":"160015533","name":"Av. Interlagos, 3493","lines":["5630-10","695X-10"]},"geometry":{"type":"Point","coordinates":[-46.68802,-23.6808]}},{"type":"Feature","properties":{"id":"160015534","name":"Av. Interlagos, 3800","lines":["5630-10","695X-10"]},"geometry":{"type":"Point","coordinates":[-46.68956,-23.68198]}},{"type":"Feature","properties":{"id":"160015535","name":"Av. Interlagos, 3501","lines":["5630-10","695X-10"]},"geometry":{"type":"Point","coordinates":[-46.68899,-23.68175]}},{"type":"Feature","properties":{"id":"160015536","name":"Av. Interlagos, 3337","lines":["5630-10","695X-10"]},"geometry":{"type":"Point","coordinates":[-46.68576,-23.67922]}},{"type":"Feature","properties":{"id":"160015537","name":"Av. Interlagos, 3060","lines":["5630-10","695X-10"]},"geometry":{"type":"Point","coordinates":[-46.68358,-23.67804]}},{"type":"Feature","properties":{"id":"160015538","name":"Av. Interlagos, 2729","lines":["5630-10","695X-10"]},"geometry":{"type":"Point","coordinates":[-46.6807,-23.67705]}},{"type":"Feature","properties":{"id":"160015539","name":"Av. Interlagos, 2117","lines":["5630-10","695X-10"]},"geometry":{"type":"Point","coordinates":[-46.67761,-23.6735]}},{"type":"Feature","properties":{"id":"160015540","name":"Av. Interlagos, 1661","lines":["5630-10","695X-10"]},"geometry":{"type":"Point","coordinates":[-46.67779,-23.66897]}},{"type":"Feature","properties":{"id":"160015541","name":"Av. Interlagos, 1547","lines":["5630-10","695X-10"]},"geometry":{"type":"Point","coordinates":[-46.67769,-23.66692]}},{"type":"Feature","properties":{"id":"160015544","name":"Av. Interlagos, 519","lines":["5630-10","695X-10"]},"geometry":{"type":"Point","coordinates":[-46.6796,-23.65785]}},{"type":"Feature","properties":{"id":"160015545","name":"Av. Interlagos, 285","lines":["5630-10","695X-10"]},"geometry":{"type":"Point","coordinates":[-46.67974,-23.65522]}},{"type":"Feature","properties":{"id":"170011191","name":"Estr. Do Campo Limpo, 3410","lines":["7060-10","807A-10"]},"geometry":{"type":"Point","coordinates":[-46.77253,-23.63275]}},{"type":"Feature","properties":{"id":"170011193","name":"Estr. Do Campo Limpo, 4062","lines":["809P-10","857P-10","857R-10","8700-1","8700-10"]},"geometry":{"type":"Point","coordinates":[-46.76754,-23.62829]}},{"type":"Feature","properties":{"id":"170011194","name":"Estr. Do Campo Limpo, 4531","lines":["809P-10","857P-10","857R-10","8700-1","8700-10"]},"geometry":{"type":"Point","coordinates":[-46.76683,-23.62723]}},{"type":"Feature","properties":{"id":"170011195","name":"Estr. Do Campo Limpo, 4551","lines":["809P-10","857P-10","857R-10","8700-1","8700-10"]},"geometry":{"type":"Point","coordinates":[-46.76504,-23.6251]}},{"type":"Feature","properties":{"id":"170011196","name":"Estr. Do Campo Limpo, 4806","lines":["809P-10","857P-10","857R-10","8700-1","8700-10"]},"geometry":{"type":"Point","coordinates":[-46.76315,-23.62301]}},{"type":"Feature","properties":{"id":"170011197","name":"Estr. Do Campo Limpo, 4805","lines":["809P-10","857P-10","857R-10","8700-1","8700-10"]},"geometry":{"type":"Point","coordinates":[-46.76295,-23.62277]}},{"type":"Feature","properties":{"id":"170011198","name":"Estr. Do Campo Limpo, 5068","lines":["809P-10","857P-10","857R-10","8700-1","8700-10"]},"geometry":{"type":"Point","coordinates":[-46.76076,-23.62234]}},{"type":"Feature","properties":{"id":"170011199","name":"Estr. Do Campo Limpo, 5081","lines":["809P-10","857P-10","857R-10","8700-1","8700-10"]},"geometry":{"type":"Point","coordinates":[-46.7604,-23.62217]}},{"type":"Feature","properties":{"id":"170011200","name":"Estr. Do Campo Limpo, 5288","lines":["809P-10","857P-10","857R-10","8700-1","8700-10"]},"geometry":{"type":"Point","coordinates":[-46.75835,-23.62199]}},{"type":"Feature","properties":{"id":"170011201","name":"Estr. Do Campo Limpo, 5551","lines":["809P-10","857P-10","857R-10","8700-1","8700-10"]},"geometry":{"type":"Point","coordinates":[-46.75798,-23.61999]}},{"type":"Feature","properties":{"id":"170011202","name":"Estr. Do Campo Limpo, 5554","lines":["809P-10","857P-10","857R-10","8700-1","8700-10"]},"geometry":{"type":"Point","coordinates":[-46.75785,-23.61988]}},{"type":"Feature","properties":{"id":"170011203","name":"Estr. Do Campo Limpo, 6903","lines":["809P-10","857P-10","857R-10","8700-1","8700-10"]},"geometry":{"type":"Point","coordinates":[-46.75796,-23.61746]}},{"type":"Feature","properties":{"id":"170011206","name":"Estr. Do Campo Limpo, 6443","lines":["809P-10","857P-10","857R-10","8700-1","8700-10"]},"geometry":{"type":"Point","coordinates":[-46.75494,-23.61279]}},{"type":"Feature","properties":{"id":"170011512","name":"Terminal Campo Limpo","lines":["857R-10"]},"geometry":{"type":"Point","coordinates":[-46.77293,-23.63084]}},{"type":"Feature","properties":{"id":"170011521","name":"Terminal Campo Limpo","lines":["807A-10"]},"geometry":{"type":"Point","coordinates":[-46.77339,-23.63065]}},{"type":"Feature","properties":{"id":"170011537","name":"Terminal Campo Limpo","lines":["857P-10"]},"geometry":{"type":"Point","coordinates":[-46.77317,-23.63118]}},{"type":"Feature","properties":{"id":"170011538","name":"Terminal Campo Limpo","lines":["809P-10"]},"geometry":{"type":"Point","coordinates":[-46.77346,-23.63105]}},{"type":"Feature","properties":{"id":"170011540","name":"Terminal Campo Limpo","lines":["7060-10"]},"geometry":{"type":"Point","coordinates":[-46.774,-23.63083]}},{"type":"Feature","properties":{"id":"170011923","name":"Ac. Acesso A","lines":["807A-10"]},"geometry":{"type":"Point","coordinates":[-46.75954,-23.64923]}},{"type":"Feature","properties":{"id":"170013001","name":"Estr. Do Campo Limpo, 1062","lines":["807A-10"]},"geometry":{"type":"Point","coordinates":[-46.76338,-23.64764]}},{"type":"Feature","properties":{"id":"170013002","name":"Estr. Do Campo Limpo, 1082","lines":["807A-10"]},"geometry":{"type":"Point","coordinates":[-46.76353,-23.64719]}},{"type":"Feature","properties":{"id":"170013003","name":"Estr. Do Campo Limpo, 1308","lines":["807A-10"]},"geometry":{"type":"Point","coordinates":[-46.76394,-23.64521]}},{"type":"Feature","properties":{"id":"170013004","name":"Estr. Do Campo Limpo, 1334","lines":["807A-10"]},"geometry":{"type":"Point","coordinates":[-46.7639,-23.64505]}},{"type":"Feature","properties":{"id":"170013006","name":"Estr. Do Campo Limpo, 1710","lines":["807A-10"]},"geometry":{"type":"Point","coordinates":[-46.76598,-23.64232]}},{"type":"Feature","properties":{"id":"170013008","name":"Estr. Do Campo Limpo, 1843","lines":["807A-10"]},"geometry":{"type":"Point","coordinates":[-46.76649,-23.64119]}},{"type":"Feature","properties":{"id":"170013009","name":"Estr. Do Campo Limpo, 2127","lines":["807A-10"]},"geometry":{"type":"Point","coordinates":[-46.76714,-23.63862]}},{"type":"Feature","properties":{"id":"170013010","name":"Estr. Do Campo Limpo, 2272","lines":["807A-10"]},"geometry":{"type":"Point","coordinates":[-46.76804,-23.63772]}},{"type":"Feature","properties":{"id":"170013011","name":"Estr. Do Campo Limpo, 2437","lines":["807A-10"]},"geometry":{"type":"Point","coordinates":[-46.76906,-23.63685]}},{"type":"Feature","properties":{"id":"170013012","name":"Estr. Do Campo Limpo, 2740","lines":["807A-10"]},"geometry":{"type":"Point","coordinates":[-46.77016,-23.63411]}},{"type":"Feature","properties":{"id":"170013013","name":"Estr. Do Campo Limpo, 2781","lines":["807A-10"]},"geometry":{"type":"Point","coordinates":[-46.77044,-23.63396]}},{"type":"Feature","properties":{"id":"170013014","name":"Estr. Do Campo Limpo, 3000","lines":["807A-10"]},"geometry":{"type":"Point","coordinates":[-46.7726,-23.63372]}},{"type":"Feature","properties":{"id":"170013015","name":"Estr. Do Campo Limpo, 3001","lines":["807A-10"]},"geometry":{"type":"Point","coordinates":[-46.77261,-23.63382]}},{"type":"Feature","properties":{"id":"170013016","name":"Av. Carlos Lacerda, 89","lines":["7060-10"]},"geometry":{"type":"Point","coordinates":[-46.77479,-23.6345]}},{"type":"Feature","properties":{"id":"170013017","name":"Av. Carlos Lacerda, 260","lines":["7060-10"]},"geometry":{"type":"Point","coordinates":[-46.77628,-23.63543]}},{"type":"Feature","properties":{"id":"170013018","name":"Av. Carlos Lacerda, 451","lines":["7060-10"]},"geometry":{"type":"Point","coordinates":[-46.77764,-23.63635]}},{"type":"Feature","properties":{"id":"170013021","name":"Av. Carlos Lacerda, 997","lines":["7060-10"]},"geometry":{"type":"Point","coordinates":[-46.77988,-23.64022]}},{"type":"Feature","properties":{"id":"170013023","name":"Av. Carlos Lacerda, 1462","lines":["7060-10"]},"geometry":{"type":"Point","coordinates":[-46.77961,-23.64425]}},{"type":"Feature","properties":{"id":"170013024","name":"Av. Carlos Lacerda, 1425","lines":["7060-10"]},"geometry":{"type":"Point","coordinates":[-46.77949,-23.64425]}},{"type":"Feature","properties":{"id":"170013025","name":"Av. Carlos Lacerda, 1659","lines":["7060-10"]},"geometry":{"type":"Point","coordinates":[-46.77925,-23.64605]}},{"type":"Feature","properties":{"id":"170013026","name":"Av. Carlos Lacerda, 1658","lines":["7060-10"]},"geometry":{"type":"Point","coordinates":[-46.77934,-23.64602]}},{"type":"Feature","properties":{"id":"170013027","name":"Av. Carlos Lacerda, 1790","lines":["7060-10"]},"geometry":{"type":"Point","coordinates":[-46.7791,-23.64722]}},{"type":"Feature","properties":{"id":"170013028","name":"Av. Carlos Lacerda, 2164","lines":["7060-10"]},"geometry":{"type":"Point","coordinates":[-46.77899,-23.65094]}},{"type":"Feature","properties":{"id":"170013029","name":"Av. Carlos Lacerda, 2263","lines":["7060-10"]},"geometry":{"type":"Point","coordinates":[-46.77863,-23.65143]}},{"type":"Feature","properties":{"id":"170013030","name":"Av. Carlos Lacerda, 1863","lines":["7060-10"]},"geometry":{"type":"Point","coordinates":[-46.7789,-23.64786]}},{"type":"Feature","properties":{"id":"180005263","name":"Av. Cangaiba, 3912","lines":["1178-10","1178-31"]},"geometry":{"type":"Point","coordinates":[-46.51928,-23.50529]}},{"type":"Feature","properties":{"id":"180005264","name":"Av. Cangaiba, 3855","lines":["1178-10","1178-31"]},"geometry":{"type":"Point","coordinates":[-46.51992,-23.50506]}},{"type":"Feature","properties":{"id":"180005265","name":"Av. Cangaiba, 3609","lines":["1178-10","1178-31"]},"geometry":{"type":"Point","coordinates":[-46.52212,-23.5057]}},{"type":"Feature","properties":{"id":"180005266","name":"Av. Cangaiba, 3516","lines":["1178-10","1178-31"]},"geometry":{"type":"Point","coordinates":[-46.5227,-23.50622]}},{"type":"Feature","properties":{"id":"180005267","name":"Av. Cangaiba, 3423","lines":["1178-10","1178-31"]},"geometry":{"type":"Point","coordinates":[-46.52345,-23.50591]}},{"type":"Feature","properties":{"id":"180005268","name":"Av. Cangaiba, 3155","lines":["1178-10","1178-31"]},"geometry":{"type":"Point","coordinates":[-46.52546,-23.50613]}},{"type":"Feature","properties":{"id":"180005269","name":"Av. Cangaiba, 3088","lines":["1178-10","1178-31"]},"geometry":{"type":"Point","coordinates":[-46.52606,-23.50609]}},{"type":"Feature","properties":{"id":"180005270","name":"Av. Cangaiba, 2921","lines":["1178-10","1178-31"]},"geometry":{"type":"Point","coordinates":[-46.52758,-23.50587]}},{"type":"Feature","properties":{"id":"180005271","name":"Av. Cangaiba, 2836","lines":["1178-10","1178-31"]},"geometry":{"type":"Point","coordinates":[-46.52842,-23.50615]}},{"type":"Feature","properties":{"id":"180005272","name":"Av. Cangaiba, 2673","lines":["1178-10","1178-31"]},"geometry":{"type":"Point","coordinates":[-46.53,-23.50591]}},{"type":"Feature","properties":{"id":"180005273","name":"Av. Cangaiba","lines":["1178-10","1178-31"]},"geometry":{"type":"Point","coordinates":[-46.53242,-23.50673]}},{"type":"Feature","properties":{"id":"180005274","name":"Av. Cangaiba, 2295","lines":["1178-10","1178-31"]},"geometry":{"type":"Point","coordinates":[-46.53322,-23.50719]}},{"type":"Feature","properties":{"id":"180005275","name":"Av. Cangaiba, 2084","lines":["1178-10","1178-31"]},"geometry":{"type":"Point","coordinates":[-46.53505,-23.50816]}},{"type":"Feature","properties":{"id":"180005276","name":"Av. Cangaiba, 2047","lines":["1178-10","1178-31"]},"geometry":{"type":"Point","coordinates":[-46.5364,-23.508]}},{"type":"Feature","properties":{"id":"180005277","name":"Av. Cangaiba, 1749","lines":["1178-10","1178-31"]},"geometry":{"type":"Point","coordinates":[-46.53808,-23.5084]}},{"type":"Feature","properties":{"id":"180005278","name":"Av. Cangaiba, 1471","lines":["1178-10","1178-31"]},"geometry":{"type":"Point","coordinates":[-46.54001,-23.51028]}},{"type":"Feature","properties":{"id":"180005279","name":"Av. Cangaiba, 1530","lines":["1178-10","1178-31"]},"geometry":{"type":"Point","coordinates":[-46.53953,-23.50992]}},{"type":"Feature","properties":{"id":"180005280","name":"Av. Cangaiba, 1312","lines":["1178-10","1178-31"]},"geometry":{"type":"Point","coordinates":[-46.54136,-23.51081]}},{"type":"Feature","properties":{"id":"180005282","name":"Av. Cangaiba, 1121","lines":["1178-10","1178-31"]},"geometry":{"type":"Point","coordinates":[-46.54299,-23.51106]}},{"type":"Feature","properties":{"id":"180005284","name":"Av. Cangaiba, 900","lines":["1178-10","1178-31"]},"geometry":{"type":"Point","coordinates":[-46.54505,-23.51197]}},{"type":"Feature","properties":{"id":"180005285","name":"Av. Cangaiba, 861","lines":["1178-10","1178-31"]},"geometry":{"type":"Point","coordinates":[-46.54542,-23.51212]}},{"type":"Feature","properties":{"id":"180005298","name":"Av. Alfredo Ribeiro De Castro, 654","lines":["1178-10","1178-31"]},"geometry":{"type":"Point","coordinates":[-46.51975,-23.49953]}},{"type":"Feature","properties":{"id":"180005299","name":"Av. Alfredo Ribeiro De Castro, 543","lines":["1178-10","1178-31"]},"geometry":{"type":"Point","coordinates":[-46.52006,-23.50033]}},{"type":"Feature","properties":{"id":"180005300","name":"Av. Alfredo Ribeiro De Castro, 300","lines":["1178-10","1178-31"]},"geometry":{"type":"Point","coordinates":[-46.51961,-23.50269]}},{"type":"Feature","properties":{"id":"180005301","name":"Av. Alfredo Ribeiro De Castro, 173","lines":["1178-10","1178-31"]},"geometry":{"type":"Point","coordinates":[-46.51951,-23.50342]}},{"type":"Feature","properties":{"id":"180005707","name":"Av. Gov. Carvalho Pinto, 2939","lines":["3301-10"]},"geometry":{"type":"Point","coordinates":[-46.52153,-23.5135]}},{"type":"Feature","properties":{"id":"180005710","name":"Av. Gov. Carvalho Pinto, 2115","lines":["3301-10"]},"geometry":{"type":"Point","coordinates":[-46.53003,-23.51391]}},{"type":"Feature","properties":{"id":"180005711","name":"Av. Gov. Carvalho Pinto, 1703","lines":["3301-10"]},"geometry":{"type":"Point","coordinates":[-46.53292,-23.51417]}},{"type":"Feature","properties":{"id":"180005712","name":"Av. Gov. Carvalho Pinto, 1471","lines":["3301-10"]},"geometry":{"type":"Point","coordinates":[-46.53565,-23.51434]}},{"type":"Feature","properties":{"id":"180005713","name":"R. Dr. Assis Ribeiro, 1926","lines":["2582-10"]},"geometry":{"type":"Point","coordinates":[-46.53501,-23.50267]}},{"type":"Feature","properties":{"id":"180005715","name":"R. Dr. Assis Ribeiro, 2160","lines":["2582-10"]},"geometry":{"type":"Point","coordinates":[-46.53274,-23.50135]}},{"type":"Feature","properties":{"id":"180005717","name":"R. Dr. Assis Ribeiro, 2575","lines":["2582-10"]},"geometry":{"type":"Point","coordinates":[-46.52984,-23.49975]}},{"type":"Feature","properties":{"id":"180005718","name":"R. Dr. Assis Ribeiro, 2646","lines":["2582-10"]},"geometry":{"type":"Point","coordinates":[-46.52851,-23.49992]}},{"type":"Feature","properties":{"id":"180005719","name":"R. Dr. Assis Ribeiro, 2922","lines":["2582-10"]},"geometry":{"type":"Point","coordinates":[-46.52604,-23.49986]}},{"type":"Feature","properties":{"id":"180005720","name":"R. Dr. Assis Ribeiro, 2984","lines":["2582-10"]},"geometry":{"type":"Point","coordinates":[-46.5252,-23.5001]}},{"type":"Feature","properties":{"id":"180005721","name":"Pça. Xavier Pinto Lima, 0","lines":["1178-10","1178-31"]},"geometry":{"type":"Point","coordinates":[-46.52282,-23.49927]}},{"type":"Feature","properties":{"id":"180005722","name":"R. Dr. Assis Ribeiro, 3300","lines":["2582-10"]},"geometry":{"type":"Point","coordinates":[-46.52266,-23.49951]}},{"type":"Feature","properties":{"id":"180005723","name":"R. Dr. Assis Ribeiro, 3688","lines":["2582-10"]},"geometry":{"type":"Point","coordinates":[-46.51976,-23.49865]}},{"type":"Feature","properties":{"id":"180005724","name":"R. Dr. Assis Ribeiro, 3682","lines":["1178-10","1178-31","2582-10"]},"geometry":{"type":"Point","coordinates":[-46.51898,-23.49814]}},{"type":"Feature","properties":{"id":"180005725","name":"R. Dr. Assis Ribeiro, 3812","lines":["1178-10","1178-31","2582-10"]},"geometry":{"type":"Point","coordinates":[-46.51771,-23.49784]}},{"type":"Feature","properties":{"id":"180005726","name":"R. Dr. Assis Ribeiro, 4095","lines":["1178-10","1178-31","2582-10"]},"geometry":{"type":"Point","coordinates":[-46.51539,-23.49681]}},{"type":"Feature","properties":{"id":"180005727","name":"R. Dr. Assis Ribeiro, 4142","lines":["1178-10","1178-31","2582-10"]},"geometry":{"type":"Point","coordinates":[-46.51505,-23.4969]}},{"type":"Feature","properties":{"id":"180005728","name":"R. Dr. Assis Ribeiro, 4400","lines":["1178-10","1178-31","2582-10"]},"geometry":{"type":"Point","coordinates":[-46.5115,-23.49613]}},{"type":"Feature","properties":{"id":"180005729","name":"R. Dr. Assis Ribeiro, 4402","lines":["1178-10","1178-31","2582-10"]},"geometry":{"type":"Point","coordinates":[-46.51107,-23.49623]}},{"type":"Feature","properties":{"id":"180005730","name":"R. Dr. Assis Ribeiro, 4801","lines":["1178-10","1178-31","2582-10"]},"geometry":{"type":"Point","coordinates":[-46.50895,-23.49556]}},{"type":"Feature","properties":{"id":"180005731","name":"R. Dr. Assis Ribeiro, 4941","lines":["1178-10","1178-31","2582-10"]},"geometry":{"type":"Point","coordinates":[-46.50786,-23.49423]}},{"type":"Feature","properties":{"id":"180005732","name":"R. Dr. Assis Ribeiro, 5100","lines":["1178-10","1178-31","2582-10"]},"geometry":{"type":"Point","coordinates":[-46.50573,-23.49185]}},{"type":"Feature","properties":{"id":"180005733","name":"R. Dr. Assis Ribeiro, 5313","lines":["1178-10","1178-31","2582-10"]},"geometry":{"type":"Point","coordinates":[-46.50591,-23.49174]}},{"type":"Feature","properties":{"id":"180005734","name":"R. Dr. Assis Ribeiro, 5633","lines":["1178-10","1178-31","2582-10"]},"geometry":{"type":"Point","coordinates":[-46.50496,-23.48924]}},{"type":"Feature","properties":{"id":"180005748","name":"R. Dr. Assis Ribeiro, 1602","lines":["2582-10"]},"geometry":{"type":"Point","coordinates":[-46.53755,-23.50391]}},{"type":"Feature","properties":{"id":"180005749","name":"R. Dr. Assis Ribeiro, 1428","lines":["2582-10"]},"geometry":{"type":"Point","coordinates":[-46.5388,-23.50487]}},{"type":"Feature","properties":{"id":"180005750","name":"R. Dr. Assis Ribeiro, 1372","lines":["2582-10"]},"geometry":{"type":"Point","coordinates":[-46.53953,-23.50505]}},{"type":"Feature","properties":{"id":"180005752","name":"R. Dr. Assis Ribeiro, 744","lines":["2582-10"]},"geometry":{"type":"Point","coordinates":[-46.5435,-23.50859]}},{"type":"Feature","properties":{"id":"180005753","name":"R. Dr. Assis Ribeiro, 442","lines":["2582-10"]},"geometry":{"type":"Point","coordinates":[-46.54633,-23.50945]}},{"type":"Feature","properties":{"id":"180005754","name":"R. Dr. Assis Ribeiro, 418","lines":["2582-10"]},"geometry":{"type":"Point","coordinates":[-46.54684,-23.50924]}},{"type":"Feature","properties":{"id":"180005756","name":"R. Dr. Assis Ribeiro, 230","lines":["2582-10"]},"geometry":{"type":"Point","coordinates":[-46.54896,-23.50913]}},{"type":"Feature","properties":{"id":"180012388","name":"Av. Cangaiba, 403","lines":["1178-10","1178-31"]},"geometry":{"type":"Point","coordinates":[-46.5461,-23.51611]}},{"type":"Feature","properties":{"id":"180012689","name":"Av. Gov. Carvalho Pinto, 853","lines":["3301-10"]},"geometry":{"type":"Point","coordinates":[-46.54087,-23.51356]}},{"type":"Feature","properties":{"id":"180012690","name":"Av. Gov. Carvalho Pinto, 417","lines":["3301-10"]},"geometry":{"type":"Point","coordinates":[-46.54577,-23.51384]}},{"type":"Feature","properties":{"id":"190011824","name":"Av. Agostinho Rubin, 327","lines":["6805-10"]},"geometry":{"type":"Point","coordinates":[-46.76033,-23.65837]}},{"type":"Feature","properties":{"id":"190011826","name":"Av. Agostinho Rubin, 571","lines":["6805-10"]},"geometry":{"type":"Point","coordinates":[-46.76201,-23.65671]}},{"type":"Feature","properties":{"id":"190011827","name":"Av. Agostinho Rubin, 598","lines":["6805-10"]},"geometry":{"type":"Point","coordinates":[-46.76226,-23.65633]}},{"type":"Feature","properties":{"id":"190011828","name":"Parada Pe. Jose De Jambeiro","lines":["6048-10"]},"geometry":{"type":"Point","coordinates":[-46.76246,-23.65589]}},{"type":"Feature","properties":{"id":"190011829","name":"Estr. De Itapecerica, 3371","lines":["6048-10"]},"geometry":{"type":"Point","coordinates":[-46.76279,-23.65639]}},{"type":"Feature","properties":{"id":"190011831","name":"Parada Nicolino Barra B/C","lines":["5119-10","6001-10","6048-10","6451-10","6455-10","648P-10"]},"geometry":{"type":"Point","coordinates":[-46.75749,-23.65133]}},{"type":"Feature","properties":{"id":"190011834","name":"Parada Capão Redondo I","lines":["6048-10","6825-10","6835-10"]},"geometry":{"type":"Point","coordinates":[-46.76714,-23.65995]}},{"type":"Feature","properties":{"id":"190011836","name":"Estr. De Itapecerica, 4795","lines":["6048-10","6825-10","6835-10"]},"geometry":{"type":"Point","coordinates":[-46.76464,-23.65807]}},{"type":"Feature","properties":{"id":"190011837","name":"Estr. De Itapecerica, 3646","lines":["6048-10","6805-10","6825-10","6835-10"]},"geometry":{"type":"Point","coordinates":[-46.76452,-23.65753]}},{"type":"Feature","properties":{"id":"190013031","name":"Av. Carlos Lacerda, 2420","lines":["7060-10"]},"geometry":{"type":"Point","coordinates":[-46.7776,-23.65338]}},{"type":"Feature","properties":{"id":"190013032","name":"Av. Carlos Lacerda, 2555","lines":["7060-10"]},"geometry":{"type":"Point","coordinates":[-46.77683,-23.6543]}},{"type":"Feature","properties":{"id":"190013033","name":"Av. Carlos Lacerda, 2877","lines":["7060-10"]},"geometry":{"type":"Point","coordinates":[-46.77639,-23.65624]}},{"type":"Feature","properties":{"id":"190013034","name":"Av. Carlos Lacerda, 3016","lines":["7060-10"]},"geometry":{"type":"Point","coordinates":[-46.77643,-23.65671]}},{"type":"Feature","properties":{"id":"190013036","name":"Av. Carlos Lacerda, 3188","lines":["7060-10"]},"geometry":{"type":"Point","coordinates":[-46.77492,-23.65876]}},{"type":"Feature","properties":{"id":"190013037","name":"Av. Carlos Lacerda, 3221","lines":["7060-10"]},"geometry":{"type":"Point","coordinates":[-46.77475,-23.65883]}},{"type":"Feature","properties":{"id":"190013111","name":"Av. Ellis Maas, 650","lines":["6048-10","6835-10"]},"geometry":{"type":"Point","coordinates":[-46.77143,-23.66629]}},{"type":"Feature","properties":{"id":"190013134","name":"R. Henrique Sam Mindlin, 1819","lines":["6835-10"]},"geometry":{"type":"Point","coordinates":[-46.78255,-23.68009]}},{"type":"Feature","properties":{"id":"190013135","name":"R. Henrique Sam Mindlin, 1988","lines":["6835-10"]},"geometry":{"type":"Point","coordinates":[-46.781,-23.68018]}},{"type":"Feature","properties":{"id":"190013136","name":"R. Henrique Sam Mindlin, 2015","lines":["6835-10"]},"geometry":{"type":"Point","coordinates":[-46.78078,-23.68015]}},{"type":"Feature","properties":{"id":"190013138","name":"R. Agnus Dei, 70","lines":["6835-10"]},"geometry":{"type":"Point","coordinates":[-46.7828,-23.6808]}},{"type":"Feature","properties":{"id":"190013146","name":"R. Garcia Orta, 26","lines":["6835-10"]},"geometry":{"type":"Point","coordinates":[-46.78971,-23.68372]}},{"type":"Feature","properties":{"id":"190013147","name":"R. Garcia Orta, 20","lines":["6835-10"]},"geometry":{"type":"Point","coordinates":[-46.78939,-23.68362]}},{"type":"Feature","properties":{"id":"190013148","name":"R. Afonso Sanches, 151","lines":["6835-10"]},"geometry":{"type":"Point","coordinates":[-46.78732,-23.68201]}},{"type":"Feature","properties":{"id":"190013149","name":"R. Garcia De Toledo, 1","lines":["6835-10"]},"geometry":{"type":"Point","coordinates":[-46.7846,-23.68157]}},{"type":"Feature","properties":{"id":"190013150","name":"R. Henrique Sam Mindlin, 567","lines":["6835-10"]},"geometry":{"type":"Point","coordinates":[-46.77858,-23.67871]}},{"type":"Feature","properties":{"id":"190013151","name":"R. Henrique Sam Mindlin, 556","lines":["6835-10"]},"geometry":{"type":"Point","coordinates":[-46.77843,-23.67861]}},{"type":"Feature","properties":{"id":"190013185","name":"Av. Com. Sant'anna, 307","lines":["6048-10","6835-10"]},"geometry":{"type":"Point","coordinates":[-46.7731,-23.66967]}},{"type":"Feature","properties":{"id":"190013187","name":"Av. Com. Sant'anna, 699","lines":["6048-10","6835-10"]},"geometry":{"type":"Point","coordinates":[-46.77332,-23.67275]}},{"type":"Feature","properties":{"id":"190013188","name":"Av. Com. Sant'anna, 848","lines":["6048-10","6835-10"]},"geometry":{"type":"Point","coordinates":[-46.77365,-23.67383]}},{"type":"Feature","properties":{"id":"190013189","name":"Av. Com. Sant'anna, 1097","lines":["6048-10"]},"geometry":{"type":"Point","coordinates":[-46.77391,-23.67642]}},{"type":"Feature","properties":{"id":"190013190","name":"Av. Com. Sant'anna, 1126","lines":["6048-10"]},"geometry":{"type":"Point","coordinates":[-46.77394,-23.67655]}},{"type":"Feature","properties":{"id":"190013192","name":"Av. Com. Sant'anna, 1540","lines":["6048-10"]},"geometry":{"type":"Point","coordinates":[-46.77095,-23.67908]}},{"type":"Feature","properties":{"id":"190013379","name":"R. Feitiço Da Vila, 361","lines":["6835-10"]},"geometry":{"type":"Point","coordinates":[-46.79462,-23.68652]}},{"type":"Feature","properties":{"id":"190013380","name":"R. Feitiço Da Vila, 690","lines":["6835-10"]},"geometry":{"type":"Point","coordinates":[-46.79711,-23.68683]}},{"type":"Feature","properties":{"id":"190013381","name":"R. Feitiço Da Vila, 135","lines":["6835-10"]},"geometry":{"type":"Point","coordinates":[-46.79229,-23.68606]}},{"type":"Feature","properties":{"id":"190013382","name":"R. Feitiço Da Vila, 86","lines":["6835-10"]},"geometry":{"type":"Point","coordinates":[-46.79169,-23.68581]}},{"type":"Feature","properties":{"id":"190013386","name":"R. Henrique Sam Mindlin, 39","lines":["6835-10"]},"geometry":{"type":"Point","coordinates":[-46.77432,-23.67599]}},{"type":"Feature","properties":{"id":"190013387","name":"R. Henrique Sam Mindlin, 192","lines":["6835-10"]},"geometry":{"type":"Point","coordinates":[-46.77572,-23.67666]}},{"type":"Feature","properties":{"id":"190013388","name":"R. Henrique Sam Mindlin, 337","lines":["6835-10"]},"geometry":{"type":"Point","coordinates":[-46.7764,-23.67784]}},{"type":"Feature","properties":{"id":"190013394","name":"Estr. De Itapecerica, 6814","lines":["6825-10"]},"geometry":{"type":"Point","coordinates":[-46.77932,-23.66202]}},{"type":"Feature","properties":{"id":"190013414","name":"Estr. De Itapecerica, 5860","lines":["6825-10","7060-10"]},"geometry":{"type":"Point","coordinates":[-46.78321,-23.66607]}},{"type":"Feature","properties":{"id":"190013460","name":"Estr. De Itapecerica, 5114","lines":["6825-10","7060-10"]},"geometry":{"type":"Point","coordinates":[-46.77688,-23.66031]}},{"type":"Feature","properties":{"id":"190013468","name":"R. Feitiço Da Vila, 539","lines":["6835-10"]},"geometry":{"type":"Point","coordinates":[-46.79596,-23.68663]}},{"type":"Feature","properties":{"id":"190013469","name":"R. Feitiço Da Vila, 818","lines":["6835-10"]},"geometry":{"type":"Point","coordinates":[-46.79867,-23.68693]}},{"type":"Feature","properties":{"id":"190013470","name":"R. Feitiço Da Vila, 50","lines":["6835-10"]},"geometry":{"type":"Point","coordinates":[-46.80005,-23.68561]}},{"type":"Feature","properties":{"id":"190013472","name":"R. João Felício Dos Santos, 8121","lines":["6835-10"]},"geometry":{"type":"Point","coordinates":[-46.80086,-23.68578]}},{"type":"Feature","properties":{"id":"190013473","name":"R. Luar Do Sertão, 7","lines":["6835-10"]},"geometry":{"type":"Point","coordinates":[-46.80046,-23.68787]}},{"type":"Feature","properties":{"id":"190013474","name":"Estr. De Itapecerica, 9295","lines":["6825-10","7060-10"]},"geometry":{"type":"Point","coordinates":[-46.80193,-23.68619]}},{"type":"Feature","properties":{"id":"190013475","name":"Estr. De Itapecerica, 4504","lines":["6825-10"]},"geometry":{"type":"Point","coordinates":[-46.77108,-23.65996]}},{"type":"Feature","properties":{"id":"190013593","name":"Estr. De Itapecerica, 4752","lines":["6825-10"]},"geometry":{"type":"Point","coordinates":[-46.77391,-23.65984]}},{"type":"Feature","properties":{"id":"190013606","name":"Av. Wilhelm Friedrich Ladwig, 43","lines":["6048-10"]},"geometry":{"type":"Point","coordinates":[-46.7691,-23.68041]}},{"type":"Feature","properties":{"id":"190013609","name":"Av. Wilhelm Friedrich Ladwig","lines":["6048-10"]},"geometry":{"type":"Point","coordinates":[-46.76937,-23.6806]}},{"type":"Feature","properties":{"id":"190013612","name":"Estr. De Itapecerica, 4157","lines":["6825-10"]},"geometry":{"type":"Point","coordinates":[-46.76831,-23.66066]}},{"type":"Feature","properties":{"id":"190013613","name":"Av. Ellis Maas, 65","lines":["6048-10","6835-10"]},"geometry":{"type":"Point","coordinates":[-46.76821,-23.66108]}},{"type":"Feature","properties":{"id":"190013615","name":"Av. Carlos Caldeira Filho, 385","lines":["6805-10","6825-10"]},"geometry":{"type":"Point","coordinates":[-46.7671,-23.65833]}},{"type":"Feature","properties":{"id":"190013616","name":"Av. Ellis Maas, 355","lines":["6048-10","6835-10"]},"geometry":{"type":"Point","coordinates":[-46.7696,-23.66362]}},{"type":"Feature","properties":{"id":"190013617","name":"Av. Ellis Maas, 456","lines":["6048-10","6835-10"]},"geometry":{"type":"Point","coordinates":[-46.77011,-23.66431]}},{"type":"Feature","properties":{"id":"190013640","name":"Estr. De Itapecerica, 5006","lines":["6825-10","7060-10"]},"geometry":{"type":"Point","coordinates":[-46.77612,-23.65986]}},{"type":"Feature","properties":{"id":"190013641","name":"Estr. De Itapecerica, 6144","lines":["6825-10","7060-10"]},"geometry":{"type":"Point","coordinates":[-46.77858,-23.66125]}},{"type":"Feature","properties":{"id":"190013642","name":"Estr. De Itapecerica, 5722","lines":["6825-10","7060-10"]},"geometry":{"type":"Point","coordinates":[-46.7819,-23.66368]}},{"type":"Feature","properties":{"id":"190013643","name":"Estr. De Itapecerica, 5760","lines":["6825-10","7060-10"]},"geometry":{"type":"Point","coordinates":[-46.78196,-23.66394]}},{"type":"Feature","properties":{"id":"190013644","name":"Estr. De Itapecerica, 6416","lines":["6825-10","7060-10"]},"geometry":{"type":"Point","coordinates":[-46.78552,-23.66959]}},{"type":"Feature","properties":{"id":"190013645","name":"Estr. De Itapecerica, 6698","lines":["6825-10","7060-10"]},"geometry":{"type":"Point","coordinates":[-46.78684,-23.6713]}},{"type":"Feature","properties":{"id":"190013646","name":"Estr. De Itapecerica, 7453","lines":["6825-10","7060-10"]},"geometry":{"type":"Point","coordinates":[-46.78992,-23.6761]}},{"type":"Feature","properties":{"id":"190013647","name":"Estr. De Itapecerica, 9950","lines":["6825-10","7060-10"]},"geometry":{"type":"Point","coordinates":[-46.79377,-23.6775]}},{"type":"Feature","properties":{"id":"190013648","name":"Estr. De Itapecerica, 8184","lines":["6825-10","7060-10"]},"geometry":{"type":"Point","coordinates":[-46.79616,-23.67978]}},{"type":"Feature","properties":{"id":"190013649","name":"Estr. De Itapecerica, 8420","lines":["6825-10","7060-10"]},"geometry":{"type":"Point","coordinates":[-46.79724,-23.68217]}},{"type":"Feature","properties":{"id":"190013650","name":"Estr. De Itapecerica, 11500","lines":["6825-10","6835-10","7060-10"]},"geometry":{"type":"Point","coordinates":[-46.80101,-23.68553]}},{"type":"Feature","properties":{"id":"190013651","name":"Estr. De Itapecerica, 8887","lines":["6825-10","7060-10"]},"geometry":{"type":"Point","coordinates":[-46.79796,-23.68386]}},{"type":"Feature","properties":{"id":"190013652","name":"Estr. De Itapecerica, 8393","lines":["6825-10","7060-10"]},"geometry":{"type":"Point","coordinates":[-46.79644,-23.68131]}},{"type":"Feature","properties":{"id":"190013653","name":"Estr. De Itapecerica, 8389","lines":["6825-10","7060-10"]},"geometry":{"type":"Point","coordinates":[-46.79481,-23.67863]}},{"type":"Feature","properties":{"id":"190013654","name":"Estr. De Itapecerica, 7762","lines":["6825-10","7060-10"]},"geometry":{"type":"Point","coordinates":[-46.79357,-23.67744]}},{"type":"Feature","properties":{"id":"190013655","name":"Estr. De Itapecerica, 7331","lines":["6825-10","7060-10"]},"geometry":{"type":"Point","coordinates":[-46.79017,-23.67633]}},{"type":"Feature","properties":{"id":"190013656","name":"Estr. De Itapecerica, 7078","lines":["6825-10","7060-10"]},"geometry":{"type":"Point","coordinates":[-46.78807,-23.67461]}},{"type":"Feature","properties":{"id":"190013657","name":"Estr. De Itapecerica, 7092","lines":["6825-10","7060-10"]},"geometry":{"type":"Point","coordinates":[-46.78803,-23.6742]}},{"type":"Feature","properties":{"id":"190013658","name":"Estr. De Itapecerica, 6555","lines":["6825-10","7060-10"]},"geometry":{"type":"Point","coordinates":[-46.78637,-23.6708]}},{"type":"Feature","properties":{"id":"190013659","name":"Estr. De Itapecerica, 6365","lines":["6825-10","7060-10"]},"geometry":{"type":"Point","coordinates":[-46.78515,-23.66934]}},{"type":"Feature","properties":{"id":"190014045","name":"R. Pe. José De Jambeiro, 63","lines":["6825-10","6835-10"]},"geometry":{"type":"Point","coordinates":[-46.76314,-23.65548]}},{"type":"Feature","properties":{"id":"190014046","name":"Terminal Capelinha - Plat. 1","lines":["6825-10"]},"geometry":{"type":"Point","coordinates":[-46.76259,-23.65375]}},{"type":"Feature","properties":{"id":"190014052","name":"Terminal Capelinha - Plat. 1","lines":["6451-10"]},"geometry":{"type":"Point","coordinates":[-46.76145,-23.65455]}},{"type":"Feature","properties":{"id":"190014054","name":"Terminal Capelinha - Plat. 2","lines":["6455-10"]},"geometry":{"type":"Point","coordinates":[-46.76242,-23.6541]}},{"type":"Feature","properties":{"id":"190014055","name":"Terminal Capelinha - Plat. 2","lines":["6001-10"]},"geometry":{"type":"Point","coordinates":[-46.76255,-23.65399]}},{"type":"Feature","properties":{"id":"190014067","name":"Terminal Capelinha - Plat. 4","lines":["6835-10"]},"geometry":{"type":"Point","coordinates":[-46.76267,-23.6546]}},{"type":"Feature","properties":{"id":"190014068","name":"Terminal Capelinha - Plat. 4","lines":["648P-10"]},"geometry":{"type":"Point","coordinates":[-46.76281,-23.6545]}},{"type":"Feature","properties":{"id":"190014070","name":"Terminal Capelinha - Plat. 4","lines":["5119-10"]},"geometry":{"type":"Point","coordinates":[-46.76305,-23.65432]}},{"type":"Feature","properties":{"id":"190014078","name":"Terminal Capelinha - Plat. 5","lines":["6805-10"]},"geometry":{"type":"Point","coordinates":[-46.76217,-23.65526]}},{"type":"Feature","properties":{"id":"200012197","name":"R. Antônio De Barros, 825","lines":["4210-10"]},"geometry":{"type":"Point","coordinates":[-46.55788,-23.53806]}},{"type":"Feature","properties":{"id":"200012485","name":"Av. Cde. De Frontin, 450","lines":["4210-10","4310-10","4311-10","4313-10"]},"geometry":{"type":"Point","coordinates":[-46.5529,-23.53607]}},{"type":"Feature","properties":{"id":"200012487","name":"Parada 1","lines":["4210-10","4310-10"]},"geometry":{"type":"Point","coordinates":[-46.5566,-23.53679]}},{"type":"Feature","properties":{"id":"200012626","name":"Av. Aricanduva, 2600","lines":["4210-10","4311-10","4313-10"]},"geometry":{"type":"Point","coordinates":[-46.52748,-23.54721]}},{"type":"Feature","properties":{"id":"200012638","name":"Av. Aricanduva, 3465","lines":["4210-10","4311-10","4313-10"]},"geometry":{"type":"Point","coordinates":[-46.51895,-23.55264]}},{"type":"Feature","properties":{"id":"200012645","name":"Av. Aricanduva, 1003","lines":["4210-10","4311-10","4313-10"]},"geometry":{"type":"Point","coordinates":[-46.54186,-23.53973]}},{"type":"Feature","properties":{"id":"200012647","name":"Av. Aricanduva, 310","lines":["4210-10","4311-10","4313-10"]},"geometry":{"type":"Point","coordinates":[-46.54783,-23.5371]}},{"type":"Feature","properties":{"id":"200012648","name":"Av. Aricanduva, 500","lines":["4210-10","4311-10","4313-10"]},"geometry":{"type":"Point","coordinates":[-46.54538,-23.5391]}},{"type":"Feature","properties":{"id":"200012649","name":"Av. Aricanduva, 1054","lines":["4210-10","4311-10","4313-10"]},"geometry":{"type":"Point","coordinates":[-46.54148,-23.54058]}},{"type":"Feature","properties":{"id":"200012650","name":"Av. Aricanduva, 1292","lines":["4210-10","4311-10","4313-10"]},"geometry":{"type":"Point","coordinates":[-46.53877,-23.54149]}},{"type":"Feature","properties":{"id":"200012651","name":"Av. Aricanduva, 1680","lines":["4210-10","4311-10","4313-10"]},"geometry":{"type":"Point","coordinates":[-46.53444,-23.54251]}},{"type":"Feature","properties":{"id":"200012652","name":"Av. Aricanduva, 1100","lines":["4210-10","4311-10","4313-10"]},"geometry":{"type":"Point","coordinates":[-46.53074,-23.54437]}},{"type":"Feature","properties":{"id":"200012653","name":"Av. Aricanduva, 3476","lines":["4210-10","4311-10","4313-10"]},"geometry":{"type":"Point","coordinates":[-46.5208,-23.55226]}},{"type":"Feature","properties":{"id":"200012667","name":"Av. Aricanduva, 2880","lines":["4210-10","4311-10","4313-10"]},"geometry":{"type":"Point","coordinates":[-46.52495,-23.54955]}},{"type":"Feature","properties":{"id":"200012692","name":"Av. Aricanduva, 3164","lines":["4210-10","4311-10","4313-10"]},"geometry":{"type":"Point","coordinates":[-46.52314,-23.55095]}},{"type":"Feature","properties":{"id":"200012780","name":"R. Guaraciaba, 131","lines":["4210-10"]},"geometry":{"type":"Point","coordinates":[-46.55632,-23.53902]}},{"type":"Feature","properties":{"id":"220012008","name":"Av. Garcia De Ávila, 324","lines":["5178-10"]},"geometry":{"type":"Point","coordinates":[-46.63846,-23.68199]}},{"type":"Feature","properties":{"id":"220012010","name":"Av. Ângelo Cristianini, 113","lines":["5178-10"]},"geometry":{"type":"Point","coordinates":[-46.63817,-23.68238]}},{"type":"Feature","properties":{"id":"220012011","name":"Av. Brás De Abreu, 100","lines":["5178-10"]},"geometry":{"type":"Point","coordinates":[-46.64123,-23.68016]}},{"type":"Feature","properties":{"id":"220013705","name":"Assembleia - C/B","lines":["516N-10","5178-10","607C-10"]},"geometry":{"type":"Point","coordinates":[-46.63409,-23.68375]}},{"type":"Feature","properties":{"id":"220013718","name":"Cupece","lines":["516N-10","5178-10","607C-10"]},"geometry":{"type":"Point","coordinates":[-46.63331,-23.68499]}},{"type":"Feature","properties":{"id":"220013719","name":"Joao Caetano De Souza","lines":["516N-10","5178-10","607C-10"]},"geometry":{"type":"Point","coordinates":[-46.63339,-23.68603]}},{"type":"Feature","properties":{"id":"220013722","name":"Av. Sen. Vitorino Freire, 570","lines":["607C-10"]},"geometry":{"type":"Point","coordinates":[-46.63529,-23.68963]}},{"type":"Feature","properties":{"id":"220013723","name":"R. Cap. John Cordeiro E Silva, 57","lines":["516N-10","5178-10"]},"geometry":{"type":"Point","coordinates":[-46.63553,-23.68926]}},{"type":"Feature","properties":{"id":"220013725","name":"Av. Sen. Vitorino Freire, 602","lines":["516N-10","5178-10","607C-10"]},"geometry":{"type":"Point","coordinates":[-46.63485,-23.68859]}},{"type":"Feature","properties":{"id":"220013726","name":"R. Alcides Arguedas, 124","lines":["516N-10","5178-10"]},"geometry":{"type":"Point","coordinates":[-46.63865,-23.68845]}},{"type":"Feature","properties":{"id":"220013727","name":"R. Alcides Arguedas, 22","lines":["516N-10","5178-10"]},"geometry":{"type":"Point","coordinates":[-46.6391,-23.68788]}},{"type":"Feature","properties":{"id":"220013728","name":"Av. Ângelo Cristianini, 547","lines":["5178-10"]},"geometry":{"type":"Point","coordinates":[-46.63781,-23.68608]}},{"type":"Feature","properties":{"id":"220013730","name":"Av. Ângelo Cristianini, 426","lines":["5178-10"]},"geometry":{"type":"Point","coordinates":[-46.63762,-23.68477]}},{"type":"Feature","properties":{"id":"220013731","name":"Av. Ângelo Cristianini, 307","lines":["5178-10"]},"geometry":{"type":"Point","coordinates":[-46.63769,-23.68403]}},{"type":"Feature","properties":{"id":"220013732","name":"Pça. Tito Pacheco, 3","lines":["5178-10"]},"geometry":{"type":"Point","coordinates":[-46.64296,-23.68189]}},{"type":"Feature","properties":{"id":"220013733","name":"Pça. Tito Pacheco","lines":["5178-10"]},"geometry":{"type":"Point","coordinates":[-46.64179,-23.6818]}},{"type":"Feature","properties":{"id":"220013761","name":"Av. Ângelo Cristianini, 827","lines":["516N-10"]},"geometry":{"type":"Point","coordinates":[-46.64041,-23.68763]}},{"type":"Feature","properties":{"id":"220013762","name":"Av. Ângelo Cristianini, 947","lines":["516N-10"]},"geometry":{"type":"Point","coordinates":[-46.64097,-23.68756]}},{"type":"Feature","properties":{"id":"220013764","name":"Av. Ângelo Cristianini, 1125","lines":["516N-10"]},"geometry":{"type":"Point","coordinates":[-46.64267,-23.68815]}},{"type":"Feature","properties":{"id":"220013765","name":"Av. Ângelo Cristianini, 1178","lines":["516N-10"]},"geometry":{"type":"Point","coordinates":[-46.64287,-23.68817]}},{"type":"Feature","properties":{"id":"220013767","name":"Av. Ângelo Cristianini, 1369","lines":["516N-10"]},"geometry":{"type":"Point","coordinates":[-46.64348,-23.68981]}},{"type":"Feature","properties":{"id":"220015525","name":"Av. Interlagos, 648","lines":["5630-10","695X-10"]},"geometry":{"type":"Point","coordinates":[-46.67956,-23.65976]}},{"type":"Feature","properties":{"id":"220015526","name":"Av. Interlagos, 999","lines":["5630-10","695X-10"]},"geometry":{"type":"Point","coordinates":[-46.67883,-23.66343]}},{"type":"Feature","properties":{"id":"220015542","name":"Av. Interlagos, 1261","lines":["5630-10","695X-10"]},"geometry":{"type":"Point","coordinates":[-46.67898,-23.66245]}},{"type":"Feature","properties":{"id":"220015543","name":"Av. Interlagos, 841","lines":["5630-10","695X-10"]},"geometry":{"type":"Point","coordinates":[-46.67939,-23.66082]}},{"type":"Feature","properties":{"id":"220015546","name":"Av. Washington Luiz, 3084","lines":["5630-10","695X-10"]},"geometry":{"type":"Point","coordinates":[-46.67814,-23.65114]}},{"type":"Feature","properties":{"id":"220015547","name":"Av. Washington Luiz, 3636","lines":["5630-10","695X-10"]},"geometry":{"type":"Point","coordinates":[-46.67488,-23.64727]}},{"type":"Feature","properties":{"id":"220015548","name":"Av. Washington Luiz, 3742","lines":["5630-10","695X-10"]},"geometry":{"type":"Point","coordinates":[-46.67341,-23.64551]}},{"type":"Feature","properties":{"id":"220015714","name":"Parada Vila Canaa","lines":["516N-10","5178-10","607C-10"]},"geometry":{"type":"Point","coordinates":[-46.66484,-23.65726]}},{"type":"Feature","properties":{"id":"220015781","name":"Parada Djalma Franco","lines":["516N-10","5178-10","607C-10"]},"geometry":{"type":"Point","coordinates":[-46.66684,-23.6551]}},{"type":"Feature","properties":{"id":"220015782","name":"Parada Djalma Franco","lines":["516N-10","5178-10","607C-10"]},"geometry":{"type":"Point","coordinates":[-46.66707,-23.65474]}},{"type":"Feature","properties":{"id":"220015784","name":"Parada Vila Celeste","lines":["516N-10","5178-10","607C-10"]},"geometry":{"type":"Point","coordinates":[-46.66914,-23.6526]}},{"type":"Feature","properties":{"id":"220015785","name":"Parada Vila Celeste","lines":["516N-10","5178-10","607C-10"]},"geometry":{"type":"Point","coordinates":[-46.66924,-23.65212]}},{"type":"Feature","properties":{"id":"220015787","name":"Parada Jardim Prudencia","lines":["516N-10","5178-10","607C-10"]},"geometry":{"type":"Point","coordinates":[-46.67031,-23.64889]}},{"type":"Feature","properties":{"id":"230009229","name":"R. Balneário São José","lines":["5370-10","6003-10","6003-21","6913-10","6913-21","695X-10","6960-10"]},"geometry":{"type":"Point","coordinates":[-46.71774,-23.76536]}},{"type":"Feature","properties":{"id":"230009480","name":"Jangadeiro C/B","lines":["5370-10","5630-10","637G-10","675X-10","695X-10"]},"geometry":{"type":"Point","coordinates":[-46.7011,-23.70611]}},{"type":"Feature","properties":{"id":"230009560","name":"Av. Interlagos, 6422","lines":["5370-10","5630-10","637G-10","675X-10","695X-10"]},"geometry":{"type":"Point","coordinates":[-46.70191,-23.70275]}},{"type":"Feature","properties":{"id":"230009563","name":"Estr. Dos Mendes","lines":["6003-21"]},"geometry":{"type":"Point","coordinates":[-46.71035,-23.75263]}},{"type":"Feature","properties":{"id":"230009694","name":"Terminal Grajaú","lines":["675X-10"]},"geometry":{"type":"Point","coordinates":[-46.69794,-23.73771]}},{"type":"Feature","properties":{"id":"230009695","name":"Terminal Grajaú","lines":["6970-10"]},"geometry":{"type":"Point","coordinates":[-46.69786,-23.73761]}},{"type":"Feature","properties":{"id":"230009696","name":"Terminal Grajaú","lines":["5630-10"]},"geometry":{"type":"Point","coordinates":[-46.69776,-23.7375]}},{"type":"Feature","properties":{"id":"230009791","name":"Av. Interlagos, 5033","lines":["5630-10","695X-10"]},"geometry":{"type":"Point","coordinates":[-46.69768,-23.68978]}},{"type":"Feature","properties":{"id":"230009793","name":"Av. Interlagos, 5880","lines":["5630-10","695X-10"]},"geometry":{"type":"Point","coordinates":[-46.69939,-23.69457]}},{"type":"Feature","properties":{"id":"230009794","name":"Av. Interlagos, 5940","lines":["5630-10","695X-10"]},"geometry":{"type":"Point","coordinates":[-46.70069,-23.69793]}},{"type":"Feature","properties":{"id":"230009797","name":"Av. Interlagos, 5945","lines":["5630-10","695X-10"]},"geometry":{"type":"Point","coordinates":[-46.70033,-23.69761]}},{"type":"Feature","properties":{"id":"230009798","name":"Av. Interlagos, 5937","lines":["5630-10","695X-10"]},"geometry":{"type":"Point","coordinates":[-46.69936,-23.6948]}},{"type":"Feature","properties":{"id":"230009799","name":"Av. Interlagos, 5420","lines":["5630-10","695X-10"]},"geometry":{"type":"Point","coordinates":[-46.69799,-23.69139]}},{"type":"Feature","properties":{"id":"230009822","name":"Parada 1 - Jundiazinho C/B","lines":["5370-10","5630-10","695X-10"]},"geometry":{"type":"Point","coordinates":[-46.69955,-23.71017]}},{"type":"Feature","properties":{"id":"230009823","name":"Parada 2 - Pe. José Garzotti C/B","lines":["637G-10","675X-10"]},"geometry":{"type":"Point","coordinates":[-46.69911,-23.71126]}},{"type":"Feature","properties":{"id":"230009824","name":"Paulo Whitaker B/C","lines":["5370-10","5630-10","637G-10","675X-10","695X-10"]},"geometry":{"type":"Point","coordinates":[-46.69842,-23.71329]}},{"type":"Feature","properties":{"id":"230009825","name":"Roraima C/B","lines":["675X-10"]},"geometry":{"type":"Point","coordinates":[-46.69927,-23.71618]}},{"type":"Feature","properties":{"id":"230009828","name":"Rio Bonito Direita C/B","lines":["5370-10","675X-10","6913-10","6913-21","695X-10","6960-10"]},"geometry":{"type":"Point","coordinates":[-46.69894,-23.71845]}},{"type":"Feature","properties":{"id":"230009829","name":"Rio Bonito Esquerda B/C Central","lines":["6913-10","6913-21","6960-10","6970-10"]},"geometry":{"type":"Point","coordinates":[-46.69892,-23.71823]}},{"type":"Feature","properties":{"id":"230009830","name":"Rio Bonito Esquerda C/B Central","lines":["5630-10","637G-10","6970-10"]},"geometry":{"type":"Point","coordinates":[-46.69892,-23.71846]}},{"type":"Feature","properties":{"id":"230009831","name":"Rio Bonito Direita B/C","lines":["5370-10","5630-10","637G-10","675X-10","695X-10"]},"geometry":{"type":"Point","coordinates":[-46.69888,-23.71822]}},{"type":"Feature","properties":{"id":"230009834","name":"Av. Sen. Teotônio Vilela, 2364","lines":["675X-10"]},"geometry":{"type":"Point","coordinates":[-46.69801,-23.72187]}},{"type":"Feature","properties":{"id":"230009835","name":"Av. Sen. Teotônio Vilela, 2926","lines":["675X-10"]},"geometry":{"type":"Point","coordinates":[-46.69966,-23.72599]}},{"type":"Feature","properties":{"id":"230009836","name":"Rodrigues Vilares C/B","lines":["5370-10","5630-10","637G-10","675X-10","6913-10","6913-21","695X-10","6960-10","6970-10"]},"geometry":{"type":"Point","coordinates":[-46.69921,-23.7279]}},{"type":"Feature","properties":{"id":"230009837","name":"Av. Sen. Teotônio Vilela, 4114","lines":["675X-10"]},"geometry":{"type":"Point","coordinates":[-46.69928,-23.72819]}},{"type":"Feature","properties":{"id":"230009838","name":"Loureiro Rosa C/B","lines":["5630-10","637G-10","675X-10","6970-10"]},"geometry":{"type":"Point","coordinates":[-46.69838,-23.73011]}},{"type":"Feature","properties":{"id":"230009839","name":"Belmira Marin C/B","lines":["5370-10","6003-10","6913-10","6913-21","695X-10"]},"geometry":{"type":"Point","coordinates":[-46.69914,-23.73474]}},{"type":"Feature","properties":{"id":"230009840","name":"Barral C/B","lines":["5370-10","6003-10","6913-10","6913-21","695X-10"]},"geometry":{"type":"Point","coordinates":[-46.70167,-23.73936]}},{"type":"Feature","properties":{"id":"230009841","name":"São Francisco B/C","lines":["5370-10","6003-10","6913-10","6913-21","695X-10"]},"geometry":{"type":"Point","coordinates":[-46.70454,-23.74069]}},{"type":"Feature","properties":{"id":"230009844","name":"Hilário C/B","lines":["5370-10","6003-10","6913-10","6913-21","695X-10","6960-10"]},"geometry":{"type":"Point","coordinates":[-46.70707,-23.74497]}},{"type":"Feature","properties":{"id":"230009846","name":"Luis Rota C/B","lines":["5370-10","6003-10","6913-10","6913-21","695X-10","6960-10"]},"geometry":{"type":"Point","coordinates":[-46.70824,-23.74758]}},{"type":"Feature","properties":{"id":"230009847","name":"Dos Mendes C/B","lines":["5370-10","6003-10","6003-21","6913-10","6913-21","695X-10","6960-10"]},"geometry":{"type":"Point","coordinates":[-46.71062,-23.75102]}},{"type":"Feature","properties":{"id":"230009849","name":"Hans Christian Andersen C/B","lines":["5370-10","6003-10","6003-21","6913-10","6913-21","695X-10","6960-10"]},"geometry":{"type":"Point","coordinates":[-46.71497,-23.75828]}},{"type":"Feature","properties":{"id":"230009854","name":"R. Luiz Supertti, 18","lines":["6003-10","6003-21","6913-21"]},"geometry":{"type":"Point","coordinates":[-46.71647,-23.76538]}},{"type":"Feature","properties":{"id":"230009856","name":"São José B/C","lines":["5370-10","6913-10","695X-10","6960-10"]},"geometry":{"type":"Point","coordinates":[-46.71669,-23.76487]}},{"type":"Feature","properties":{"id":"230009858","name":"Cristian Andersen B/C","lines":["5370-10","6003-10","6003-21","6913-10","6913-21","695X-10","6960-10"]},"geometry":{"type":"Point","coordinates":[-46.7147,-23.75798]}},{"type":"Feature","properties":{"id":"230009860","name":"Dos Mendes B/C","lines":["5370-10","6003-10","6913-10","6913-21","695X-10","6960-10"]},"geometry":{"type":"Point","coordinates":[-46.71038,-23.75086]}},{"type":"Feature","properties":{"id":"230009861","name":"Luís Rota B/C","lines":["5370-10","6003-10","6913-10","6913-21","695X-10","6960-10"]},"geometry":{"type":"Point","coordinates":[-46.708,-23.74741]}},{"type":"Feature","properties":{"id":"230009864","name":"Hilário B/C","lines":["5370-10","6003-10","6913-10","6913-21","695X-10","6960-10"]},"geometry":{"type":"Point","coordinates":[-46.70701,-23.74477]}},{"type":"Feature","properties":{"id":"230009866","name":"São Francisco C/B","lines":["5370-10","6003-10","6913-10","6913-21","695X-10","6960-10"]},"geometry":{"type":"Point","coordinates":[-46.70427,-23.74064]}},{"type":"Feature","properties":{"id":"230009867","name":"Barral B/C","lines":["5370-10","6003-10","6913-10","6913-21","695X-10","6960-10"]},"geometry":{"type":"Point","coordinates":[-46.70143,-23.73926]}},{"type":"Feature","properties":{"id":"230009868","name":"Belmira Marin B/C","lines":["5370-10","6913-10","6913-21","695X-10","6960-10"]},"geometry":{"type":"Point","coordinates":[-46.69888,-23.73454]}},{"type":"Feature","properties":{"id":"230009869","name":"Av. Sen. Teotônio Vilela, 3161","lines":["6960-10"]},"geometry":{"type":"Point","coordinates":[-46.69834,-23.72978]}},{"type":"Feature","properties":{"id":"230009870","name":"Loureiro Rosa B/C","lines":["5370-10","6913-10","6913-21","695X-10","6960-10"]},"geometry":{"type":"Point","coordinates":[-46.69882,-23.72898]}},{"type":"Feature","properties":{"id":"230009871","name":"Rodrigues Vilares B/C","lines":["5630-10","637G-10","675X-10","6970-10"]},"geometry":{"type":"Point","coordinates":[-46.69939,-23.72669]}},{"type":"Feature","properties":{"id":"230009882","name":"Jaquirana B/C","lines":["5370-10","5630-10","637G-10","675X-10","695X-10"]},"geometry":{"type":"Point","coordinates":[-46.70049,-23.70563]}},{"type":"Feature","properties":{"id":"230009883","name":"Interlagos B/C","lines":["5370-10","5630-10","637G-10","675X-10","695X-10"]},"geometry":{"type":"Point","coordinates":[-46.70128,-23.70192]}},{"type":"Feature","properties":{"id":"230009885","name":"Av. Da. Belmira Marin, 115","lines":["5630-10","6003-10","637G-10","675X-10","6970-10"]},"geometry":{"type":"Point","coordinates":[-46.69635,-23.73336]}},{"type":"Feature","properties":{"id":"230009886","name":"Av. Da. Belmira Marin, 384","lines":["5630-10","6003-10","637G-10","675X-10","6970-10"]},"geometry":{"type":"Point","coordinates":[-46.69614,-23.73462]}},{"type":"Feature","properties":{"id":"230009957","name":"Mário Martins B/C","lines":["6913-10","6913-21","6960-10","6970-10"]},"geometry":{"type":"Point","coordinates":[-46.71126,-23.7106]}},{"type":"Feature","properties":{"id":"230009958","name":"Mário Martins C/B","lines":["6913-10","6913-21","6960-10","6970-10"]},"geometry":{"type":"Point","coordinates":[-46.71125,-23.71084]}},{"type":"Feature","properties":{"id":"230009959","name":"Papini C/B","lines":["6913-10","6913-21","6960-10","6970-10"]},"geometry":{"type":"Point","coordinates":[-46.70839,-23.714]}},{"type":"Feature","properties":{"id":"230009960","name":"Papini B/C","lines":["6913-10","6913-21","6960-10","6970-10"]},"geometry":{"type":"Point","coordinates":[-46.70849,-23.71375]}},{"type":"Feature","properties":{"id":"230009961","name":"Domênico Lauro C/B","lines":["6913-10","6913-21","6960-10","6970-10"]},"geometry":{"type":"Point","coordinates":[-46.7043,-23.71742]}},{"type":"Feature","properties":{"id":"230009962","name":"Domenico Lauro C/B","lines":["6913-10","6913-21","6960-10","6970-10"]},"geometry":{"type":"Point","coordinates":[-46.70441,-23.71721]}},{"type":"Feature","properties":{"id":"230016401","name":"Guaiúba  B/C","lines":["5370-10","5630-10","637G-10","675X-10","695X-10"]},"geometry":{"type":"Point","coordinates":[-46.69979,-23.70865]}},{"type":"Feature","properties":{"id":"240012627","name":"Av. Aricanduva, 7351","lines":["4210-10","4311-10","4313-10"]},"geometry":{"type":"Point","coordinates":[-46.4917,-23.58095]}},{"type":"Feature","properties":{"id":"240012628","name":"Av. Aricanduva, 9555","lines":["4210-10","4311-10","4313-10"]},"geometry":{"type":"Point","coordinates":[-46.49485,-23.57857]}},{"type":"Feature","properties":{"id":"240012629","name":"Av. Aricanduva, 6759","lines":["4210-10","4311-10","4313-10"]},"geometry":{"type":"Point","coordinates":[-46.49681,-23.57846]}},{"type":"Feature","properties":{"id":"240012630","name":"Av. Aricanduva, 6949","lines":["4210-10","4311-10","4313-10"]},"geometry":{"type":"Point","coordinates":[-46.50153,-23.57639]}},{"type":"Feature","properties":{"id":"240012631","name":"Av. Aricanduva, 6599","lines":["4210-10","4311-10","4313-10"]},"geometry":{"type":"Point","coordinates":[-46.50379,-23.57301]}},{"type":"Feature","properties":{"id":"240012632","name":"Av. Aricanduva, 5831","lines":["4210-10","4311-10","4313-10"]},"geometry":{"type":"Point","coordinates":[-46.50395,-23.56973]}},{"type":"Feature","properties":{"id":"240012633","name":"Av. Aricanduva, 5555","lines":["4210-10","4311-10","4313-10"]},"geometry":{"type":"Point","coordinates":[-46.50707,-23.56564]}},{"type":"Feature","properties":{"id":"240012634","name":"Av. Aricanduva, 4869","lines":["4210-10","4311-10","4313-10"]},"geometry":{"type":"Point","coordinates":[-46.51095,-23.56129]}},{"type":"Feature","properties":{"id":"240012635","name":"Av. Aricanduva, 4053","lines":["4210-10","4311-10","4313-10"]},"geometry":{"type":"Point","coordinates":[-46.51335,-23.55885]}},{"type":"Feature","properties":{"id":"240012636","name":"Av. Aricanduva, 5999","lines":["4210-10","4311-10","4313-10"]},"geometry":{"type":"Point","coordinates":[-46.5164,-23.55579]}},{"type":"Feature","properties":{"id":"240012637","name":"Av. Aricanduva, 5225","lines":["4210-10","4311-10","4313-10"]},"geometry":{"type":"Point","coordinates":[-46.51482,-23.55756]}},{"type":"Feature","properties":{"id":"240012666","name":"Av. Aricanduva, 7996","lines":["4210-10","4311-10","4313-10"]},"geometry":{"type":"Point","coordinates":[-46.49476,-23.57923]}},{"type":"Feature","properties":{"id":"250005835","name":"R. Márcio Beck Machado","lines":["4210-10","4313-10"]},"geometry":{"type":"Point","coordinates":[-46.4137,-23.58073]}},{"type":"Feature","properties":{"id":"250005836","name":"R. Márcio Beck Machado","lines":["4210-10","4313-10"]},"geometry":{"type":"Point","coordinates":[-46.41388,-23.58071]}},{"type":"Feature","properties":{"id":"250005901","name":"Terminal Cidade Tiradentes - Plataforma 3","lines":["4313-10"]},"geometry":{"type":"Point","coordinates":[-46.40803,-23.58297]}},{"type":"Feature","properties":{"id":"250005903","name":"Terminal Cidade Tiradentes - Plataforma 2","lines":["4210-10"]},"geometry":{"type":"Point","coordinates":[-46.40761,-23.58325]}},{"type":"Feature","properties":{"id":"250005911","name":"Terminal Cidade Tiradentes - Plataforma 3","lines":["4313-10"]},"geometry":{"type":"Point","coordinates":[-46.40767,-23.58307]}},{"type":"Feature","properties":{"id":"250005913","name":"Terminal Cidade Tiradentes - Plataforma 3","lines":["4313-10"]},"geometry":{"type":"Point","coordinates":[-46.40745,-23.58312]}},{"type":"Feature","properties":{"id":"250005914","name":"Terminal Cidade Tiradentes - Plataforma 3","lines":["4313-10"]},"geometry":{"type":"Point","coordinates":[-46.40733,-23.58315]}},{"type":"Feature","properties":{"id":"250012242","name":"Estr. Iguatemi, 2016","lines":["4210-10","4313-10"]},"geometry":{"type":"Point","coordinates":[-46.41653,-23.5902]}},{"type":"Feature","properties":{"id":"250012256","name":"Estr. Iguatemi, 2751","lines":["4210-10","4313-10"]},"geometry":{"type":"Point","coordinates":[-46.41512,-23.58323]}},{"type":"Feature","properties":{"id":"250012257","name":"Estr. Iguatemi, 2587","lines":["4210-10","4313-10"]},"geometry":{"type":"Point","coordinates":[-46.41486,-23.58601]}},{"type":"Feature","properties":{"id":"250012258","name":"Estr. Iguatemi, 2143","lines":["4210-10","4313-10"]},"geometry":{"type":"Point","coordinates":[-46.41508,-23.58788]}},{"type":"Feature","properties":{"id":"250012259","name":"Estr. Iguatemi, 1991","lines":["4210-10","4313-10"]},"geometry":{"type":"Point","coordinates":[-46.41679,-23.59045]}},{"type":"Feature","properties":{"id":"260015039","name":"Paulista B/C","lines":["8700-1","8700-10"]},"geometry":{"type":"Point","coordinates":[-46.66306,-23.55588]}},{"type":"Feature","properties":{"id":"260016780","name":"Av. Paulista, 2319","lines":["715M-10","857P-10","857R-10"]},"geometry":{"type":"Point","coordinates":[-46.66157,-23.55713]}},{"type":"Feature","properties":{"id":"260016855","name":"Paulista C/B","lines":["8700-1","8700-10"]},"geometry":{"type":"Point","coordinates":[-46.66237,-23.55518]}},{"type":"Feature","properties":{"id":"260016856","name":"Pedro Taques C/B","lines":["8700-1","8700-10"]},"geometry":{"type":"Point","coordinates":[-46.65761,-23.55181]}},{"type":"Feature","properties":{"id":"260016857","name":"Pedro Taques B/C","lines":["8700-1","8700-10"]},"geometry":{"type":"Point","coordinates":[-46.6574,-23.55184]}},{"type":"Feature","properties":{"id":"260016858","name":"Antônia De Queirós - C/B","lines":["8700-1","8700-10"]},"geometry":{"type":"Point","coordinates":[-46.65343,-23.54958]}},{"type":"Feature","properties":{"id":"260016859","name":"Antônia De Queirós - B/C","lines":["8700-1","8700-10"]},"geometry":{"type":"Point","coordinates":[-46.65322,-23.54958]}},{"type":"Feature","properties":{"id":"260016860","name":"Caio Prado C/B","lines":["8700-1","8700-10"]},"geometry":{"type":"Point","coordinates":[-46.65041,-23.54831]}},{"type":"Feature","properties":{"id":"260016861","name":"Caio Prado B/C","lines":["8700-1","8700-10"]},"geometry":{"type":"Point","coordinates":[-46.64956,-23.54817]}},{"type":"Feature","properties":{"id":"260016919","name":"Parada 2 - Frei Caneca","lines":["715M-10","857P-10","857R-10"]},"geometry":{"type":"Point","coordinates":[-46.65917,-23.55877]}},{"type":"Feature","properties":{"id":"270011004","name":"Av. Do Cursino, 4795","lines":["5108-10"]},"geometry":{"type":"Point","coordinates":[-46.61328,-23.64192]}},{"type":"Feature","properties":{"id":"270011006","name":"Av. Do Cursino, 4423","lines":["5108-10"]},"geometry":{"type":"Point","coordinates":[-46.61345,-23.63926]}},{"type":"Feature","properties":{"id":"270011007","name":"Av. Do Cursino, 4181","lines":["5108-10"]},"geometry":{"type":"Point","coordinates":[-46.61381,-23.6376]}},{"type":"Feature","properties":{"id":"270011008","name":"Av. Do Cursino, 4182","lines":["5108-10"]},"geometry":{"type":"Point","coordinates":[-46.6138,-23.6377]}},{"type":"Feature","properties":{"id":"270011009","name":"Av. Do Cursino, 4063","lines":["5108-10"]},"geometry":{"type":"Point","coordinates":[-46.61434,-23.63637]}},{"type":"Feature","properties":{"id":"270011010","name":"Av. Do Cursino, 4018","lines":["5108-10"]},"geometry":{"type":"Point","coordinates":[-46.61458,-23.63597]}},{"type":"Feature","properties":{"id":"270011011","name":"Av. Do Cursino, 3658","lines":["5108-10"]},"geometry":{"type":"Point","coordinates":[-46.61653,-23.63333]}},{"type":"Feature","properties":{"id":"270011012","name":"Av. Do Cursino, 3639","lines":["5108-10"]},"geometry":{"type":"Point","coordinates":[-46.6165,-23.63317]}},{"type":"Feature","properties":{"id":"270011013","name":"Av. Do Cursino, 3341","lines":["5108-10"]},"geometry":{"type":"Point","coordinates":[-46.61779,-23.6306]}},{"type":"Feature","properties":{"id":"270011014","name":"Av. Do Cursino, 3358","lines":["5108-10"]},"geometry":{"type":"Point","coordinates":[-46.61771,-23.63088]}},{"type":"Feature","properties":{"id":"270011015","name":"Av. Do Cursino, 3111","lines":["5108-10"]},"geometry":{"type":"Point","coordinates":[-46.61867,-23.62894]}},{"type":"Feature","properties":{"id":"270011016","name":"Av. Do Cursino, 2869","lines":["5108-10"]},"geometry":{"type":"Point","coordinates":[-46.61913,-23.62672]}},{"type":"Feature","properties":{"id":"270011125","name":"Av. Do Cursino, 6625","lines":["475R-10","5108-10"]},"geometry":{"type":"Point","coordinates":[-46.61691,-23.65776]}},{"type":"Feature","properties":{"id":"270011128","name":"Av. Miguel Estefno, 4507","lines":["475R-10"]},"geometry":{"type":"Point","coordinates":[-46.62091,-23.6511]}},{"type":"Feature","properties":{"id":"270011129","name":"Av. Miguel Estefno, 4241","lines":["475R-10"]},"geometry":{"type":"Point","coordinates":[-46.62272,-23.64907]}},{"type":"Feature","properties":{"id":"270011130","name":"Av. Miguel Estefno, 4241","lines":["475R-10"]},"geometry":{"type":"Point","coordinates":[-46.62305,-23.6489]}},{"type":"Feature","properties":{"id":"270011134","name":"Av. Miguel Estefno, 3687","lines":["475R-10"]},"geometry":{"type":"Point","coordinates":[-46.62572,-23.64562]}},{"type":"Feature","properties":{"id":"270011135","name":"Av. Miguel Estefno, 3688","lines":["475R-10"]},"geometry":{"type":"Point","coordinates":[-46.62611,-23.64522]}},{"type":"Feature","properties":{"id":"270011136","name":"Av. Miguel Estefno, 3031","lines":["475R-10"]},"geometry":{"type":"Point","coordinates":[-46.6274,-23.63964]}},{"type":"Feature","properties":{"id":"270011138","name":"Av. Miguel Estefno, 2710","lines":["475R-10"]},"geometry":{"type":"Point","coordinates":[-46.62704,-23.63689]}},{"type":"Feature","properties":{"id":"270011139","name":"Av. Miguel Estefno, 2681","lines":["475R-10"]},"geometry":{"type":"Point","coordinates":[-46.62701,-23.63651]}},{"type":"Feature","properties":{"id":"270011140","name":"Av. Miguel Estefno, 2425","lines":["475R-10"]},"geometry":{"type":"Point","coordinates":[-46.62741,-23.63436]}},{"type":"Feature","properties":{"id":"270011141","name":"Av. Miguel Estefno, 2235","lines":["475R-10"]},"geometry":{"type":"Point","coordinates":[-46.62742,-23.63261]}},{"type":"Feature","properties":{"id":"270011142","name":"Av. Miguel Estefno, 2180","lines":["475R-10"]},"geometry":{"type":"Point","coordinates":[-46.62742,-23.63193]}},{"type":"Feature","properties":{"id":"270011143","name":"Av. Miguel Estefno, 2015","lines":["475R-10"]},"geometry":{"type":"Point","coordinates":[-46.6275,-23.63077]}},{"type":"Feature","properties":{"id":"270016236","name":"R. Vergueiro, 6398","lines":["5108-10"]},"geometry":{"type":"Point","coordinates":[-46.61504,-23.6019]}},{"type":"Feature","properties":{"id":"270016238","name":"R. Vergueiro, 6284","lines":["5108-10"]},"geometry":{"type":"Point","coordinates":[-46.61545,-23.60091]}},{"type":"Feature","properties":{"id":"270016265","name":"Av. Do Cursino, 2268","lines":["5108-10"]},"geometry":{"type":"Point","coordinates":[-46.62074,-23.62161]}},{"type":"Feature","properties":{"id":"270016266","name":"Av. Do Cursino, 2237","lines":["5108-10"]},"geometry":{"type":"Point","coordinates":[-46.62053,-23.6215]}},{"type":"Feature","properties":{"id":"270016267","name":"Av. Do Cursino, 2500","lines":["5108-10"]},"geometry":{"type":"Point","coordinates":[-46.62007,-23.62366]}},{"type":"Feature","properties":{"id":"270016268","name":"Av. Do Cursino, 2501","lines":["5108-10"]},"geometry":{"type":"Point","coordinates":[-46.61984,-23.62366]}},{"type":"Feature","properties":{"id":"270016269","name":"Av. Do Cursino","lines":["5108-10"]},"geometry":{"type":"Point","coordinates":[-46.61944,-23.62553]}},{"type":"Feature","properties":{"id":"270016270","name":"Av. Do Cursino","lines":["5108-10"]},"geometry":{"type":"Point","coordinates":[-46.61932,-23.62516]}},{"type":"Feature","properties":{"id":"270016272","name":"Av. Do Cursino, 1992","lines":["5108-10"]},"geometry":{"type":"Point","coordinates":[-46.62018,-23.6193]}},{"type":"Feature","properties":{"id":"270016273","name":"Av. Do Cursino, 1781","lines":["5108-10"]},"geometry":{"type":"Point","coordinates":[-46.61845,-23.61821]}},{"type":"Feature","properties":{"id":"270016276","name":"Av. Do Cursino, 1750","lines":["5108-10"]},"geometry":{"type":"Point","coordinates":[-46.61838,-23.61783]}},{"type":"Feature","properties":{"id":"270016277","name":"Av. Do Cursino, 1504","lines":["5108-10"]},"geometry":{"type":"Point","coordinates":[-46.6176,-23.61572]}},{"type":"Feature","properties":{"id":"270016278","name":"Av. Do Cursino, 1355","lines":["5108-10"]},"geometry":{"type":"Point","coordinates":[-46.61714,-23.61432]}},{"type":"Feature","properties":{"id":"270016279","name":"Av. Do Cursino, 1252","lines":["5108-10"]},"geometry":{"type":"Point","coordinates":[-46.61751,-23.61351]}},{"type":"Feature","properties":{"id":"270016280","name":"Av. Do Cursino, 1055","lines":["5108-10"]},"geometry":{"type":"Point","coordinates":[-46.61773,-23.61182]}},{"type":"Feature","properties":{"id":"270016282","name":"Av. Do Cursino, 643","lines":["5108-10"]},"geometry":{"type":"Point","coordinates":[-46.61671,-23.60793]}},{"type":"Feature","properties":{"id":"270016284","name":"Av. Do Cursino, 244","lines":["5108-10"]},"geometry":{"type":"Point","coordinates":[-46.61591,-23.60477]}},{"type":"Feature","properties":{"id":"270016954","name":"Av. Prof. Abraão De Morais, 2173","lines":["475R-10"]},"geometry":{"type":"Point","coordinates":[-46.62809,-23.62356]}},{"type":"Feature","properties":{"id":"270016975","name":"Av. Brasília, 1037","lines":["5108-10"]},"geometry":{"type":"Point","coordinates":[-46.6193,-23.66272]}},{"type":"Feature","properties":{"id":"270016977","name":"Av. Miguel Estefno, 160","lines":["475R-10"]},"geometry":{"type":"Point","coordinates":[-46.62845,-23.6274]}},{"type":"Feature","properties":{"id":"270016978","name":"Av. Prof. Abraão De Morais, 1845","lines":["475R-10"]},"geometry":{"type":"Point","coordinates":[-46.6278,-23.62112]}},{"type":"Feature","properties":{"id":"280004670","name":"Av. Paranaguá, 526","lines":["1178-10"]},"geometry":{"type":"Point","coordinates":[-46.47658,-23.50122]}},{"type":"Feature","properties":{"id":"280004671","name":"Av. Paranaguá, 972","lines":["1178-10"]},"geometry":{"type":"Point","coordinates":[-46.47783,-23.49769]}},{"type":"Feature","properties":{"id":"280004672","name":"Av. Paranaguá, 1318","lines":["1178-10"]},"geometry":{"type":"Point","coordinates":[-46.47843,-23.49449]}},{"type":"Feature","properties":{"id":"280004673","name":"Av. Milene Elias, 104","lines":["1178-10","2582-10"]},"geometry":{"type":"Point","coordinates":[-46.47813,-23.49101]}},{"type":"Feature","properties":{"id":"280004675","name":"R. Rev. José De Azevedo Guerra, 185","lines":["1178-10","2582-10"]},"geometry":{"type":"Point","coordinates":[-46.47863,-23.48623]}},{"type":"Feature","properties":{"id":"280004689","name":"R. Abel Tavares, 997","lines":["2582-10"]},"geometry":{"type":"Point","coordinates":[-46.46984,-23.4947]}},{"type":"Feature","properties":{"id":"280004692","name":"R. Miguel Rachid, 209","lines":["2582-10"]},"geometry":{"type":"Point","coordinates":[-46.47689,-23.49269]}},{"type":"Feature","properties":{"id":"280004693","name":"R. Miguel Rachid, 300","lines":["2582-10"]},"geometry":{"type":"Point","coordinates":[-46.47601,-23.49298]}},{"type":"Feature","properties":{"id":"280004694","name":"R. Miguel Rachid, 596","lines":["2582-10"]},"geometry":{"type":"Point","coordinates":[-46.47331,-23.49371]}},{"type":"Feature","properties":{"id":"280004695","name":"R. Miguel Rachid, 717","lines":["2582-10"]},"geometry":{"type":"Point","coordinates":[-46.47201,-23.49408]}},{"type":"Feature","properties":{"id":"280004696","name":"R. Abel Tavares, 513","lines":["2582-10"]},"geometry":{"type":"Point","coordinates":[-46.46974,-23.49441]}},{"type":"Feature","properties":{"id":"280004707","name":"Av. Paranaguá, 2327","lines":["1178-10","2582-10"]},"geometry":{"type":"Point","coordinates":[-46.4804,-23.48591]}},{"type":"Feature","properties":{"id":"280004708","name":"Av. Paranaguá, 1972","lines":["1178-10","2582-10"]},"geometry":{"type":"Point","coordinates":[-46.47953,-23.48869]}},{"type":"Feature","properties":{"id":"280004710","name":"Av. Paranaguá, 1765","lines":["1178-10","2582-10"]},"geometry":{"type":"Point","coordinates":[-46.47914,-23.49049]}},{"type":"Feature","properties":{"id":"280004711","name":"R. Prof. Antônio De Castro Lopes, 1259","lines":["1178-10"]},"geometry":{"type":"Point","coordinates":[-46.4799,-23.49507]}},{"type":"Feature","properties":{"id":"280004712","name":"R. Prof. Antônio De Castro Lopes, 957","lines":["1178-10"]},"geometry":{"type":"Point","coordinates":[-46.47921,-23.49783]}},{"type":"Feature","properties":{"id":"280004713","name":"R. Prof. Antônio De Castro Lopes, 723","lines":["1178-10"]},"geometry":{"type":"Point","coordinates":[-46.47859,-23.49987]}},{"type":"Feature","properties":{"id":"280004714","name":"R. Prof. Antônio De Castro Lopes, 443","lines":["1178-10"]},"geometry":{"type":"Point","coordinates":[-46.47792,-23.50237]}},{"type":"Feature","properties":{"id":"280004715","name":"R. Prof. Antônio De Castro Lopes, 223","lines":["1178-10"]},"geometry":{"type":"Point","coordinates":[-46.47666,-23.50414]}},{"type":"Feature","properties":{"id":"280004750","name":"Av. Boturussu, 2098","lines":["2582-10"]},"geometry":{"type":"Point","coordinates":[-46.47908,-23.49244]}},{"type":"Feature","properties":{"id":"280004751","name":"R. Dr. Assis Ribeiro, 8630","lines":["1178-31"]},"geometry":{"type":"Point","coordinates":[-46.47575,-23.48442]}},{"type":"Feature","properties":{"id":"280004752","name":"R. Dr. Assis Ribeiro, 8630","lines":["1178-31"]},"geometry":{"type":"Point","coordinates":[-46.4761,-23.48426]}},{"type":"Feature","properties":{"id":"280004753","name":"R. Dr. Assis Ribeiro, 8800","lines":["1178-31"]},"geometry":{"type":"Point","coordinates":[-46.47297,-23.48338]}},{"type":"Feature","properties":{"id":"280004754","name":"R. Dr. Assis Ribeiro, 9590","lines":["1178-31"]},"geometry":{"type":"Point","coordinates":[-46.47094,-23.48275]}},{"type":"Feature","properties":{"id":"280005735","name":"R. Dr. Assis Ribeiro, 5601","lines":["1178-10","1178-31","2582-10"]},"geometry":{"type":"Point","coordinates":[-46.50462,-23.48892]}},{"type":"Feature","properties":{"id":"280005736","name":"R. Dr. Assis Ribeiro, 6538","lines":["1178-10","1178-31","2582-10"]},"geometry":{"type":"Point","coordinates":[-46.50221,-23.48598]}},{"type":"Feature","properties":{"id":"280005737","name":"R. Dr. Assis Ribeiro, 6101","lines":["1178-10","1178-31"]},"geometry":{"type":"Point","coordinates":[-46.50208,-23.48575]}},{"type":"Feature","properties":{"id":"280005738","name":"R. Dr. Assis Ribeiro","lines":["1178-10","1178-31","2582-10"]},"geometry":{"type":"Point","coordinates":[-46.49549,-23.48417]}},{"type":"Feature","properties":{"id":"280005739","name":"R. Dr. Assis Ribeiro, 7750","lines":["1178-10","1178-31","2582-10"]},"geometry":{"type":"Point","coordinates":[-46.49566,-23.48405]}},{"type":"Feature","properties":{"id":"280005740","name":"R. Dr. Assis Ribeiro, 7568","lines":["1178-10","1178-31","2582-10"]},"geometry":{"type":"Point","coordinates":[-46.49203,-23.48298]}},{"type":"Feature","properties":{"id":"280005741","name":"R. Dr. Assis Ribeiro, 7200","lines":["1178-10","1178-31","2582-10"]},"geometry":{"type":"Point","coordinates":[-46.49189,-23.48283]}},{"type":"Feature","properties":{"id":"280005742","name":"R. Dr. Assis Ribeiro, 7700","lines":["1178-10","1178-31","2582-10"]},"geometry":{"type":"Point","coordinates":[-46.4898,-23.48415]}},{"type":"Feature","properties":{"id":"280005743","name":"R. Dr. Assis Ribeiro, 7765","lines":["1178-10","1178-31","2582-10"]},"geometry":{"type":"Point","coordinates":[-46.48941,-23.4841]}},{"type":"Feature","properties":{"id":"280005744","name":"R. Dr. Assis Ribeiro, 7942","lines":["1178-10","1178-31","2582-10"]},"geometry":{"type":"Point","coordinates":[-46.48751,-23.48523]}},{"type":"Feature","properties":{"id":"280005745","name":"R. Dr. Assis Ribeiro, 7973","lines":["1178-10","1178-31","2582-10"]},"geometry":{"type":"Point","coordinates":[-46.48681,-23.4852]}},{"type":"Feature","properties":{"id":"280005746","name":"R. Dr. Assis Ribeiro, 8248","lines":["1178-10","1178-31","2582-10"]},"geometry":{"type":"Point","coordinates":[-46.48347,-23.48589]}},{"type":"Feature","properties":{"id":"280005747","name":"R. Dr. Assis Ribeiro, 8421","lines":["1178-10","1178-31","2582-10"]},"geometry":{"type":"Point","coordinates":[-46.48234,-23.48551]}},{"type":"Feature","properties":{"id":"290001353","name":"Av. Min. Petrônio Portela","lines":["129F-10"]},"geometry":{"type":"Point","coordinates":[-46.70311,-23.49653]}},{"type":"Feature","properties":{"id":"290001354","name":"Av. Min. Petrônio Portela, 491","lines":["129F-10"]},"geometry":{"type":"Point","coordinates":[-46.70156,-23.495]}},{"type":"Feature","properties":{"id":"290001355","name":"Av. Min. Petrônio Portela, 471","lines":["129F-10"]},"geometry":{"type":"Point","coordinates":[-46.70178,-23.49514]}},{"type":"Feature","properties":{"id":"290001356","name":"Av. Min. Petrônio Portela, 714","lines":["129F-10"]},"geometry":{"type":"Point","coordinates":[-46.70065,-23.49313]}},{"type":"Feature","properties":{"id":"290001357","name":"Av. Min. Petrônio Portela, 784","lines":["129F-10"]},"geometry":{"type":"Point","coordinates":[-46.70021,-23.49261]}},{"type":"Feature","properties":{"id":"290001358","name":"Av. Min. Petrônio Portela, 967","lines":["129F-10"]},"geometry":{"type":"Point","coordinates":[-46.69952,-23.49117]}},{"type":"Feature","properties":{"id":"290001396","name":"Freguesia C/B","lines":["189L-10","8600-10"]},"geometry":{"type":"Point","coordinates":[-46.70912,-23.494]}},{"type":"Feature","properties":{"id":"290001401","name":"Freguesia B/C","lines":["189L-10","8600-10"]},"geometry":{"type":"Point","coordinates":[-46.70877,-23.49479]}},{"type":"Feature","properties":{"id":"300009531","name":"Av. Da. Belmira Marin, 3355","lines":["637G-10"]},"geometry":{"type":"Point","coordinates":[-46.68409,-23.75298]}},{"type":"Feature","properties":{"id":"300009532","name":"Av. Da. Belmira Marin, 3412","lines":["637G-10"]},"geometry":{"type":"Point","coordinates":[-46.68485,-23.75313]}},{"type":"Feature","properties":{"id":"300009678","name":"Terminal Grajaú - Pmv 10","lines":["675X-10"]},"geometry":{"type":"Point","coordinates":[-46.69751,-23.73767]}},{"type":"Feature","properties":{"id":"300009679","name":"Terminal Grajaú","lines":["6003-10"]},"geometry":{"type":"Point","coordinates":[-46.6976,-23.73778]}},{"type":"Feature","properties":{"id":"300009687","name":"Terminal Grajaú - Pmv 17","lines":["675X-10"]},"geometry":{"type":"Point","coordinates":[-46.69728,-23.73724]}},{"type":"Feature","properties":{"id":"300009690","name":"Terminal Grajaú - Pmv 20","lines":["675X-10"]},"geometry":{"type":"Point","coordinates":[-46.69753,-23.73752]}},{"type":"Feature","properties":{"id":"300009888","name":"Av. Da. Belmira Marin, 646","lines":["637G-10"]},"geometry":{"type":"Point","coordinates":[-46.69419,-23.73652]}},{"type":"Feature","properties":{"id":"300009889","name":"Av. Da. Belmira Marin, 773","lines":["637G-10"]},"geometry":{"type":"Point","coordinates":[-46.69307,-23.73737]}},{"type":"Feature","properties":{"id":"300009890","name":"Av. Da. Belmira Marin, 1030","lines":["637G-10"]},"geometry":{"type":"Point","coordinates":[-46.69168,-23.73928]}},{"type":"Feature","properties":{"id":"300009891","name":"Av. Da. Belmira Marin, 1135","lines":["637G-10"]},"geometry":{"type":"Point","coordinates":[-46.69143,-23.74019]}},{"type":"Feature","properties":{"id":"300009892","name":"Av. Da. Belmira Marin, 1246","lines":["637G-10"]},"geometry":{"type":"Point","coordinates":[-46.69183,-23.74178]}},{"type":"Feature","properties":{"id":"300009893","name":"Av. Da. Belmira Marin, 1553","lines":["637G-10"]},"geometry":{"type":"Point","coordinates":[-46.69122,-23.74375]}},{"type":"Feature","properties":{"id":"300009894","name":"Av. Da. Belmira Marin, 1874","lines":["637G-10"]},"geometry":{"type":"Point","coordinates":[-46.68872,-23.74591]}},{"type":"Feature","properties":{"id":"300009895","name":"Av. Da. Belmira Marin, 2143","lines":["637G-10"]},"geometry":{"type":"Point","coordinates":[-46.68792,-23.74675]}},{"type":"Feature","properties":{"id":"300009896","name":"Av. Da. Belmira Marin, 2250","lines":["637G-10"]},"geometry":{"type":"Point","coordinates":[-46.68764,-23.74922]}},{"type":"Feature","properties":{"id":"300009897","name":"Av. Da. Belmira Marin, 2328","lines":["637G-10"]},"geometry":{"type":"Point","coordinates":[-46.68768,-23.74969]}},{"type":"Feature","properties":{"id":"300009898","name":"Av. Da. Belmira Marin, 2713","lines":["637G-10"]},"geometry":{"type":"Point","coordinates":[-46.68825,-23.75361]}},{"type":"Feature","properties":{"id":"300009899","name":"Av. Da. Belmira Marin, 2742","lines":["637G-10"]},"geometry":{"type":"Point","coordinates":[-46.68833,-23.7532]}},{"type":"Feature","properties":{"id":"320012237","name":"Av. Ragueb Chohfi, 5425","lines":["4210-10","4313-10"]},"geometry":{"type":"Point","coordinates":[-46.43494,-23.59609]}},{"type":"Feature","properties":{"id":"320012238","name":"Av. Ragueb Chohfi, 5940","lines":["4210-10","4313-10"]},"geometry":{"type":"Point","coordinates":[-46.43001,-23.59526]}},{"type":"Feature","properties":{"id":"320012241","name":"Av. Ragueb Chohfi, 7020","lines":["4210-10","4313-10"]},"geometry":{"type":"Point","coordinates":[-46.4201,-23.59428]}},{"type":"Feature","properties":{"id":"320012260","name":"Estr. Iguatemi, 7357","lines":["4210-10","4313-10"]},"geometry":{"type":"Point","coordinates":[-46.41865,-23.59348]}},{"type":"Feature","properties":{"id":"320012264","name":"Av. Ragueb Chohfi, 5387","lines":["4210-10","4313-10"]},"geometry":{"type":"Point","coordinates":[-46.43409,-23.59544]}},{"type":"Feature","properties":{"id":"320012267","name":"Av. Ragueb Chohfi, 4813","lines":["4210-10","4313-10"]},"geometry":{"type":"Point","coordinates":[-46.43907,-23.59518]}},{"type":"Feature","properties":{"id":"320012272","name":"Av. Ragueb Chohfi, 2967","lines":["354M-10","4210-10","4313-10"]},"geometry":{"type":"Point","coordinates":[-46.45675,-23.5969]}},{"type":"Feature","properties":{"id":"320012280","name":"Av. Ragueb Chohfi, 2901","lines":["354M-10","4210-10","4313-10"]},"geometry":{"type":"Point","coordinates":[-46.45718,-23.59744]}},{"type":"Feature","properties":{"id":"320012281","name":"Av. Ragueb Chohfi, 3386","lines":["354M-10","4210-10","4313-10"]},"geometry":{"type":"Point","coordinates":[-46.45266,-23.59605]}},{"type":"Feature","properties":{"id":"320012282","name":"Av. Ragueb Chohfi, 3674","lines":["354M-10","4210-10","4313-10"]},"geometry":{"type":"Point","coordinates":[-46.45031,-23.59509]}},{"type":"Feature","properties":{"id":"320012285","name":"Av. Ragueb Chohfi, 4750","lines":["4210-10","4313-10"]},"geometry":{"type":"Point","coordinates":[-46.44004,-23.5952]}},{"type":"Feature","properties":{"id":"320012286","name":"Av. Ragueb Chohfi, 5055","lines":["4210-10","4313-10"]},"geometry":{"type":"Point","coordinates":[-46.43762,-23.59588]}},{"type":"Feature","properties":{"id":"330010881","name":"R. Dos Patriotas, 837","lines":["5107-10"]},"geometry":{"type":"Point","coordinates":[-46.60398,-23.58323]}},{"type":"Feature","properties":{"id":"330010883","name":"R. Costa Aguiar, 640","lines":["477A-10","5107-10"]},"geometry":{"type":"Point","coordinates":[-46.6071,-23.57948]}},{"type":"Feature","properties":{"id":"330010884","name":"R. Cipriano Barata, 1001","lines":["477A-10","5107-10"]},"geometry":{"type":"Point","coordinates":[-46.60601,-23.5787]}},{"type":"Feature","properties":{"id":"330010886","name":"R. Dos Sorocabanos, 56","lines":["477A-10","5107-10"]},"geometry":{"type":"Point","coordinates":[-46.60562,-23.57983]}},{"type":"Feature","properties":{"id":"330010887","name":"R. Cipriano Barata, 1475","lines":["477A-10","5107-10"]},"geometry":{"type":"Point","coordinates":[-46.60566,-23.58251]}},{"type":"Feature","properties":{"id":"330010888","name":"R. Cipriano Barata, 1601","lines":["477A-10"]},"geometry":{"type":"Point","coordinates":[-46.60565,-23.58355]}},{"type":"Feature","properties":{"id":"330010898","name":"R. Dos Sorocabanos, 680","lines":["477A-10","5107-10"]},"geometry":{"type":"Point","coordinates":[-46.60326,-23.57967]}},{"type":"Feature","properties":{"id":"330010901","name":"Oliveira Alves","lines":["477A-10","5107-10"]},"geometry":{"type":"Point","coordinates":[-46.60201,-23.58464]}},{"type":"Feature","properties":{"id":"330010902","name":"R. Silva Bueno, 1046","lines":["477A-10","5107-10"]},"geometry":{"type":"Point","coordinates":[-46.60172,-23.58752]}},{"type":"Feature","properties":{"id":"330010903","name":"R. Silva Bueno, 1431","lines":["477A-10","5107-10"]},"geometry":{"type":"Point","coordinates":[-46.60138,-23.59109]}},{"type":"Feature","properties":{"id":"330010904","name":"R. Silva Bueno, 1792","lines":["477A-10","5107-10"]},"geometry":{"type":"Point","coordinates":[-46.60108,-23.59434]}},{"type":"Feature","properties":{"id":"330010906","name":"R. Silva Bueno, 2150","lines":["477A-10","5107-10"]},"geometry":{"type":"Point","coordinates":[-46.60075,-23.59754]}},{"type":"Feature","properties":{"id":"330010907","name":"R. Silva Bueno, 2394","lines":["477A-10","5107-10"]},"geometry":{"type":"Point","coordinates":[-46.60053,-23.59977]}},{"type":"Feature","properties":{"id":"330010909","name":"R. Lino Coutinho, 1929","lines":["477A-10"]},"geometry":{"type":"Point","coordinates":[-46.60157,-23.6005]}},{"type":"Feature","properties":{"id":"330010910","name":"Clemente Pereira","lines":["477A-10"]},"geometry":{"type":"Point","coordinates":[-46.60181,-23.5983]}},{"type":"Feature","properties":{"id":"330010911","name":"R. Lino Coutinho, 1455","lines":["477A-10","5107-10"]},"geometry":{"type":"Point","coordinates":[-46.60201,-23.59643]}},{"type":"Feature","properties":{"id":"330010912","name":"R. Lino Coutinho, 1093","lines":["5107-10"]},"geometry":{"type":"Point","coordinates":[-46.60229,-23.59312]}},{"type":"Feature","properties":{"id":"330010913","name":"R. Lino Coutinho, 843","lines":["5107-10"]},"geometry":{"type":"Point","coordinates":[-46.6025,-23.59092]}},{"type":"Feature","properties":{"id":"330010914","name":"R. Lino Coutinho, 573","lines":["5107-10"]},"geometry":{"type":"Point","coordinates":[-46.60273,-23.58839]}},{"type":"Feature","properties":{"id":"330010915","name":"R. Lino Coutinho, 389","lines":["5107-10"]},"geometry":{"type":"Point","coordinates":[-46.6029,-23.58684]}},{"type":"Feature","properties":{"id":"330010922","name":"R. Cipriano Barata, 2521","lines":["477A-10"]},"geometry":{"type":"Point","coordinates":[-46.60482,-23.59198]}},{"type":"Feature","properties":{"id":"330010923","name":"R. Cipriano Barata, 2261","lines":["477A-10"]},"geometry":{"type":"Point","coordinates":[-46.60503,-23.58958]}},{"type":"Feature","properties":{"id":"330010924","name":"R. Cipriano Barata, 1957","lines":["477A-10"]},"geometry":{"type":"Point","coordinates":[-46.60532,-23.58695]}},{"type":"Feature","properties":{"id":"330010933","name":"R. Bom Pastor, 1409","lines":["5108-10"]},"geometry":{"type":"Point","coordinates":[-46.60719,-23.58885]}},{"type":"Feature","properties":{"id":"330010934","name":"R. Bom Pastor, 1111","lines":["5108-10"]},"geometry":{"type":"Point","coordinates":[-46.60744,-23.5862]}},{"type":"Feature","properties":{"id":"330010935","name":"R. Bom Pastor, 825","lines":["5108-10"]},"geometry":{"type":"Point","coordinates":[-46.60763,-23.58399]}},{"type":"Feature","properties":{"id":"330010936","name":"R. Bom Pastor, 654","lines":["5108-10"]},"geometry":{"type":"Point","coordinates":[-46.60784,-23.58189]}},{"type":"Feature","properties":{"id":"330010937","name":"R. Bom Pastor, 479","lines":["5108-10"]},"geometry":{"type":"Point","coordinates":[-46.60797,-23.58052]}},{"type":"Feature","properties":{"id":"330010938","name":"R. Bom Pastor, 279","lines":["5108-10"]},"geometry":{"type":"Point","coordinates":[-46.60851,-23.57897]}},{"type":"Feature","properties":{"id":"330010942","name":"R. Dois De Julho, 191","lines":["477A-10"]},"geometry":{"type":"Point","coordinates":[-46.60436,-23.59614]}},{"type":"Feature","properties":{"id":"330010944","name":"R. Clemente Pereira, 286","lines":["5107-10"]},"geometry":{"type":"Point","coordinates":[-46.60252,-23.5982]}},{"type":"Feature","properties":{"id":"330010945","name":"R. Clemente Pereira, 58","lines":["5107-10"]},"geometry":{"type":"Point","coordinates":[-46.60459,-23.59836]}},{"type":"Feature","properties":{"id":"330014270","name":"Av. Do Estado, 8777","lines":["5143-10"]},"geometry":{"type":"Point","coordinates":[-46.59921,-23.58438]}},{"type":"Feature","properties":{"id":"330014271","name":"Av. Do Estado, 3009","lines":["5143-10"]},"geometry":{"type":"Point","coordinates":[-46.5994,-23.5794]}},{"type":"Feature","properties":{"id":"330014272","name":"Av. Do Estado, 2671","lines":["5143-10"]},"geometry":{"type":"Point","coordinates":[-46.60078,-23.57662]}},{"type":"Feature","properties":{"id":"330014273","name":"Av. Do Estado, 7929","lines":["5143-10"]},"geometry":{"type":"Point","coordinates":[-46.60279,-23.5743]}},{"type":"Feature","properties":{"id":"330014274","name":"Av. Do Estado, 7515","lines":["5143-10"]},"geometry":{"type":"Point","coordinates":[-46.604,-23.57129]}},{"type":"Feature","properties":{"id":"330014275","name":"Av. Do Estado, 7117","lines":["5143-10"]},"geometry":{"type":"Point","coordinates":[-46.6066,-23.56922]}},{"type":"Feature","properties":{"id":"330014468","name":"Av. Do Estado, 6844","lines":["5143-10"]},"geometry":{"type":"Point","coordinates":[-46.60951,-23.56767]}},{"type":"Feature","properties":{"id":"330014535","name":"Av. Do Estado, 7000","lines":["5143-10"]},"geometry":{"type":"Point","coordinates":[-46.6071,-23.56951]}},{"type":"Feature","properties":{"id":"330014569","name":"Av. Do Estado, 7121","lines":["5143-10"]},"geometry":{"type":"Point","coordinates":[-46.60519,-23.57059]}},{"type":"Feature","properties":{"id":"330014570","name":"Av. Do Estado, 7634","lines":["5143-10"]},"geometry":{"type":"Point","coordinates":[-46.60429,-23.57301]}},{"type":"Feature","properties":{"id":"330014571","name":"Av. Do Estado, 8016","lines":["5143-10"]},"geometry":{"type":"Point","coordinates":[-46.60334,-23.57448]}},{"type":"Feature","properties":{"id":"330014572","name":"Av. Do Estado, 8582","lines":["5143-10"]},"geometry":{"type":"Point","coordinates":[-46.60033,-23.57851]}},{"type":"Feature","properties":{"id":"330014573","name":"Av. Do Estado, 9100","lines":["5143-10"]},"geometry":{"type":"Point","coordinates":[-46.59988,-23.58179]}},{"type":"Feature","properties":{"id":"330014574","name":"Av. Do Estado, 8682","lines":["5143-10"]},"geometry":{"type":"Point","coordinates":[-46.59963,-23.58492]}},{"type":"Feature","properties":{"id":"330016011","name":"R. Pe. Marchetti, 235","lines":["5108-10"]},"geometry":{"type":"Point","coordinates":[-46.6122,-23.58871]}},{"type":"Feature","properties":{"id":"330016017","name":"R. Salvador Simões, 616","lines":["5108-10"]},"geometry":{"type":"Point","coordinates":[-46.61386,-23.59911]}},{"type":"Feature","properties":{"id":"330016019","name":"R. Salvador Simões, 472","lines":["5108-10"]},"geometry":{"type":"Point","coordinates":[-46.614,-23.59772]}},{"type":"Feature","properties":{"id":"330016020","name":"R. Salvador Simões, 642","lines":["5108-10"]},"geometry":{"type":"Point","coordinates":[-46.61413,-23.59608]}},{"type":"Feature","properties":{"id":"330016022","name":"R. Vieira De Almeida, 231","lines":["5108-10"]},"geometry":{"type":"Point","coordinates":[-46.61399,-23.5944]}},{"type":"Feature","properties":{"id":"330016024","name":"R. Gama Lobo, 835","lines":["5108-10"]},"geometry":{"type":"Point","coordinates":[-46.61253,-23.59137]}},{"type":"Feature","properties":{"id":"330016025","name":"R. Dr. Mário Vicente, 918","lines":["5108-10"]},"geometry":{"type":"Point","coordinates":[-46.61327,-23.59155]}},{"type":"Feature","properties":{"id":"330016026","name":"R. Dr. Mário Vicente, 1198","lines":["5108-10"]},"geometry":{"type":"Point","coordinates":[-46.61298,-23.59408]}},{"type":"Feature","properties":{"id":"330016214","name":"R. Marcos Portugal, 352","lines":["477A-10"]},"geometry":{"type":"Point","coordinates":[-46.60725,-23.60388]}},{"type":"Feature","properties":{"id":"330016216","name":"R. Do Lago, 227","lines":["477A-10"]},"geometry":{"type":"Point","coordinates":[-46.60572,-23.60392]}},{"type":"Feature","properties":{"id":"330016234","name":"R. Vergueiro, 6757","lines":["5108-10"]},"geometry":{"type":"Point","coordinates":[-46.61443,-23.60518]}},{"type":"Feature","properties":{"id":"330016296","name":"Terminal Sacoma","lines":["5107-10"]},"geometry":{"type":"Point","coordinates":[-46.60114,-23.60181]}},{"type":"Feature","properties":{"id":"330016299","name":"R. Greenfeld, 130","lines":["477A-10"]},"geometry":{"type":"Point","coordinates":[-46.60229,-23.60133]}},{"type":"Feature","properties":{"id":"330016301","name":"R. Bom Pastor, 3047","lines":["5107-10"]},"geometry":{"type":"Point","coordinates":[-46.60232,-23.60247]}},{"type":"Feature","properties":{"id":"330016303","name":"Av. Dr. Gentil De Moura, 770","lines":["477A-10"]},"geometry":{"type":"Point","coordinates":[-46.60726,-23.60206]}},{"type":"Feature","properties":{"id":"330016304","name":"Pça. Do Monumento, 132","lines":["5108-10"]},"geometry":{"type":"Point","coordinates":[-46.61099,-23.57989]}},{"type":"Feature","properties":{"id":"330016305","name":"Av. Nazaré, 28","lines":["5108-10"]},"geometry":{"type":"Point","coordinates":[-46.61106,-23.5843]}},{"type":"Feature","properties":{"id":"330016317","name":"R. Moreira E Costa, 474","lines":["5108-10"]},"geometry":{"type":"Point","coordinates":[-46.60989,-23.58964]}},{"type":"Feature","properties":{"id":"330016372","name":"Av. D. Pedro I, 520","lines":["5108-10"]},"geometry":{"type":"Point","coordinates":[-46.61138,-23.57001]}},{"type":"Feature","properties":{"id":"330016373","name":"Av. D. Pedro I, 798","lines":["5108-10"]},"geometry":{"type":"Point","coordinates":[-46.61112,-23.57249]}},{"type":"Feature","properties":{"id":"330016374","name":"Av. D. Pedro I","lines":["5108-10"]},"geometry":{"type":"Point","coordinates":[-46.61084,-23.57587]}},{"type":"Feature","properties":{"id":"330016956","name":"R. Tabor, 283","lines":["477A-10","5107-10"]},"geometry":{"type":"Point","coordinates":[-46.60783,-23.57708]}},{"type":"Feature","properties":{"id":"330016957","name":"R. Leais Paulistanos, 36","lines":["477A-10","5107-10"]},"geometry":{"type":"Point","coordinates":[-46.609,-23.57874]}},{"type":"Feature","properties":{"id":"330017034","name":"R. Malvina Ferrara Samarone","lines":["477A-10"]},"geometry":{"type":"Point","coordinates":[-46.60433,-23.60505]}},{"type":"Feature","properties":{"id":"340015024","name":"Av. Brig. Faria Lima, 3730","lines":["648P-10"]},"geometry":{"type":"Point","coordinates":[-46.68185,-23.58952]}},{"type":"Feature","properties":{"id":"340015030","name":"Av. Brig. Faria Lima, 3477","lines":["648P-10"]},"geometry":{"type":"Point","coordinates":[-46.68223,-23.58695]}},{"type":"Feature","properties":{"id":"340015323","name":"São Gabriel B/C","lines":["6505-10","6913-10"]},"geometry":{"type":"Point","coordinates":[-46.67107,-23.57749]}},{"type":"Feature","properties":{"id":"340015324","name":"São Gabriel C/B","lines":["6505-10","6913-10"]},"geometry":{"type":"Point","coordinates":[-46.67107,-23.57821]}},{"type":"Feature","properties":{"id":"340015333","name":"Afonso Braz C/B 1","lines":["5111-10","6505-10","6913-10","6913-21","7550-10"]},"geometry":{"type":"Point","coordinates":[-46.67328,-23.59572]}},{"type":"Feature","properties":{"id":"340015344","name":"Parada 2 - Eucaliptos C/B","lines":["516N-10","637G-10"]},"geometry":{"type":"Point","coordinates":[-46.675,-23.6043]}},{"type":"Feature","properties":{"id":"340015346","name":"Parada 1 - Eucaliptos C/B","lines":["5111-10","6505-10","6913-10","6913-21","7550-10"]},"geometry":{"type":"Point","coordinates":[-46.67514,-23.60464]}},{"type":"Feature","properties":{"id":"340015390","name":"R. Tabapuã, 865","lines":["477A-10","5119-10","637G-10"]},"geometry":{"type":"Point","coordinates":[-46.67888,-23.58399]}},{"type":"Feature","properties":{"id":"340015391","name":"Urussui","lines":["477A-10","5119-10","637G-10"]},"geometry":{"type":"Point","coordinates":[-46.67638,-23.58334]}},{"type":"Feature","properties":{"id":"340015447","name":"Av. Brig. Faria Lima, 467","lines":["477A-10","637G-10","648P-10"]},"geometry":{"type":"Point","coordinates":[-46.68439,-23.58217]}},{"type":"Feature","properties":{"id":"340015454","name":"Clodomiro Amazonas","lines":["477A-10","5119-10","637G-10"]},"geometry":{"type":"Point","coordinates":[-46.68036,-23.58454]}},{"type":"Feature","properties":{"id":"340015456","name":"R. Aspásia","lines":["477A-10","637G-10"]},"geometry":{"type":"Point","coordinates":[-46.68188,-23.58575]}},{"type":"Feature","properties":{"id":"340015457","name":"R. Tabapuã, 49","lines":["477A-10","5119-10"]},"geometry":{"type":"Point","coordinates":[-46.67134,-23.58202]}},{"type":"Feature","properties":{"id":"340015459","name":"Bandeira Paulista","lines":["477A-10","5119-10","516N-10","637G-10"]},"geometry":{"type":"Point","coordinates":[-46.67521,-23.58472]}},{"type":"Feature","properties":{"id":"340015460","name":"R. Joaquim Floriano, 724","lines":["477A-10","5119-10","516N-10","637G-10"]},"geometry":{"type":"Point","coordinates":[-46.67696,-23.58519]}},{"type":"Feature","properties":{"id":"340015461","name":"R. Joaquim Floriano, 922","lines":["477A-10","5119-10","637G-10"]},"geometry":{"type":"Point","coordinates":[-46.67889,-23.58568]}},{"type":"Feature","properties":{"id":"340015462","name":"R. Iguatemi, 334","lines":["477A-10","5119-10","637G-10"]},"geometry":{"type":"Point","coordinates":[-46.68273,-23.58369]}},{"type":"Feature","properties":{"id":"340015464","name":"R. Dr. Renato Paes De Barros, 550","lines":["637G-10"]},"geometry":{"type":"Point","coordinates":[-46.67374,-23.58361]}},{"type":"Feature","properties":{"id":"340015465","name":"Av. Pres. Juscelino Kubitschek, 627","lines":["516N-10"]},"geometry":{"type":"Point","coordinates":[-46.67546,-23.58855]}},{"type":"Feature","properties":{"id":"340015467","name":"Av. Pres. Juscelino Kubitschek, 53","lines":["516N-10","637G-10","6913-21"]},"geometry":{"type":"Point","coordinates":[-46.67127,-23.58553]}},{"type":"Feature","properties":{"id":"340015471","name":"Av. Pres. Juscelino Kubitschek, 1600","lines":["648P-10"]},"geometry":{"type":"Point","coordinates":[-46.68499,-23.59132]}},{"type":"Feature","properties":{"id":"340015475","name":"Av. Henrique Chamma, 590","lines":["648P-10"]},"geometry":{"type":"Point","coordinates":[-46.68828,-23.59]}},{"type":"Feature","properties":{"id":"340015482","name":"Av. Horácio Lafer, 440","lines":["648P-10"]},"geometry":{"type":"Point","coordinates":[-46.68356,-23.58792]}},{"type":"Feature","properties":{"id":"340015488","name":"R. João Cachoeira, 914","lines":["516N-10"]},"geometry":{"type":"Point","coordinates":[-46.67671,-23.58846]}},{"type":"Feature","properties":{"id":"340015491","name":"Parada Complexo Jk","lines":["607C-10","648P-10","677A-10"]},"geometry":{"type":"Point","coordinates":[-46.68913,-23.59184]}},{"type":"Feature","properties":{"id":"340015492","name":"Av. Chedid Jafet, 75","lines":["607C-10","648P-10","677A-10"]},"geometry":{"type":"Point","coordinates":[-46.68883,-23.59246]}},{"type":"Feature","properties":{"id":"340015493","name":"Av. Das Nações Unidas, 13575","lines":["609F-10","6200-10","637A-10","6403-10","6451-10"]},"geometry":{"type":"Point","coordinates":[-46.69209,-23.59292]}},{"type":"Feature","properties":{"id":"340015494","name":"Av. Das Nações Unidas, 10695","lines":["609F-10","6200-10","637A-10","6403-10","6451-10"]},"geometry":{"type":"Point","coordinates":[-46.69098,-23.58986]}},{"type":"Feature","properties":{"id":"340015612","name":"Av. Das Nações Unidas, 13355","lines":["609F-10","6200-10","637A-10","6403-10","6451-10","677A-10"]},"geometry":{"type":"Point","coordinates":[-46.69926,-23.61697]}},{"type":"Feature","properties":{"id":"340015614","name":"Av. Das Nações Unidas, 11633","lines":["609F-10","6200-10","637A-10","6403-10","6451-10"]},"geometry":{"type":"Point","coordinates":[-46.6952,-23.60185]}},{"type":"Feature","properties":{"id":"340015615","name":"Av. Das Nações Unidas, 6475","lines":["609F-10","6200-10","637A-10","6403-10","6451-10"]},"geometry":{"type":"Point","coordinates":[-46.69329,-23.59846]}},{"type":"Feature","properties":{"id":"340015735","name":"Parada 2 - Roque Petroni Jr. C/B","lines":["516N-10","637G-10","675I-10"]},"geometry":{"type":"Point","coordinates":[-46.68661,-23.62523]}},{"type":"Feature","properties":{"id":"340015736","name":"Parada 1 - Roque Petroni Jr. C/B","lines":["5111-10","6505-10","6913-10","6913-21","7550-10"]},"geometry":{"type":"Point","coordinates":[-46.68687,-23.62562]}},{"type":"Feature","properties":{"id":"340015737","name":"Parada 2 - Morumbi B/C","lines":["516N-10","637G-10","675I-10"]},"geometry":{"type":"Point","coordinates":[-46.68563,-23.62401]}},{"type":"Feature","properties":{"id":"340015740","name":"Parada 1 - Morumbi C/B","lines":["5111-10","6505-10","6913-10","6913-21","7550-10"]},"geometry":{"type":"Point","coordinates":[-46.68471,-23.62259]}},{"type":"Feature","properties":{"id":"340015745","name":"Parada 2 - Vieira De Morais B/C","lines":["516N-10","637G-10"]},"geometry":{"type":"Point","coordinates":[-46.6805,-23.61664]}},{"type":"Feature","properties":{"id":"340015746","name":"Parada 1 - Vieira De Morais B/C","lines":["5111-10","6505-10","6913-10","6913-21","7550-10"]},"geometry":{"type":"Point","coordinates":[-46.68014,-23.61612]}},{"type":"Feature","properties":{"id":"340015747","name":"Parada 2 - Vieira De Morais C/B","lines":["516N-10","637G-10","675I-10"]},"geometry":{"type":"Point","coordinates":[-46.67929,-23.61468]}},{"type":"Feature","properties":{"id":"340015748","name":"Parada 1 - Vieira De Morais C/B","lines":["5111-10","6505-10","6913-10","6913-21","7550-10"]},"geometry":{"type":"Point","coordinates":[-46.67963,-23.61516]}},{"type":"Feature","properties":{"id":"340015749","name":"Parada 2 - Portugal B/C","lines":["516N-10","637G-10"]},"geometry":{"type":"Point","coordinates":[-46.67798,-23.6126]}},{"type":"Feature","properties":{"id":"340015750","name":"Parada 1 - Portugal B/C","lines":["5111-10","6505-10","6913-10","6913-21","7550-10"]},"geometry":{"type":"Point","coordinates":[-46.67774,-23.61199]}},{"type":"Feature","properties":{"id":"340015751","name":"Parada 1 - Portugal C/B","lines":["5111-10","6505-10","6913-10","6913-21","7550-10"]},"geometry":{"type":"Point","coordinates":[-46.67753,-23.6112]}},{"type":"Feature","properties":{"id":"340015752","name":"Parada 2 - Portugal C/B","lines":["516N-10","637G-10"]},"geometry":{"type":"Point","coordinates":[-46.67731,-23.6105]}},{"type":"Feature","properties":{"id":"360004770","name":"Av. Jacu-pêssego/nova Trabalhadores, 1893","lines":["354M-10"]},"geometry":{"type":"Point","coordinates":[-46.45653,-23.52232]}},{"type":"Feature","properties":{"id":"360004771","name":"Av. Jacu-pêssego/nova Trabalhadores","lines":["354M-10"]},"geometry":{"type":"Point","coordinates":[-46.45754,-23.52877]}},{"type":"Feature","properties":{"id":"360004772","name":"Av. Jacu-pêssego/nova Trabalhadores, 5343","lines":["354M-10"]},"geometry":{"type":"Point","coordinates":[-46.45041,-23.53815]}},{"type":"Feature","properties":{"id":"360004926","name":"Av. Jacu-pêssego/nova Trabalhadores","lines":["354M-10"]},"geometry":{"type":"Point","coordinates":[-46.4454,-23.5554]}},{"type":"Feature","properties":{"id":"360004971","name":"Terminal A. E. Carvalho","lines":["208V-10"]},"geometry":{"type":"Point","coordinates":[-46.47591,-23.51775]}},{"type":"Feature","properties":{"id":"360004986","name":"Terminal A. E. Carvalho","lines":["208V-10"]},"geometry":{"type":"Point","coordinates":[-46.4757,-23.51809]}},{"type":"Feature","properties":{"id":"360007044","name":"Av. Jacu-pêssego/nova Trabalhadores, 35","lines":["354M-10"]},"geometry":{"type":"Point","coordinates":[-46.44638,-23.55345]}},{"type":"Feature","properties":{"id":"360007045","name":"Av. Jacu-pêssego/nova Trabalhadores, 3201","lines":["354M-10"]},"geometry":{"type":"Point","coordinates":[-46.44578,-23.55603]}},{"type":"Feature","properties":{"id":"360012312","name":"Av. Do Contorno, 408","lines":["4310-10"]},"geometry":{"type":"Point","coordinates":[-46.46177,-23.53974]}},{"type":"Feature","properties":{"id":"360012313","name":"Av. José Pinheiro Borges, 2677","lines":["4310-10"]},"geometry":{"type":"Point","coordinates":[-46.4573,-23.53878]}},{"type":"Feature","properties":{"id":"360012314","name":"Av. José Pinheiro Borges","lines":["4310-10"]},"geometry":{"type":"Point","coordinates":[-46.45544,-23.53725]}},{"type":"Feature","properties":{"id":"360012672","name":"Av. Jacu-pêssego/nova Trabalhadores, 2139","lines":["354M-10"]},"geometry":{"type":"Point","coordinates":[-46.44882,-23.54117]}},{"type":"Feature","properties":{"id":"360012674","name":"Av. Jacu-pêssego/nova Trabalhadores, 1200","lines":["354M-10"]},"geometry":{"type":"Point","coordinates":[-46.45686,-23.52901]}},{"type":"Feature","properties":{"id":"360012675","name":"Av. Jacu-pêssego/nova Trabalhadores","lines":["354M-10"]},"geometry":{"type":"Point","coordinates":[-46.4573,-23.52537]}},{"type":"Feature","properties":{"id":"370010176","name":"R. Alba, 1737","lines":["695X-10"]},"geometry":{"type":"Point","coordinates":[-46.66245,-23.65018]}},{"type":"Feature","properties":{"id":"370010182","name":"R. Alba, 1495","lines":["695X-10"]},"geometry":{"type":"Point","coordinates":[-46.6612,-23.64846]}},{"type":"Feature","properties":{"id":"370010183","name":"R. Alba, 1533","lines":["695X-10"]},"geometry":{"type":"Point","coordinates":[-46.66139,-23.64867]}},{"type":"Feature","properties":{"id":"370010184","name":"R. Alba, 1334","lines":["695X-10"]},"geometry":{"type":"Point","coordinates":[-46.66034,-23.6472]}},{"type":"Feature","properties":{"id":"370010185","name":"R. Alba, 1287","lines":["695X-10"]},"geometry":{"type":"Point","coordinates":[-46.65995,-23.64683]}},{"type":"Feature","properties":{"id":"370010186","name":"R. Alba, 1106","lines":["695X-10"]},"geometry":{"type":"Point","coordinates":[-46.6591,-23.64557]}},{"type":"Feature","properties":{"id":"370010187","name":"R. Alba, 1055","lines":["695X-10"]},"geometry":{"type":"Point","coordinates":[-46.65869,-23.64512]}},{"type":"Feature","properties":{"id":"370010188","name":"R. Alba, 899","lines":["695X-10"]},"geometry":{"type":"Point","coordinates":[-46.65808,-23.64434]}},{"type":"Feature","properties":{"id":"370010189","name":"R. Alba, 784","lines":["695X-10"]},"geometry":{"type":"Point","coordinates":[-46.65728,-23.64329]}},{"type":"Feature","properties":{"id":"370010190","name":"R. Alba, 539","lines":["695X-10"]},"geometry":{"type":"Point","coordinates":[-46.65542,-23.6419]}},{"type":"Feature","properties":{"id":"370010191","name":"R. Alba, 468","lines":["695X-10"]},"geometry":{"type":"Point","coordinates":[-46.65491,-23.64142]}},{"type":"Feature","properties":{"id":"370010212","name":"Av. Eng. George Corbisier, 1095","lines":["695X-10"]},"geometry":{"type":"Point","coordinates":[-46.64494,-23.64628]}},{"type":"Feature","properties":{"id":"370010230","name":"R. Jurupari, 765","lines":["695X-10"]},"geometry":{"type":"Point","coordinates":[-46.65324,-23.6418]}},{"type":"Feature","properties":{"id":"370010231","name":"R. José Mariano Filho, 233","lines":["695X-10"]},"geometry":{"type":"Point","coordinates":[-46.65092,-23.64223]}},{"type":"Feature","properties":{"id":"370010232","name":"R. Ajuritiba, 22","lines":["695X-10"]},"geometry":{"type":"Point","coordinates":[-46.65243,-23.64069]}},{"type":"Feature","properties":{"id":"370010233","name":"R. Jurupari, 449","lines":["695X-10"]},"geometry":{"type":"Point","coordinates":[-46.65095,-23.64351]}},{"type":"Feature","properties":{"id":"370010234","name":"R. Jurupari, 350","lines":["695X-10"]},"geometry":{"type":"Point","coordinates":[-46.65002,-23.64414]}},{"type":"Feature","properties":{"id":"370010235","name":"R. Jurupari, 241","lines":["695X-10"]},"geometry":{"type":"Point","coordinates":[-46.64938,-23.64472]}},{"type":"Feature","properties":{"id":"370010236","name":"R. Jurupari, 188","lines":["695X-10"]},"geometry":{"type":"Point","coordinates":[-46.64891,-23.64496]}},{"type":"Feature","properties":{"id":"370010237","name":"R. Jurupari, 45","lines":["695X-10"]},"geometry":{"type":"Point","coordinates":[-46.64769,-23.64559]}},{"type":"Feature","properties":{"id":"370010238","name":"R. Carmine Di Gênio, 187","lines":["695X-10"]},"geometry":{"type":"Point","coordinates":[-46.64676,-23.64617]}},{"type":"Feature","properties":{"id":"370010239","name":"R. Carmine Di Gênio, 155","lines":["695X-10"]},"geometry":{"type":"Point","coordinates":[-46.6464,-23.6464]}},{"type":"Feature","properties":{"id":"370010240","name":"R. Farjalla Koraicho, 360","lines":["695X-10"]},"geometry":{"type":"Point","coordinates":[-46.64386,-23.6437]}},{"type":"Feature","properties":{"id":"370010241","name":"R. Farjalla Koraicho, 632","lines":["695X-10"]},"geometry":{"type":"Point","coordinates":[-46.64166,-23.64464]}},{"type":"Feature","properties":{"id":"370010242","name":"R. Dos Jequitibás, 407","lines":["695X-10"]},"geometry":{"type":"Point","coordinates":[-46.64441,-23.64608]}},{"type":"Feature","properties":{"id":"370010246","name":"Terminal Jabaquara - Plat. F","lines":["695X-10"]},"geometry":{"type":"Point","coordinates":[-46.63933,-23.64707]}},{"type":"Feature","properties":{"id":"370010312","name":"Av. Sta. Catarina, 861","lines":["695X-10"]},"geometry":{"type":"Point","coordinates":[-46.66557,-23.64333]}},{"type":"Feature","properties":{"id":"370010313","name":"Av. Sta. Catarina, 861","lines":["695X-10"]},"geometry":{"type":"Point","coordinates":[-46.66549,-23.64331]}},{"type":"Feature","properties":{"id":"370010314","name":"Av. Sta. Catarina, 1025","lines":["695X-10"]},"geometry":{"type":"Point","coordinates":[-46.66458,-23.64507]}},{"type":"Feature","properties":{"id":"370010315","name":"Av. Sta. Catarina, 1212","lines":["695X-10"]},"geometry":{"type":"Point","coordinates":[-46.66406,-23.64563]}},{"type":"Feature","properties":{"id":"370010511","name":"Av. Pedro Bueno, 204","lines":["175T-10"]},"geometry":{"type":"Point","coordinates":[-46.64733,-23.63324]}},{"type":"Feature","properties":{"id":"370010512","name":"Av. Pedro Bueno, 552","lines":["175T-10"]},"geometry":{"type":"Point","coordinates":[-46.64861,-23.63537]}},{"type":"Feature","properties":{"id":"370010523","name":"Av. Pedro Bueno, 571","lines":["175T-10"]},"geometry":{"type":"Point","coordinates":[-46.6489,-23.63559]}},{"type":"Feature","properties":{"id":"370010524","name":"Av. Pedro Bueno, 167","lines":["175T-10"]},"geometry":{"type":"Point","coordinates":[-46.64718,-23.633]}},{"type":"Feature","properties":{"id":"370013664","name":"Av. Eng. Armando De Arruda Pereira, 2864","lines":["175T-10"]},"geometry":{"type":"Point","coordinates":[-46.63891,-23.65153]}},{"type":"Feature","properties":{"id":"370013737","name":"Av. Eng. Armando De Arruda Pereira, 2731","lines":["175T-10"]},"geometry":{"type":"Point","coordinates":[-46.63891,-23.65127]}},{"type":"Feature","properties":{"id":"370013738","name":"Av. Eng. Armando De Arruda Pereira, 3111","lines":["175T-10"]},"geometry":{"type":"Point","coordinates":[-46.6369,-23.65304]}},{"type":"Feature","properties":{"id":"370015788","name":"Parada Jardim Prudencia","lines":["516N-10","5178-10","607C-10"]},"geometry":{"type":"Point","coordinates":[-46.67022,-23.64873]}},{"type":"Feature","properties":{"id":"370015789","name":"Av. Ver. João De Luca, 277","lines":["5178-10"]},"geometry":{"type":"Point","coordinates":[-46.67128,-23.64592]}},{"type":"Feature","properties":{"id":"390001763","name":"Av. Alexandre Collares","lines":["8050-10","8622-10"]},"geometry":{"type":"Point","coordinates":[-46.73173,-23.50936]}},{"type":"Feature","properties":{"id":"390001764","name":"Av. Alexandre Collares","lines":["8050-10","8622-10"]},"geometry":{"type":"Point","coordinates":[-46.73737,-23.50871]}},{"type":"Feature","properties":{"id":"390001766","name":"Av. Manoel Monteiro De Araújo, 1350","lines":["8050-10","8622-10"]},"geometry":{"type":"Point","coordinates":[-46.74077,-23.50843]}},{"type":"Feature","properties":{"id":"390001836","name":"Rod. Anhanguera, 820","lines":["8050-10","8622-10"]},"geometry":{"type":"Point","coordinates":[-46.75464,-23.50244]}},{"type":"Feature","properties":{"id":"390001837","name":"Rod. Anhanguera","lines":["8050-10","8622-10"]},"geometry":{"type":"Point","coordinates":[-46.74475,-23.50795]}},{"type":"Feature","properties":{"id":"390005097","name":"Rod. Anhanguera, 11072","lines":["8050-10","8622-10"]},"geometry":{"type":"Point","coordinates":[-46.75773,-23.49443]}},{"type":"Feature","properties":{"id":"410003071","name":"Rod. Anhanguera","lines":["8050-10","8622-10"]},"geometry":{"type":"Point","coordinates":[-46.77286,-23.47399]}},{"type":"Feature","properties":{"id":"420011603","name":"Estr. Do M Boi Mirim, 2451","lines":["677A-10"]},"geometry":{"type":"Point","coordinates":[-46.75525,-23.67559]}},{"type":"Feature","properties":{"id":"420011604","name":"Lisandro Torres - C/B","lines":["5391-10","637A-10","675K-10","677A-10","737A-10"]},"geometry":{"type":"Point","coordinates":[-46.75546,-23.67545]}},{"type":"Feature","properties":{"id":"420011609","name":"Roberto Selmi Dei B/C","lines":["5391-10","637A-10","675K-10","677A-10","737A-10"]},"geometry":{"type":"Point","coordinates":[-46.7524,-23.67587]}},{"type":"Feature","properties":{"id":"420013191","name":"Av. Com. Sant'anna, 1288","lines":["6048-10"]},"geometry":{"type":"Point","coordinates":[-46.77301,-23.67795]}},{"type":"Feature","properties":{"id":"420013196","name":"Manoel Lopes C/B","lines":["5391-10","637A-10","675K-10","677A-10","737A-10"]},"geometry":{"type":"Point","coordinates":[-46.76989,-23.68407]}},{"type":"Feature","properties":{"id":"420013197","name":"Manoel Lopes B/C","lines":["5391-10","637A-10","675K-10","677A-10","737A-10"]},"geometry":{"type":"Point","coordinates":[-46.77007,-23.68465]}},{"type":"Feature","properties":{"id":"420013201","name":"Estr. Do M Boi Mirim, 4575","lines":["5391-10","677A-10"]},"geometry":{"type":"Point","coordinates":[-46.7708,-23.68662]}},{"type":"Feature","properties":{"id":"420013203","name":"Joao De Lima B/C","lines":["5391-10","637A-10","675K-10","677A-10","737A-10"]},"geometry":{"type":"Point","coordinates":[-46.77178,-23.6876]}},{"type":"Feature","properties":{"id":"420013204","name":"Joao De Lima C/B","lines":["5391-10","637A-10","675K-10","677A-10","737A-10"]},"geometry":{"type":"Point","coordinates":[-46.77208,-23.6879]}},{"type":"Feature","properties":{"id":"420013265","name":"Moreira Da Silva B/C","lines":["5391-10","637A-10","675K-10","677A-10","737A-10"]},"geometry":{"type":"Point","coordinates":[-46.75977,-23.67728]}},{"type":"Feature","properties":{"id":"420013267","name":"Moreira Da Silva C/B","lines":["5391-10","637A-10","675K-10","677A-10","737A-10"]},"geometry":{"type":"Point","coordinates":[-46.76029,-23.67726]}},{"type":"Feature","properties":{"id":"420013283","name":"Mathias De Araujo C/B","lines":["5391-10","637A-10","675K-10","677A-10","737A-10"]},"geometry":{"type":"Point","coordinates":[-46.76388,-23.67925]}},{"type":"Feature","properties":{"id":"420013359","name":"Ernesto Pasqualucci C/B","lines":["5391-10","637A-10","675K-10","677A-10","737A-10"]},"geometry":{"type":"Point","coordinates":[-46.76748,-23.68233]}},{"type":"Feature","properties":{"id":"420013383","name":"Ernesto Pasqualucci B/C","lines":["5391-10","637A-10","675K-10","677A-10","737A-10"]},"geometry":{"type":"Point","coordinates":[-46.767,-23.68197]}},{"type":"Feature","properties":{"id":"420013595","name":"Terminal Jardim Ângela","lines":["637A-10"]},"geometry":{"type":"Point","coordinates":[-46.77413,-23.69087]}},{"type":"Feature","properties":{"id":"420013596","name":"Terminal Jardim Ângela","lines":["737A-10"]},"geometry":{"type":"Point","coordinates":[-46.77427,-23.69064]}},{"type":"Feature","properties":{"id":"420013597","name":"Terminal Jardim Ângela","lines":["675K-10"]},"geometry":{"type":"Point","coordinates":[-46.77383,-23.69019]}},{"type":"Feature","properties":{"id":"420013603","name":"Terminal Jardim Ângela","lines":["637A-10","677A-10"]},"geometry":{"type":"Point","coordinates":[-46.77359,-23.69033]}},{"type":"Feature","properties":{"id":"420013604","name":"Terminal Jardim Ângela","lines":["677A-10"]},"geometry":{"type":"Point","coordinates":[-46.77376,-23.69049]}},{"type":"Feature","properties":{"id":"430002933","name":"Av. Oliveira Freire, 145","lines":["2552-10"]},"geometry":{"type":"Point","coordinates":[-46.43463,-23.48505]}},{"type":"Feature","properties":{"id":"430002934","name":"Av. Oliveira Freire, 268","lines":["2552-10"]},"geometry":{"type":"Point","coordinates":[-46.43302,-23.48505]}},{"type":"Feature","properties":{"id":"430002935","name":"Av. Oliveira Freire, 351","lines":["2552-10"]},"geometry":{"type":"Point","coordinates":[-46.43207,-23.48489]}},{"type":"Feature","properties":{"id":"430002936","name":"Av. Oliveira Freire, 588","lines":["2552-10"]},"geometry":{"type":"Point","coordinates":[-46.42997,-23.48484]}},{"type":"Feature","properties":{"id":"430002937","name":"Av. Oliveira Freire, 665","lines":["2552-10"]},"geometry":{"type":"Point","coordinates":[-46.42923,-23.48469]}},{"type":"Feature","properties":{"id":"430002938","name":"Av. Oliveira Freire, 1000","lines":["2552-10"]},"geometry":{"type":"Point","coordinates":[-46.42574,-23.48458]}},{"type":"Feature","properties":{"id":"430002939","name":"Av. Oliveira Freire, 1081","lines":["2552-10"]},"geometry":{"type":"Point","coordinates":[-46.4251,-23.48441]}},{"type":"Feature","properties":{"id":"430002941","name":"Av. Oliveira Freire, 1651","lines":["2552-10"]},"geometry":{"type":"Point","coordinates":[-46.41932,-23.48404]}},{"type":"Feature","properties":{"id":"430002942","name":"Av. Oliveira Freire, 1902","lines":["2552-10"]},"geometry":{"type":"Point","coordinates":[-46.41774,-23.48402]}},{"type":"Feature","properties":{"id":"430002952","name":"R. S. Gonçalo Do Rio Das Pedras, 960","lines":["2552-10"]},"geometry":{"type":"Point","coordinates":[-46.42096,-23.4894]}},{"type":"Feature","properties":{"id":"430006024","name":"R. Erva De Santa Luzia, 902","lines":["2552-10"]},"geometry":{"type":"Point","coordinates":[-46.41735,-23.48453]}},{"type":"Feature","properties":{"id":"430006025","name":"R. Erva De Santa Luzia, 621","lines":["2552-10"]},"geometry":{"type":"Point","coordinates":[-46.41726,-23.48706]}},{"type":"Feature","properties":{"id":"430006026","name":"R. Erva De Santa Luzia, 600","lines":["2552-10"]},"geometry":{"type":"Point","coordinates":[-46.41717,-23.48734]}},{"type":"Feature","properties":{"id":"430006027","name":"R. Erva De Santa Luzia, 305","lines":["2552-10"]},"geometry":{"type":"Point","coordinates":[-46.41701,-23.49014]}},{"type":"Feature","properties":{"id":"440012851","name":"Av. Paulo Vi","lines":["209P-1","209P-10"]},"geometry":{"type":"Point","coordinates":[-46.67871,-23.55294]}},{"type":"Feature","properties":{"id":"440015003","name":"Brasil C/B","lines":["715M-10","857P-10","857R-10","8700-1","8700-10"]},"geometry":{"type":"Point","coordinates":[-46.67767,-23.5641]}},{"type":"Feature","properties":{"id":"440015004","name":"Oscar Freire B/C","lines":["715M-10","857P-10","857R-10","8700-1","8700-10"]},"geometry":{"type":"Point","coordinates":[-46.67209,-23.56064]}},{"type":"Feature","properties":{"id":"440015006","name":"Clinicas B/C","lines":["715M-10","857P-10","857R-10","8700-1","8700-10"]},"geometry":{"type":"Point","coordinates":[-46.66758,-23.55809]}},{"type":"Feature","properties":{"id":"440015007","name":"Clínicas C/B","lines":["715M-10","857P-10","857R-10","8700-1","8700-10"]},"geometry":{"type":"Point","coordinates":[-46.66787,-23.55808]}},{"type":"Feature","properties":{"id":"440015046","name":"Al. Santos, 815","lines":["715M-10"]},"geometry":{"type":"Point","coordinates":[-46.65145,-23.56736]}},{"type":"Feature","properties":{"id":"440015156","name":"Parada 1 - Guianas - C/B","lines":["609F-10","6200-10","6403-10","6451-10","6505-10","6913-10"]},"geometry":{"type":"Point","coordinates":[-46.66652,-23.57353]}},{"type":"Feature","properties":{"id":"440015158","name":"Estados Unidos B/C","lines":["609F-10","6200-10","6403-10","6451-10","6505-10","6913-10"]},"geometry":{"type":"Point","coordinates":[-46.6618,-23.57001]}},{"type":"Feature","properties":{"id":"440015160","name":"Parada 1 - Estados Unidos - C/B","lines":["609F-10","6200-10","6403-10","6451-10","6505-10","6913-10"]},"geometry":{"type":"Point","coordinates":[-46.663,-23.57095]}},{"type":"Feature","properties":{"id":"440015161","name":"Jose Maria Lisboa B/C","lines":["609F-10","6200-10","6403-10","6451-10","6505-10","6913-10"]},"geometry":{"type":"Point","coordinates":[-46.65874,-23.56683]}},{"type":"Feature","properties":{"id":"440015163","name":"Parada 1 - José Maria Lisboa - C/B","lines":["609F-10","6200-10","6403-10","6451-10","6505-10","6913-10"]},"geometry":{"type":"Point","coordinates":[-46.65984,-23.56789]}},{"type":"Feature","properties":{"id":"440015164","name":"Guianas B/C","lines":["609F-10","6200-10","6403-10","6451-10","6505-10","6913-10"]},"geometry":{"type":"Point","coordinates":[-46.66759,-23.57439]}},{"type":"Feature","properties":{"id":"440015286","name":"Avenida Brasil","lines":["477A-10","5111-10","5119-10","7550-10"]},"geometry":{"type":"Point","coordinates":[-46.65993,-23.57778]}},{"type":"Feature","properties":{"id":"440015288","name":"Guarara","lines":["475R-10","477A-10","5111-10","5119-10","5178-10","7550-10"]},"geometry":{"type":"Point","coordinates":[-46.6563,-23.57449]}},{"type":"Feature","properties":{"id":"440015290","name":"Alameda Lorena","lines":["475R-10","477A-10","5111-10","5119-10","5178-10","7550-10"]},"geometry":{"type":"Point","coordinates":[-46.65506,-23.57336]}},{"type":"Feature","properties":{"id":"440015295","name":"Av. Brig. Luís Antônio, 2748","lines":["475R-10","477A-10","5111-10","5119-10","5178-10","7550-10"]},"geometry":{"type":"Point","coordinates":[-46.65185,-23.57044]}},{"type":"Feature","properties":{"id":"440016921","name":"Av. Paulista, 2027","lines":["715M-10","857P-10","857R-10"]},"geometry":{"type":"Point","coordinates":[-46.65958,-23.55895]}},{"type":"Feature","properties":{"id":"440016922","name":"Av. Paulista, 1578","lines":["715M-10","857P-10","857R-10"]},"geometry":{"type":"Point","coordinates":[-46.65655,-23.56146]}},{"type":"Feature","properties":{"id":"440016923","name":"Av. Paulista, 901","lines":["715M-10","857P-10","857R-10"]},"geometry":{"type":"Point","coordinates":[-46.65145,-23.56579]}},{"type":"Feature","properties":{"id":"450011164","name":"Parada Itapaiúna 1 - C/B","lines":["807A-10"]},"geometry":{"type":"Point","coordinates":[-46.73235,-23.64371]}},{"type":"Feature","properties":{"id":"450011547","name":"Terminal João Dias","lines":["675I-10"]},"geometry":{"type":"Point","coordinates":[-46.73328,-23.64374]}},{"type":"Feature","properties":{"id":"450011548","name":"Terminal João Dias","lines":["6403-10"]},"geometry":{"type":"Point","coordinates":[-46.73279,-23.64378]}},{"type":"Feature","properties":{"id":"450011550","name":"Tjd - Desembarque","lines":["5119-10"]},"geometry":{"type":"Point","coordinates":[-46.73334,-23.64388]}},{"type":"Feature","properties":{"id":"450011567","name":"Francisco Xavier","lines":["5391-10","637A-10","6505-10","675K-10","737A-10"]},"geometry":{"type":"Point","coordinates":[-46.73059,-23.66759]}},{"type":"Feature","properties":{"id":"450011607","name":"Estr. Do M Boi Mirim, 2178","lines":["5391-10"]},"geometry":{"type":"Point","coordinates":[-46.75253,-23.67576]}},{"type":"Feature","properties":{"id":"450011612","name":"Daniel Klein C/B","lines":["5391-10","637A-10","675K-10","737A-10"]},"geometry":{"type":"Point","coordinates":[-46.74813,-23.67484]}},{"type":"Feature","properties":{"id":"450011613","name":"Daniel Klein B/C","lines":["5391-10","637A-10","675K-10","737A-10"]},"geometry":{"type":"Point","coordinates":[-46.74765,-23.67462]}},{"type":"Feature","properties":{"id":"450011746","name":"Av. Maria Coelho Aguiar, 85","lines":["5318-10","609F-10","6805-10"]},"geometry":{"type":"Point","coordinates":[-46.73001,-23.64596]}},{"type":"Feature","properties":{"id":"450011747","name":"Av. Maria Coelho Aguiar, 92","lines":["5318-10","609F-10","6805-10"]},"geometry":{"type":"Point","coordinates":[-46.73044,-23.6464]}},{"type":"Feature","properties":{"id":"450011748","name":"Av. Maria Coelho Aguiar, 573","lines":["5318-10","609F-10","6805-10"]},"geometry":{"type":"Point","coordinates":[-46.73276,-23.64966]}},{"type":"Feature","properties":{"id":"450011750","name":"Av. Maria Coelho Aguiar, 854","lines":["5318-10","609F-10","6805-10"]},"geometry":{"type":"Point","coordinates":[-46.73395,-23.65211]}},{"type":"Feature","properties":{"id":"450011751","name":"R. Geraldo Fraga De Oliveira, 98","lines":["609F-10","6805-10"]},"geometry":{"type":"Point","coordinates":[-46.73579,-23.6533]}},{"type":"Feature","properties":{"id":"450011752","name":"R. Geraldo Fraga De Oliveira, 224","lines":["609F-10","6805-10"]},"geometry":{"type":"Point","coordinates":[-46.73634,-23.65336]}},{"type":"Feature","properties":{"id":"450011753","name":"R. Geraldo Fraga De Oliveira, 367","lines":["609F-10","6805-10"]},"geometry":{"type":"Point","coordinates":[-46.7382,-23.65317]}},{"type":"Feature","properties":{"id":"450011754","name":"R. Geraldo Fraga De Oliveira, 426","lines":["609F-10","6805-10"]},"geometry":{"type":"Point","coordinates":[-46.73852,-23.6532]}},{"type":"Feature","properties":{"id":"450011760","name":"R. Antônio Ramos Rosa, 74","lines":["609F-10","6805-10"]},"geometry":{"type":"Point","coordinates":[-46.74903,-23.66126]}},{"type":"Feature","properties":{"id":"450011761","name":"R. Antônio Ramos Rosa, 26","lines":["609F-10","6805-10"]},"geometry":{"type":"Point","coordinates":[-46.74789,-23.66111]}},{"type":"Feature","properties":{"id":"450011762","name":"R. Antônio Ramos Rosa, 1062","lines":["609F-10","6805-10"]},"geometry":{"type":"Point","coordinates":[-46.74972,-23.66165]}},{"type":"Feature","properties":{"id":"450011775","name":"Av. Raquel Alves Moreira, 354","lines":["5318-10","609F-10"]},"geometry":{"type":"Point","coordinates":[-46.75262,-23.66748]}},{"type":"Feature","properties":{"id":"450011777","name":"Av. Raquel Alves Moreira, 1099","lines":["5318-10","609F-10"]},"geometry":{"type":"Point","coordinates":[-46.75321,-23.66633]}},{"type":"Feature","properties":{"id":"450011778","name":"Pça. Manoel Maiotti","lines":["5318-10"]},"geometry":{"type":"Point","coordinates":[-46.75314,-23.66485]}},{"type":"Feature","properties":{"id":"450011779","name":"R. José Joaquim Gonçalves, 299","lines":["609F-10"]},"geometry":{"type":"Point","coordinates":[-46.75367,-23.66186]}},{"type":"Feature","properties":{"id":"450011780","name":"R. José Joaquim Gonçalves, 730","lines":["609F-10"]},"geometry":{"type":"Point","coordinates":[-46.75358,-23.66221]}},{"type":"Feature","properties":{"id":"450011781","name":"R. José Joaquim Gonçalves, 138","lines":["609F-10"]},"geometry":{"type":"Point","coordinates":[-46.75319,-23.66332]}},{"type":"Feature","properties":{"id":"450011782","name":"R. José Joaquim Gonçalves, 105","lines":["609F-10"]},"geometry":{"type":"Point","coordinates":[-46.7532,-23.66352]}},{"type":"Feature","properties":{"id":"450011801","name":"Parada Das Belezas B/C","lines":["5119-10","6001-10","6048-10","6451-10","6455-10","648P-10","807A-10"]},"geometry":{"type":"Point","coordinates":[-46.73874,-23.64259]}},{"type":"Feature","properties":{"id":"450011809","name":"R. João Fernandes Camisa Nova Júnior, 580","lines":["609F-10","6805-10"]},"geometry":{"type":"Point","coordinates":[-46.74101,-23.65426]}},{"type":"Feature","properties":{"id":"450011810","name":"R. João Fernandes Camisa Nova Júnior, 595","lines":["609F-10","6805-10"]},"geometry":{"type":"Point","coordinates":[-46.74092,-23.65441]}},{"type":"Feature","properties":{"id":"450011811","name":"R. João Fernandes Camisa Nova Júnior, 822","lines":["609F-10","6805-10"]},"geometry":{"type":"Point","coordinates":[-46.74142,-23.65633]}},{"type":"Feature","properties":{"id":"450011812","name":"R. João Fernandes Camisa Nova Júnior, 849","lines":["609F-10","6805-10"]},"geometry":{"type":"Point","coordinates":[-46.74141,-23.65658]}},{"type":"Feature","properties":{"id":"450011813","name":"R. Antônio Ramos Rosa","lines":["609F-10","6805-10"]},"geometry":{"type":"Point","coordinates":[-46.74253,-23.65821]}},{"type":"Feature","properties":{"id":"450011814","name":"R. Antônio Ramos Rosa","lines":["609F-10","6805-10"]},"geometry":{"type":"Point","coordinates":[-46.7429,-23.65867]}},{"type":"Feature","properties":{"id":"450011815","name":"R. Antônio Ramos Rosa, 972","lines":["609F-10","6805-10"]},"geometry":{"type":"Point","coordinates":[-46.74596,-23.66016]}},{"type":"Feature","properties":{"id":"450011816","name":"R. Antônio Ramos Rosa, 972","lines":["609F-10","6805-10"]},"geometry":{"type":"Point","coordinates":[-46.74667,-23.66029]}},{"type":"Feature","properties":{"id":"450011817","name":"R. Antônio Ramos Rosa, 147","lines":["609F-10","6805-10"]},"geometry":{"type":"Point","coordinates":[-46.75168,-23.66193]}},{"type":"Feature","properties":{"id":"450011818","name":"R. Antônio Ramos Rosa, 52","lines":["609F-10","6805-10"]},"geometry":{"type":"Point","coordinates":[-46.75196,-23.6619]}},{"type":"Feature","properties":{"id":"450011819","name":"Av. Candido José Xavier, 156","lines":["609F-10","6805-10"]},"geometry":{"type":"Point","coordinates":[-46.75346,-23.66139]}},{"type":"Feature","properties":{"id":"450011820","name":"Av. Candido José Xavier, 346","lines":["6805-10"]},"geometry":{"type":"Point","coordinates":[-46.75509,-23.6617]}},{"type":"Feature","properties":{"id":"450011821","name":"Av. Candido José Xavier, 363","lines":["6805-10"]},"geometry":{"type":"Point","coordinates":[-46.75522,-23.66191]}},{"type":"Feature","properties":{"id":"450011822","name":"Av. Candido José Xavier, 658","lines":["6805-10"]},"geometry":{"type":"Point","coordinates":[-46.75708,-23.66142]}},{"type":"Feature","properties":{"id":"450011823","name":"Av. Candido José Xavier, 547","lines":["6805-10"]},"geometry":{"type":"Point","coordinates":[-46.75728,-23.66138]}},{"type":"Feature","properties":{"id":"450011838","name":"Estr. Do Campo Limpo, 381","lines":["807A-10"]},"geometry":{"type":"Point","coordinates":[-46.75727,-23.64862]}},{"type":"Feature","properties":{"id":"450011839","name":"Estr. Do Campo Limpo, 362","lines":["807A-10"]},"geometry":{"type":"Point","coordinates":[-46.75684,-23.64853]}},{"type":"Feature","properties":{"id":"450011842","name":"Estr. Do Campo Limpo","lines":["807A-10"]},"geometry":{"type":"Point","coordinates":[-46.75428,-23.64857]}},{"type":"Feature","properties":{"id":"450011845","name":"Parada Aabb C/B","lines":["5119-10","6001-10","6048-10","6451-10","6455-10","648P-10","807A-10"]},"geometry":{"type":"Point","coordinates":[-46.75233,-23.64914]}},{"type":"Feature","properties":{"id":"450011846","name":"Parada Aabb B/C","lines":["5119-10","6001-10","6048-10","6451-10","6455-10","648P-10","807A-10"]},"geometry":{"type":"Point","coordinates":[-46.75221,-23.64932]}},{"type":"Feature","properties":{"id":"450011848","name":"Parada Hospital Campo Limpo C/B","lines":["5119-10","6001-10","6048-10","6451-10","6455-10","648P-10","807A-10"]},"geometry":{"type":"Point","coordinates":[-46.74881,-23.64821]}},{"type":"Feature","properties":{"id":"450011849","name":"Parada Hospital Campo Limpo B/C","lines":["5119-10","6001-10","6048-10","6451-10","6455-10","648P-10","807A-10"]},"geometry":{"type":"Point","coordinates":[-46.74866,-23.64824]}},{"type":"Feature","properties":{"id":"450011863","name":"Av. Maria Coelho Aguiar, 1087","lines":["5318-10"]},"geometry":{"type":"Point","coordinates":[-46.73501,-23.65378]}},{"type":"Feature","properties":{"id":"450011864","name":"Av. Maria Coelho Aguiar, 1140","lines":["5318-10"]},"geometry":{"type":"Point","coordinates":[-46.73537,-23.65405]}},{"type":"Feature","properties":{"id":"450011865","name":"Av. Maria Coelho Aguiar, 1298","lines":["5318-10"]},"geometry":{"type":"Point","coordinates":[-46.73584,-23.65554]}},{"type":"Feature","properties":{"id":"450011866","name":"Av. Maria Coelho Aguiar, 1297","lines":["5318-10"]},"geometry":{"type":"Point","coordinates":[-46.73566,-23.65496]}},{"type":"Feature","properties":{"id":"450011867","name":"R. Nova Do Tuparoquera, 1478","lines":["5318-10"]},"geometry":{"type":"Point","coordinates":[-46.73617,-23.6577]}},{"type":"Feature","properties":{"id":"450011889","name":"R. José Barros Magaldi, 341","lines":["5318-10"]},"geometry":{"type":"Point","coordinates":[-46.73686,-23.66224]}},{"type":"Feature","properties":{"id":"450011890","name":"R. José Barros Magaldi, 491","lines":["5318-10"]},"geometry":{"type":"Point","coordinates":[-46.73644,-23.66191]}},{"type":"Feature","properties":{"id":"450011892","name":"R. José Barros Magaldi, 253","lines":["5318-10"]},"geometry":{"type":"Point","coordinates":[-46.73614,-23.6599]}},{"type":"Feature","properties":{"id":"450011893","name":"R. José Barros Magaldi, 15","lines":["5318-10"]},"geometry":{"type":"Point","coordinates":[-46.73574,-23.65773]}},{"type":"Feature","properties":{"id":"450011894","name":"R. Gabriel Fauré, 164","lines":["5318-10"]},"geometry":{"type":"Point","coordinates":[-46.7366,-23.65988]}},{"type":"Feature","properties":{"id":"450011981","name":"Parada 2 - João De Abreu - B/C","lines":["5391-10","637A-10","675K-10","737A-10"]},"geometry":{"type":"Point","coordinates":[-46.73609,-23.66959]}},{"type":"Feature","properties":{"id":"450011983","name":"Parada 2 - João De Abreu - C/B","lines":["5391-10","637A-10","675K-10","737A-10"]},"geometry":{"type":"Point","coordinates":[-46.7367,-23.6697]}},{"type":"Feature","properties":{"id":"450011988","name":"Estr. Do M Boi Mirim, 1229","lines":["5391-10"]},"geometry":{"type":"Point","coordinates":[-46.74444,-23.67313]}},{"type":"Feature","properties":{"id":"450011991","name":"Francisco Xavier","lines":["5391-10","637A-10","6505-10","675K-10","737A-10"]},"geometry":{"type":"Point","coordinates":[-46.73033,-23.66768]}},{"type":"Feature","properties":{"id":"450011995","name":"Av. Guido Caloi, 1935","lines":["637A-10","677A-10"]},"geometry":{"type":"Point","coordinates":[-46.7255,-23.66081]}},{"type":"Feature","properties":{"id":"450014003","name":"R. Humberto De Almeida, 180","lines":["5318-10"]},"geometry":{"type":"Point","coordinates":[-46.74468,-23.67228]}},{"type":"Feature","properties":{"id":"450014006","name":"R. Humberto De Almeida, 447","lines":["5318-10"]},"geometry":{"type":"Point","coordinates":[-46.74707,-23.67118]}},{"type":"Feature","properties":{"id":"450014008","name":"R. Humberto De Almeida, 601","lines":["5318-10"]},"geometry":{"type":"Point","coordinates":[-46.74849,-23.6708]}},{"type":"Feature","properties":{"id":"450014009","name":"R. Humberto De Almeida, 652","lines":["5318-10"]},"geometry":{"type":"Point","coordinates":[-46.74912,-23.67066]}},{"type":"Feature","properties":{"id":"450014015","name":"R. Francisco Xavier De Sales, 800","lines":["5318-10"]},"geometry":{"type":"Point","coordinates":[-46.74885,-23.67003]}},{"type":"Feature","properties":{"id":"450014016","name":"R. Felipe De Santiago, 46","lines":["5318-10"]},"geometry":{"type":"Point","coordinates":[-46.74785,-23.66899]}},{"type":"Feature","properties":{"id":"450014018","name":"Av. Raquel Alves Moreira, 631","lines":["5318-10","609F-10"]},"geometry":{"type":"Point","coordinates":[-46.75002,-23.66667]}},{"type":"Feature","properties":{"id":"450014019","name":"Av. Raquel Alves Moreira","lines":["609F-10"]},"geometry":{"type":"Point","coordinates":[-46.74879,-23.66803]}},{"type":"Feature","properties":{"id":"450014020","name":"R. Artur José Inácio, 1","lines":["5318-10"]},"geometry":{"type":"Point","coordinates":[-46.74818,-23.66833]}},{"type":"Feature","properties":{"id":"450014021","name":"R. Bartolomeu Dos Santos, 605","lines":["5318-10"]},"geometry":{"type":"Point","coordinates":[-46.7462,-23.66908]}},{"type":"Feature","properties":{"id":"450014022","name":"R. Francisco Xavier De Sales, 441","lines":["5318-10"]},"geometry":{"type":"Point","coordinates":[-46.7454,-23.67064]}},{"type":"Feature","properties":{"id":"450014028","name":"Terminal Guarapiranga","lines":["6505-10"]},"geometry":{"type":"Point","coordinates":[-46.73526,-23.66872]}},{"type":"Feature","properties":{"id":"450014035","name":"Terminal Guarapiranga","lines":["6505-10"]},"geometry":{"type":"Point","coordinates":[-46.73523,-23.66749]}},{"type":"Feature","properties":{"id":"450014042","name":"Terminal Guarapiranga","lines":["6505-10"]},"geometry":{"type":"Point","coordinates":[-46.73525,-23.66856]}},{"type":"Feature","properties":{"id":"460004916","name":"Av. Jacu-pêssego/nova Trabalhadores, 2767","lines":["354M-10"]},"geometry":{"type":"Point","coordinates":[-46.44237,-23.58068]}},{"type":"Feature","properties":{"id":"460004917","name":"Av. Jacu-pêssego/nova Trabalhadores, 2707","lines":["354M-10"]},"geometry":{"type":"Point","coordinates":[-46.44297,-23.57844]}},{"type":"Feature","properties":{"id":"460004918","name":"Av. Jacu-pêssego/nova Trabalhadores","lines":["354M-10"]},"geometry":{"type":"Point","coordinates":[-46.445,-23.57462]}},{"type":"Feature","properties":{"id":"460004923","name":"Av. Jacu-pêssego/nova Trabalhadores, 701","lines":["354M-10"]},"geometry":{"type":"Point","coordinates":[-46.44617,-23.56476]}},{"type":"Feature","properties":{"id":"460004924","name":"Av. Jacu-pêssego/nova Trabalhadores, 165","lines":["354M-10"]},"geometry":{"type":"Point","coordinates":[-46.44563,-23.56079]}},{"type":"Feature","properties":{"id":"460004925","name":"Av. Jacu-pêssego/nova Trabalhadores, 35","lines":["354M-10"]},"geometry":{"type":"Point","coordinates":[-46.44536,-23.55772]}},{"type":"Feature","properties":{"id":"460007071","name":"Av. Jacu-pêssego/nova Trabalhadores, 1800","lines":["354M-10"]},"geometry":{"type":"Point","coordinates":[-46.44511,-23.5751]}},{"type":"Feature","properties":{"id":"460007072","name":"Av. Jacu-pêssego/nova Trabalhadores, 2524","lines":["354M-10"]},"geometry":{"type":"Point","coordinates":[-46.4432,-23.57876]}},{"type":"Feature","properties":{"id":"480012830","name":"R. Doze De Outubro, 669","lines":["8050-10"]},"geometry":{"type":"Point","coordinates":[-46.70584,-23.52371]}},{"type":"Feature","properties":{"id":"480012831","name":"R. Doze De Outubro, 529","lines":["8050-10"]},"geometry":{"type":"Point","coordinates":[-46.70516,-23.52262]}},{"type":"Feature","properties":{"id":"480012832","name":"R. Doze De Outubro, 347","lines":["8050-10"]},"geometry":{"type":"Point","coordinates":[-46.70451,-23.52093]}},{"type":"Feature","properties":{"id":"480012837","name":"R. John Harrison, 600","lines":["8050-10","8622-10"]},"geometry":{"type":"Point","coordinates":[-46.70855,-23.51851]}},{"type":"Feature","properties":{"id":"480012863","name":"R. Conrado Moreschi, 105","lines":["8050-10"]},"geometry":{"type":"Point","coordinates":[-46.70215,-23.51935]}},{"type":"Feature","properties":{"id":"480012873","name":"R. Brig. Gavião Peixoto, 651","lines":["8050-10","8622-10"]},"geometry":{"type":"Point","coordinates":[-46.71637,-23.52495]}},{"type":"Feature","properties":{"id":"480012874","name":"R. Brig. Gavião Peixoto, 213","lines":["8050-10","8622-10"]},"geometry":{"type":"Point","coordinates":[-46.71234,-23.52565]}},{"type":"Feature","properties":{"id":"480012875","name":"R. Br. De Jundiaí, 545","lines":["8050-10","8622-10"]},"geometry":{"type":"Point","coordinates":[-46.71004,-23.52518]}},{"type":"Feature","properties":{"id":"480012877","name":"Marginal B/C","lines":["129F-10","189L-10","8600-10"]},"geometry":{"type":"Point","coordinates":[-46.70549,-23.51105]}},{"type":"Feature","properties":{"id":"480012878","name":"Marginal C/B","lines":["129F-10","189L-10","8600-10"]},"geometry":{"type":"Point","coordinates":[-46.7054,-23.51089]}},{"type":"Feature","properties":{"id":"480012881","name":"Jose Maria B/C","lines":["129F-10","8600-10"]},"geometry":{"type":"Point","coordinates":[-46.70226,-23.51404]}},{"type":"Feature","properties":{"id":"480012882","name":"Jose Maria C/B","lines":["129F-10","8600-10"]},"geometry":{"type":"Point","coordinates":[-46.70288,-23.51367]}},{"type":"Feature","properties":{"id":"480012883","name":"Ricardo Cavatton","lines":["189L-10"]},"geometry":{"type":"Point","coordinates":[-46.70274,-23.5136]}},{"type":"Feature","properties":{"id":"480012884","name":"Jose Maria De Faria","lines":["189L-10"]},"geometry":{"type":"Point","coordinates":[-46.70097,-23.51426]}},{"type":"Feature","properties":{"id":"480012889","name":"Curtume C/B","lines":["8600-10"]},"geometry":{"type":"Point","coordinates":[-46.69515,-23.51525]}},{"type":"Feature","properties":{"id":"480012890","name":"Curtume B/C","lines":["8600-10"]},"geometry":{"type":"Point","coordinates":[-46.69448,-23.51533]}},{"type":"Feature","properties":{"id":"480012927","name":"R. Eng. Aubertin, 307","lines":["189L-10"]},"geometry":{"type":"Point","coordinates":[-46.70392,-23.51445]}},{"type":"Feature","properties":{"id":"480012928","name":"R. Eng. Aubertin, 133","lines":["189L-10"]},"geometry":{"type":"Point","coordinates":[-46.70464,-23.5159]}},{"type":"Feature","properties":{"id":"480012930","name":"R. William Speers, 1000","lines":["189L-10"]},"geometry":{"type":"Point","coordinates":[-46.70369,-23.51754]}},{"type":"Feature","properties":{"id":"480012933","name":"R. William Speers, 802","lines":["189L-10"]},"geometry":{"type":"Point","coordinates":[-46.70268,-23.51796]}},{"type":"Feature","properties":{"id":"480012942","name":"Zanella C/B","lines":["129F-10"]},"geometry":{"type":"Point","coordinates":[-46.69851,-23.51644]}},{"type":"Feature","properties":{"id":"480012943","name":"Zanella B/C","lines":["129F-10"]},"geometry":{"type":"Point","coordinates":[-46.69857,-23.51659]}},{"type":"Feature","properties":{"id":"480012944","name":"R. Aristides Viadana, 873","lines":["189L-10"]},"geometry":{"type":"Point","coordinates":[-46.69802,-23.5161]}},{"type":"Feature","properties":{"id":"480014608","name":"Tiberio C/B","lines":["129F-10","8622-10"]},"geometry":{"type":"Point","coordinates":[-46.68822,-23.52287]}},{"type":"Feature","properties":{"id":"480014609","name":"Duilio C/B","lines":["129F-10","8622-10"]},"geometry":{"type":"Point","coordinates":[-46.69212,-23.52263]}},{"type":"Feature","properties":{"id":"480014610","name":"Tendal Da Lapa C/B","lines":["8622-10"]},"geometry":{"type":"Point","coordinates":[-46.69625,-23.52234]}},{"type":"Feature","properties":{"id":"480014611","name":"Ciencia C/B","lines":["129F-10"]},"geometry":{"type":"Point","coordinates":[-46.69876,-23.52128]}},{"type":"Feature","properties":{"id":"480014612","name":"Scipiao B/C","lines":["129F-10","8622-10"]},"geometry":{"type":"Point","coordinates":[-46.69899,-23.52494]}},{"type":"Feature","properties":{"id":"480014613","name":"Vespasiano B/C","lines":["129F-10","8622-10"]},"geometry":{"type":"Point","coordinates":[-46.6953,-23.52499]}},{"type":"Feature","properties":{"id":"480014614","name":"Cornelia","lines":["129F-10","8622-10"]},"geometry":{"type":"Point","coordinates":[-46.69007,-23.52503]}},{"type":"Feature","properties":{"id":"480014863","name":"R. Monte Pascal","lines":["8050-10","8622-10"]},"geometry":{"type":"Point","coordinates":[-46.7229,-23.51979]}},{"type":"Feature","properties":{"id":"480014864","name":"Parada 1 - Praça Do Acemista","lines":["8050-10","8622-10"]},"geometry":{"type":"Point","coordinates":[-46.72127,-23.5203]}},{"type":"Feature","properties":{"id":"480014865","name":"R. Brig. Gavião Peixoto, 904","lines":["8050-10","8622-10"]},"geometry":{"type":"Point","coordinates":[-46.71804,-23.52297]}},{"type":"Feature","properties":{"id":"480014867","name":"R. Laurindo De Brito","lines":["8050-10","8622-10"]},"geometry":{"type":"Point","coordinates":[-46.71708,-23.52194]}},{"type":"Feature","properties":{"id":"480014868","name":"R. Laurindo De Brito","lines":["8050-10","8622-10"]},"geometry":{"type":"Point","coordinates":[-46.71459,-23.52125]}},{"type":"Feature","properties":{"id":"480014872","name":"R. Gago Coutinho, 360","lines":["8050-10"]},"geometry":{"type":"Point","coordinates":[-46.71114,-23.52028]}},{"type":"Feature","properties":{"id":"480014885","name":"R. Gago Coutinho, 446","lines":["8050-10","8622-10"]},"geometry":{"type":"Point","coordinates":[-46.71189,-23.52044]}},{"type":"Feature","properties":{"id":"480014896","name":"Parada Fau I","lines":["129F-10"]},"geometry":{"type":"Point","coordinates":[-46.70302,-23.52355]}},{"type":"Feature","properties":{"id":"490001623","name":"Av. Da Aclimação, 63","lines":["857R-10"]},"geometry":{"type":"Point","coordinates":[-46.63338,-23.56738]}},{"type":"Feature","properties":{"id":"490001793","name":"Av. Da Aclimação, 876","lines":["857R-10"]},"geometry":{"type":"Point","coordinates":[-46.63158,-23.57346]}},{"type":"Feature","properties":{"id":"490001986","name":"R. Br. De Iguape, 901","lines":["5108-10"]},"geometry":{"type":"Point","coordinates":[-46.62811,-23.55823]}},{"type":"Feature","properties":{"id":"490001988","name":"R. Br. De Iguape, 613","lines":["5108-10"]},"geometry":{"type":"Point","coordinates":[-46.63081,-23.55809]}},{"type":"Feature","properties":{"id":"490007808","name":"R. Da Glória, 474","lines":["715M-10"]},"geometry":{"type":"Point","coordinates":[-46.63412,-23.55734]}},{"type":"Feature","properties":{"id":"490008366","name":"R. Galvão Bueno, 643","lines":["715M-10"]},"geometry":{"type":"Point","coordinates":[-46.63465,-23.56256]}},{"type":"Feature","properties":{"id":"490008372","name":"R. Galvão Bueno, 351","lines":["715M-10"]},"geometry":{"type":"Point","coordinates":[-46.63486,-23.55881]}},{"type":"Feature","properties":{"id":"490008373","name":"R. Br. De Iguape, 159","lines":["715M-10"]},"geometry":{"type":"Point","coordinates":[-46.63547,-23.55836]}},{"type":"Feature","properties":{"id":"490013039","name":"Pça. Gen. Polidoro","lines":["857R-10"]},"geometry":{"type":"Point","coordinates":[-46.63078,-23.57112]}},{"type":"Feature","properties":{"id":"490013041","name":"Av. Da Aclimação, 120","lines":["857R-10"]},"geometry":{"type":"Point","coordinates":[-46.63339,-23.56816]}},{"type":"Feature","properties":{"id":"490013042","name":"Av. Da Aclimação, 193","lines":["857R-10"]},"geometry":{"type":"Point","coordinates":[-46.63306,-23.56858]}},{"type":"Feature","properties":{"id":"490016414","name":"Av. Vinte E Três De Maio","lines":["175T-10","5300-10","5318-10","5370-10","5391-10","5630-10","6455-10"]},"geometry":{"type":"Point","coordinates":[-46.6409,-23.57234]}},{"type":"Feature","properties":{"id":"490016415","name":"Av. Vinte E Três De Maio","lines":["175T-10","5300-10","5318-10","5370-10","5391-10","5630-10","6455-10"]},"geometry":{"type":"Point","coordinates":[-46.64003,-23.5634]}},{"type":"Feature","properties":{"id":"490016416","name":"Av. Vinte E Três De Maio","lines":["175T-10","5300-10","5318-10","5370-10","5391-10","5630-10","6455-10"]},"geometry":{"type":"Point","coordinates":[-46.63787,-23.55739]}},{"type":"Feature","properties":{"id":"490016444","name":"R. Teixeira Leite, 174","lines":["3390-10","5107-10","5108-10"]},"geometry":{"type":"Point","coordinates":[-46.62842,-23.55684]}},{"type":"Feature","properties":{"id":"490016445","name":"R. Teixeira Leite, 424","lines":["3390-10","5107-10","5108-10"]},"geometry":{"type":"Point","coordinates":[-46.62931,-23.5588]}},{"type":"Feature","properties":{"id":"490016448","name":"Av. Vinte E Três De Maio","lines":["175T-10","5300-10","5318-10","5370-10","5391-10","5630-10","6455-10"]},"geometry":{"type":"Point","coordinates":[-46.63945,-23.5598]}},{"type":"Feature","properties":{"id":"490016449","name":"Av. Vinte E Três De Maio","lines":["175T-10","5300-10","5318-10","5370-10","5391-10","5630-10","6455-10"]},"geometry":{"type":"Point","coordinates":[-46.64124,-23.57283]}},{"type":"Feature","properties":{"id":"490016705","name":"R. Topázio, 445","lines":["857R-10"]},"geometry":{"type":"Point","coordinates":[-46.63307,-23.5747]}},{"type":"Feature","properties":{"id":"490016706","name":"R. Topázio, 362","lines":["857R-10"]},"geometry":{"type":"Point","coordinates":[-46.6322,-23.57442]}},{"type":"Feature","properties":{"id":"490016707","name":"R. Topázio, 291","lines":["857R-10"]},"geometry":{"type":"Point","coordinates":[-46.63159,-23.5743]}},{"type":"Feature","properties":{"id":"490016999","name":"R. Scuvero, 195","lines":["857R-10"]},"geometry":{"type":"Point","coordinates":[-46.62657,-23.56332]}},{"type":"Feature","properties":{"id":"490017005","name":"R. Diogo Vaz, 108","lines":["857R-10"]},"geometry":{"type":"Point","coordinates":[-46.62741,-23.56256]}},{"type":"Feature","properties":{"id":"490017006","name":"R. Tte. Otávio Gomes, 343","lines":["857R-10"]},"geometry":{"type":"Point","coordinates":[-46.6309,-23.56325]}},{"type":"Feature","properties":{"id":"490017007","name":"R. Tte. Otávio Gomes, 207","lines":["857R-10"]},"geometry":{"type":"Point","coordinates":[-46.63203,-23.56338]}},{"type":"Feature","properties":{"id":"490017008","name":"R. Cons. Furtado, 1246","lines":["857R-10"]},"geometry":{"type":"Point","coordinates":[-46.63251,-23.56411]}},{"type":"Feature","properties":{"id":"490017009","name":"R. Pires Da Mota, 280","lines":["857R-10"]},"geometry":{"type":"Point","coordinates":[-46.63177,-23.5657]}},{"type":"Feature","properties":{"id":"490017018","name":"R. Do Lavapés, 238","lines":["3390-10","5107-10","5108-10"]},"geometry":{"type":"Point","coordinates":[-46.6294,-23.5605]}},{"type":"Feature","properties":{"id":"490017019","name":"R. Do Lavapés, 726","lines":["3390-10","5107-10","5108-10"]},"geometry":{"type":"Point","coordinates":[-46.62515,-23.56177]}},{"type":"Feature","properties":{"id":"490017024","name":"Pça. Nina Rodrigues","lines":["3390-10","5107-10"]},"geometry":{"type":"Point","coordinates":[-46.62674,-23.5578]}},{"type":"Feature","properties":{"id":"500001309","name":"Edson Pellegrini B/C","lines":["209P-1","209P-10","9501-10"]},"geometry":{"type":"Point","coordinates":[-46.67539,-23.4816]}},{"type":"Feature","properties":{"id":"500001313","name":"Delfim Moreira B/C","lines":["209P-1","209P-10","9501-10"]},"geometry":{"type":"Point","coordinates":[-46.67974,-23.48412]}},{"type":"Feature","properties":{"id":"500001315","name":"Parada Inacio Leitao B/C","lines":["209P-1","209P-10","9501-10"]},"geometry":{"type":"Point","coordinates":[-46.68221,-23.48673]}},{"type":"Feature","properties":{"id":"500001323","name":"Parada Benedito Guedes De Oliveira B/C","lines":["209P-1","209P-10","9501-10"]},"geometry":{"type":"Point","coordinates":[-46.68533,-23.49264]}},{"type":"Feature","properties":{"id":"500001754","name":"Ribeiro De Morais B/C","lines":["209P-1","209P-10","9501-10"]},"geometry":{"type":"Point","coordinates":[-46.6876,-23.50252]}},{"type":"Feature","properties":{"id":"500001757","name":"Darci Bittencourt B/C","lines":["209P-1","209P-10","9501-10"]},"geometry":{"type":"Point","coordinates":[-46.68599,-23.49942]}},{"type":"Feature","properties":{"id":"500001761","name":"Santa Auta B/C","lines":["209P-1","209P-10","9501-10"]},"geometry":{"type":"Point","coordinates":[-46.68481,-23.49528]}},{"type":"Feature","properties":{"id":"530009975","name":"Av. Indianópolis, 893","lines":["675I-10"]},"geometry":{"type":"Point","coordinates":[-46.65317,-23.60638]}},{"type":"Feature","properties":{"id":"530015149","name":"Parada 1 - Mac/USP","lines":["5178-10"]},"geometry":{"type":"Point","coordinates":[-46.65173,-23.58871]}},{"type":"Feature","properties":{"id":"530015150","name":"Ac. Acesso A","lines":["175T-10","5300-10","5318-10","5370-10","5391-10","5630-10","6455-10"]},"geometry":{"type":"Point","coordinates":[-46.65258,-23.58377]}},{"type":"Feature","properties":{"id":"530015151","name":"Av. Vinte E Três De Maio","lines":["175T-10","5300-10","5318-10","5370-10","5391-10","5630-10","6455-10"]},"geometry":{"type":"Point","coordinates":[-46.65239,-23.58263]}},{"type":"Feature","properties":{"id":"530015152","name":"Av. Pedro Alvares Cabral","lines":["5178-10"]},"geometry":{"type":"Point","coordinates":[-46.65746,-23.58181]}},{"type":"Feature","properties":{"id":"530015153","name":"Av. Pedro Alvares Cabral","lines":["5178-10"]},"geometry":{"type":"Point","coordinates":[-46.65981,-23.5805]}},{"type":"Feature","properties":{"id":"530015154","name":"Av. Pedro Alvares Cabral","lines":["5178-10"]},"geometry":{"type":"Point","coordinates":[-46.65884,-23.58137]}},{"type":"Feature","properties":{"id":"530015173","name":"Parada 1 - Edmundo Vasconcelos B/C","lines":["675K-10"]},"geometry":{"type":"Point","coordinates":[-46.65327,-23.59611]}},{"type":"Feature","properties":{"id":"530015174","name":"Parada 2 - Edmundo Vasconcelos B/C","lines":["675X-10"]},"geometry":{"type":"Point","coordinates":[-46.65256,-23.59627]}},{"type":"Feature","properties":{"id":"530015179","name":"Av. Vinte E Três De Maio","lines":["175T-10","5300-10","5318-10","5370-10","5391-10","5630-10","6455-10"]},"geometry":{"type":"Point","coordinates":[-46.65026,-23.58176]}},{"type":"Feature","properties":{"id":"530015184","name":"Av. Moreira Guimarães, 510","lines":["175T-10","5178-10","5630-10","675I-10"]},"geometry":{"type":"Point","coordinates":[-46.65643,-23.61159]}},{"type":"Feature","properties":{"id":"530015185","name":"Av. Moreira Guimarães","lines":["175T-10","5178-10","5630-10","675I-10"]},"geometry":{"type":"Point","coordinates":[-46.6582,-23.61348]}},{"type":"Feature","properties":{"id":"530015186","name":"Av. Pedro Alvares Cabral","lines":["175T-10","5178-10","5300-10","5318-10","5370-10","5391-10","5630-10","6455-10"]},"geometry":{"type":"Point","coordinates":[-46.65233,-23.58943]}},{"type":"Feature","properties":{"id":"530015187","name":"Av. Prof. Ascendino Reis, 560","lines":["175T-10","5178-10","5630-10"]},"geometry":{"type":"Point","coordinates":[-46.65093,-23.59554]}},{"type":"Feature","properties":{"id":"530015188","name":"Av. Prof. Ascendino Reis, 724","lines":["175T-10","5178-10","5630-10"]},"geometry":{"type":"Point","coordinates":[-46.65109,-23.59745]}},{"type":"Feature","properties":{"id":"530015189","name":"Av. Prof. Ascendino Reis, 830","lines":["175T-10","5178-10","5630-10"]},"geometry":{"type":"Point","coordinates":[-46.6512,-23.59842]}},{"type":"Feature","properties":{"id":"530015190","name":"Av. Rubem Berta","lines":["175T-10","5178-10","5630-10"]},"geometry":{"type":"Point","coordinates":[-46.65143,-23.60105]}},{"type":"Feature","properties":{"id":"530015191","name":"Av. Rubem Berta","lines":["175T-10","5178-10","5630-10"]},"geometry":{"type":"Point","coordinates":[-46.65179,-23.60486]}},{"type":"Feature","properties":{"id":"530015192","name":"Av. Rubem Berta","lines":["175T-10","5178-10","5630-10","675I-10"]},"geometry":{"type":"Point","coordinates":[-46.65231,-23.60693]}},{"type":"Feature","properties":{"id":"530015193","name":"Av. Moreira Guimarães","lines":["175T-10","5178-10","5630-10","675I-10"]},"geometry":{"type":"Point","coordinates":[-46.654,-23.60883]}},{"type":"Feature","properties":{"id":"530015271","name":"R. Tutoia, 1102","lines":["475R-10"]},"geometry":{"type":"Point","coordinates":[-46.65061,-23.5804]}},{"type":"Feature","properties":{"id":"530015277","name":"R. Manoel Da Nóbrega, 964","lines":["475R-10"]},"geometry":{"type":"Point","coordinates":[-46.65449,-23.57482]}},{"type":"Feature","properties":{"id":"530015278","name":"R. Manoel Da Nóbrega, 1280","lines":["475R-10"]},"geometry":{"type":"Point","coordinates":[-46.65656,-23.57691]}},{"type":"Feature","properties":{"id":"530015279","name":"R. Jundiaí, 49","lines":["475R-10","5178-10"]},"geometry":{"type":"Point","coordinates":[-46.65707,-23.57671]}},{"type":"Feature","properties":{"id":"530015280","name":"R. Manoel Da Nóbrega, 1474","lines":["5178-10"]},"geometry":{"type":"Point","coordinates":[-46.65807,-23.57782]}},{"type":"Feature","properties":{"id":"530015281","name":"R. Manoel Da Nóbrega","lines":["5178-10"]},"geometry":{"type":"Point","coordinates":[-46.66024,-23.5791]}},{"type":"Feature","properties":{"id":"530015285","name":"Av. Brig. Luís Antônio, 4008","lines":["477A-10","5111-10","5119-10","5178-10","7550-10"]},"geometry":{"type":"Point","coordinates":[-46.66077,-23.57866]}},{"type":"Feature","properties":{"id":"530015289","name":"Alameda Lorena","lines":["475R-10","477A-10","5111-10","5119-10","5178-10","7550-10"]},"geometry":{"type":"Point","coordinates":[-46.65526,-23.57387]}},{"type":"Feature","properties":{"id":"530015305","name":"R. Abílio Soares, 1337","lines":["475R-10"]},"geometry":{"type":"Point","coordinates":[-46.65345,-23.57888]}},{"type":"Feature","properties":{"id":"530015306","name":"R. Abílio Soares, 1160","lines":["475R-10"]},"geometry":{"type":"Point","coordinates":[-46.65214,-23.57814]}},{"type":"Feature","properties":{"id":"530015311","name":"Mestre De Aviz","lines":["5300-10","5318-10","5370-10","5391-10","6455-10"]},"geometry":{"type":"Point","coordinates":[-46.6544,-23.5952]}},{"type":"Feature","properties":{"id":"530015312","name":"Republica Do Libano C/B","lines":["5300-10","5318-10","5370-10","5391-10","6455-10","675K-10","675X-10"]},"geometry":{"type":"Point","coordinates":[-46.66017,-23.60136]}},{"type":"Feature","properties":{"id":"530015313","name":"Moema C/B","lines":["5300-10","5318-10","5370-10","5391-10","6455-10","675K-10","675X-10"]},"geometry":{"type":"Point","coordinates":[-46.66238,-23.60372]}},{"type":"Feature","properties":{"id":"530015314","name":"Juruce C/B","lines":["5300-10","5318-10","5370-10","5391-10","6455-10","675K-10","675X-10"]},"geometry":{"type":"Point","coordinates":[-46.66459,-23.60608]}},{"type":"Feature","properties":{"id":"530015315","name":"Parada 2 - Shopping Ibirapuera C/B","lines":["5300-10","5370-10","675X-10"]},"geometry":{"type":"Point","coordinates":[-46.66756,-23.60926]}},{"type":"Feature","properties":{"id":"530015316","name":"Parada 1 - Shopping Ibirapuera C/B","lines":["5318-10","5391-10","6455-10","675K-10","675X-10"]},"geometry":{"type":"Point","coordinates":[-46.66798,-23.60968]}},{"type":"Feature","properties":{"id":"530015317","name":"Shopping Ibirapuera B/C","lines":["5300-10","5318-10","5370-10","5391-10","6455-10","675K-10","675X-10"]},"geometry":{"type":"Point","coordinates":[-46.66898,-23.61082]}},{"type":"Feature","properties":{"id":"530015318","name":"Juruce B/C","lines":["5300-10","5318-10","5370-10","5391-10","6455-10","675K-10","675X-10"]},"geometry":{"type":"Point","coordinates":[-46.66517,-23.60684]}},{"type":"Feature","properties":{"id":"530015319","name":"Moema B/C","lines":["5300-10","5318-10","5370-10","5391-10","6455-10","675K-10","675X-10"]},"geometry":{"type":"Point","coordinates":[-46.66158,-23.60302]}},{"type":"Feature","properties":{"id":"530015320","name":"Republica Do Libano B/C","lines":["5300-10","5318-10","5370-10","5391-10","6455-10","675K-10","675X-10"]},"geometry":{"type":"Point","coordinates":[-46.65808,-23.59926]}},{"type":"Feature","properties":{"id":"530015321","name":"Av. Ibirapuera, 901","lines":["5300-10","5318-10","5370-10","5391-10","6455-10"]},"geometry":{"type":"Point","coordinates":[-46.65402,-23.59508]}},{"type":"Feature","properties":{"id":"530015327","name":"Parada J.k.  B/C (acesso Ao Itaim)","lines":["516N-10","637G-10","6913-21"]},"geometry":{"type":"Point","coordinates":[-46.67051,-23.5852]}},{"type":"Feature","properties":{"id":"530015348","name":"Eucaliptos B/C","lines":["5111-10","516N-10","637G-10","6505-10","6913-10","6913-21","7550-10"]},"geometry":{"type":"Point","coordinates":[-46.67503,-23.60479]}},{"type":"Feature","properties":{"id":"530015497","name":"Av. Brig. Luís Antônio, 5012","lines":["477A-10","5111-10","5119-10","7550-10"]},"geometry":{"type":"Point","coordinates":[-46.66934,-23.58361]}},{"type":"Feature","properties":{"id":"530015498","name":"Groelandia","lines":["477A-10","5111-10","5119-10","7550-10"]},"geometry":{"type":"Point","coordinates":[-46.6668,-23.58215]}},{"type":"Feature","properties":{"id":"530015499","name":"Groenlândia","lines":["477A-10","5111-10","5119-10","7550-10"]},"geometry":{"type":"Point","coordinates":[-46.66612,-23.58184]}},{"type":"Feature","properties":{"id":"530015500","name":"Av. Brig. Luís Antônio, 4435","lines":["477A-10","5111-10","5119-10","7550-10"]},"geometry":{"type":"Point","coordinates":[-46.66441,-23.58085]}},{"type":"Feature","properties":{"id":"530015502","name":"Dia Do Senhor","lines":["477A-10","5111-10","5119-10","7550-10"]},"geometry":{"type":"Point","coordinates":[-46.66373,-23.58036]}},{"type":"Feature","properties":{"id":"530015503","name":"Parque Ibirapuera","lines":["477A-10","5111-10","5119-10","7550-10"]},"geometry":{"type":"Point","coordinates":[-46.66195,-23.57941]}},{"type":"Feature","properties":{"id":"540014084","name":"R. Siqueira Bueno, 868","lines":["3746-10","5141-10","5144-10"]},"geometry":{"type":"Point","coordinates":[-46.59193,-23.54629]}},{"type":"Feature","properties":{"id":"540014085","name":"R. Siqueira Bueno, 1098","lines":["5141-10","5144-10"]},"geometry":{"type":"Point","coordinates":[-46.59036,-23.54796]}},{"type":"Feature","properties":{"id":"540014086","name":"R. Siqueira Bueno, 1328","lines":["5141-10","5144-10"]},"geometry":{"type":"Point","coordinates":[-46.58884,-23.5496]}},{"type":"Feature","properties":{"id":"540014087","name":"R. Siqueira Bueno, 1570","lines":["5141-10","5144-10"]},"geometry":{"type":"Point","coordinates":[-46.58725,-23.55112]}},{"type":"Feature","properties":{"id":"540014124","name":"R. Br. De Monte Santo, 6","lines":["3390-10"]},"geometry":{"type":"Point","coordinates":[-46.60141,-23.56661]}},{"type":"Feature","properties":{"id":"540014125","name":"R. Br. De Monte Santo, 95","lines":["3390-10"]},"geometry":{"type":"Point","coordinates":[-46.60044,-23.56699]}},{"type":"Feature","properties":{"id":"540014126","name":"R. Br. De Monte Santo, 229","lines":["3390-10"]},"geometry":{"type":"Point","coordinates":[-46.59915,-23.56773]}},{"type":"Feature","properties":{"id":"540014127","name":"R. Br. De Monte Santo, 478","lines":["3390-10"]},"geometry":{"type":"Point","coordinates":[-46.59753,-23.56888]}},{"type":"Feature","properties":{"id":"540014128","name":"R. Br. De Monte Santo, 479","lines":["3390-10"]},"geometry":{"type":"Point","coordinates":[-46.5974,-23.5689]}},{"type":"Feature","properties":{"id":"540014129","name":"R. Br. De Monte Santo, 815","lines":["3390-10"]},"geometry":{"type":"Point","coordinates":[-46.59446,-23.57086]}},{"type":"Feature","properties":{"id":"540014130","name":"R. Br. De Monte Santo, 848","lines":["3390-10"]},"geometry":{"type":"Point","coordinates":[-46.59409,-23.57167]}},{"type":"Feature","properties":{"id":"540014131","name":"R. Br. De Monte Santo","lines":["3390-10"]},"geometry":{"type":"Point","coordinates":[-46.59268,-23.57429]}},{"type":"Feature","properties":{"id":"540014132","name":"R. Br. De Monte Santo, 1375","lines":["3390-10"]},"geometry":{"type":"Point","coordinates":[-46.59248,-23.57476]}},{"type":"Feature","properties":{"id":"540014135","name":"R. Dianópolis, 1010","lines":["3390-10"]},"geometry":{"type":"Point","coordinates":[-46.59281,-23.57814]}},{"type":"Feature","properties":{"id":"540014136","name":"R. Dianópolis, 1010","lines":["3390-10"]},"geometry":{"type":"Point","coordinates":[-46.59268,-23.57829]}},{"type":"Feature","properties":{"id":"540014137","name":"R. Dianópolis, 1381","lines":["3390-10"]},"geometry":{"type":"Point","coordinates":[-46.59162,-23.58075]}},{"type":"Feature","properties":{"id":"540014138","name":"R. Dianópolis, 1319","lines":["3390-10"]},"geometry":{"type":"Point","coordinates":[-46.59128,-23.58126]}},{"type":"Feature","properties":{"id":"540014161","name":"R. Taquari, 84","lines":["3141-10"]},"geometry":{"type":"Point","coordinates":[-46.59919,-23.55272]}},{"type":"Feature","properties":{"id":"540014163","name":"R. Taquari, 556","lines":["3141-10"]},"geometry":{"type":"Point","coordinates":[-46.59743,-23.55106]}},{"type":"Feature","properties":{"id":"540014164","name":"R. Taquari, 1058","lines":["3141-10"]},"geometry":{"type":"Point","coordinates":[-46.59421,-23.54796]}},{"type":"Feature","properties":{"id":"540014165","name":"R. Paraupava, 74","lines":["3141-10"]},"geometry":{"type":"Point","coordinates":[-46.59235,-23.54714]}},{"type":"Feature","properties":{"id":"540014389","name":"R. Dos Trilhos, 600","lines":["3141-10"]},"geometry":{"type":"Point","coordinates":[-46.60404,-23.55297]}},{"type":"Feature","properties":{"id":"540014575","name":"Av. Alcântara Machado, 1505","lines":["4310-10","4311-10","4313-10","5141-10"]},"geometry":{"type":"Point","coordinates":[-46.60872,-23.55164]}},{"type":"Feature","properties":{"id":"540014576","name":"Av. Alcântara Machado, 2180","lines":["4310-10","4311-10","4313-10","5141-10"]},"geometry":{"type":"Point","coordinates":[-46.60434,-23.54926]}},{"type":"Feature","properties":{"id":"540014577","name":"Instituto Brasileiro De Controle Do Cancer","lines":["4310-10","4311-10","4313-10","5141-10"]},"geometry":{"type":"Point","coordinates":[-46.60103,-23.54746]}},{"type":"Feature","properties":{"id":"540014578","name":"Av. Alcântara Machado, 2988","lines":["4310-10","4311-10","4313-10","5141-10"]},"geometry":{"type":"Point","coordinates":[-46.59714,-23.5455]}},{"type":"Feature","properties":{"id":"540014584","name":"Av. Alcântara Machado, 3198","lines":["3141-10","4310-10","4311-10","4313-10","5141-10"]},"geometry":{"type":"Point","coordinates":[-46.59524,-23.54469]}},{"type":"Feature","properties":{"id":"540014585","name":"Instituto Brasileiro De Controle Do Cancer","lines":["3141-10","4310-10","4311-10","4313-10","5141-10"]},"geometry":{"type":"Point","coordinates":[-46.5999,-23.54627]}},{"type":"Feature","properties":{"id":"540014586","name":"Av. Alcântara Machado, 2105","lines":["3141-10","4310-10","4311-10","4313-10","5141-10"]},"geometry":{"type":"Point","coordinates":[-46.60482,-23.54908]}},{"type":"Feature","properties":{"id":"540014587","name":"Av. Alcântara Machado, 1555","lines":["3141-10","4310-10","4311-10","4313-10","5141-10"]},"geometry":{"type":"Point","coordinates":[-46.60969,-23.5517]}},{"type":"Feature","properties":{"id":"550011324","name":"Av. Giovanni Gronchi, 3363","lines":["5119-10"]},"geometry":{"type":"Point","coordinates":[-46.72628,-23.6091]}},{"type":"Feature","properties":{"id":"550011325","name":"Av. Giovanni Gronchi, 2745","lines":["5119-10"]},"geometry":{"type":"Point","coordinates":[-46.72507,-23.60481]}},{"type":"Feature","properties":{"id":"550011326","name":"Av. Giovanni Gronchi, 2704","lines":["5119-10"]},"geometry":{"type":"Point","coordinates":[-46.72519,-23.6043]}},{"type":"Feature","properties":{"id":"550011327","name":"Av. Giovanni Gronchi, 1967","lines":["5119-10"]},"geometry":{"type":"Point","coordinates":[-46.72252,-23.60037]}},{"type":"Feature","properties":{"id":"550011328","name":"Av. Giovanni Gronchi, 922","lines":["5119-10"]},"geometry":{"type":"Point","coordinates":[-46.72091,-23.59892]}},{"type":"Feature","properties":{"id":"550011358","name":"Parada Vital Brasil B/C","lines":["809P-10","857P-10","857R-10","8700-1","8700-10"]},"geometry":{"type":"Point","coordinates":[-46.70505,-23.57294]}},{"type":"Feature","properties":{"id":"550011362","name":"Roquete Pinto B/C","lines":["809P-10","857P-10","857R-10","8700-1","8700-10"]},"geometry":{"type":"Point","coordinates":[-46.71142,-23.58095]}},{"type":"Feature","properties":{"id":"550011364","name":"Fund Carlos Chagas B/C","lines":["809P-10","857P-10","857R-10","8700-1","8700-10"]},"geometry":{"type":"Point","coordinates":[-46.71386,-23.58281]}},{"type":"Feature","properties":{"id":"550011365","name":"Fund Carlos Chagas C/B","lines":["809P-10","857P-10","857R-10","8700-1","8700-10"]},"geometry":{"type":"Point","coordinates":[-46.71419,-23.5829]}},{"type":"Feature","properties":{"id":"550011392","name":"Av. Morumbi, 3608","lines":["5119-10"]},"geometry":{"type":"Point","coordinates":[-46.70928,-23.6006]}},{"type":"Feature","properties":{"id":"550011393","name":"Av. Morumbi, 3601","lines":["5119-10"]},"geometry":{"type":"Point","coordinates":[-46.7098,-23.60138]}},{"type":"Feature","properties":{"id":"550015956","name":"Av. Morumbi, 3599","lines":["5119-10"]},"geometry":{"type":"Point","coordinates":[-46.70864,-23.59734]}},{"type":"Feature","properties":{"id":"550015958","name":"R. Eng. Oscar Americano, 381","lines":["5119-10"]},"geometry":{"type":"Point","coordinates":[-46.70042,-23.58904]}},{"type":"Feature","properties":{"id":"550015959","name":"R. Eng. Oscar Americano, 99","lines":["5119-10"]},"geometry":{"type":"Point","coordinates":[-46.69853,-23.58687]}},{"type":"Feature","properties":{"id":"550015962","name":"Av. Dos Tajurás, 315","lines":["5119-10"]},"geometry":{"type":"Point","coordinates":[-46.69463,-23.58646]}},{"type":"Feature","properties":{"id":"550015963","name":"Av. Dos Tajurás, 93","lines":["5119-10"]},"geometry":{"type":"Point","coordinates":[-46.69657,-23.58622]}},{"type":"Feature","properties":{"id":"550015964","name":"R. Eng. Oscar Americano, 42","lines":["5119-10"]},"geometry":{"type":"Point","coordinates":[-46.69855,-23.58653]}},{"type":"Feature","properties":{"id":"550015965","name":"R. Eng. Oscar Americano, 382","lines":["5119-10"]},"geometry":{"type":"Point","coordinates":[-46.70067,-23.58902]}},{"type":"Feature","properties":{"id":"550015968","name":"Av. Morumbi, 3574","lines":["5119-10"]},"geometry":{"type":"Point","coordinates":[-46.7086,-23.59698]}},{"type":"Feature","properties":{"id":"550015969","name":"Av. Morumbi, 4076","lines":["5119-10"]},"geometry":{"type":"Point","coordinates":[-46.71225,-23.60386]}},{"type":"Feature","properties":{"id":"550015983","name":"Av. Jules Rimet, 231","lines":["5119-10"]},"geometry":{"type":"Point","coordinates":[-46.71871,-23.60041]}},{"type":"Feature","properties":{"id":"550015985","name":"R. Pe. Lebret","lines":["5119-10"]},"geometry":{"type":"Point","coordinates":[-46.71511,-23.60111]}},{"type":"Feature","properties":{"id":"550015987","name":"Av. Alcides Sangirardi","lines":["609F-10","6200-10","637A-10","6403-10","6451-10"]},"geometry":{"type":"Point","coordinates":[-46.69556,-23.59509]}},{"type":"Feature","properties":{"id":"550015989","name":"Av. Magalhães De Castro","lines":["609F-10","6200-10","637A-10","6403-10","6451-10"]},"geometry":{"type":"Point","coordinates":[-46.6971,-23.59924]}},{"type":"Feature","properties":{"id":"550015991","name":"Av. Magalhães De Castro, 5500","lines":["609F-10","6200-10","637A-10","6403-10","6451-10"]},"geometry":{"type":"Point","coordinates":[-46.69964,-23.60722]}},{"type":"Feature","properties":{"id":"550015992","name":"Av. Magalhães De Castro","lines":["609F-10","6200-10","637A-10","6403-10","6451-10"]},"geometry":{"type":"Point","coordinates":[-46.70051,-23.61124]}},{"type":"Feature","properties":{"id":"550015993","name":"Av. Magalhães De Castro","lines":["609F-10","6200-10","637A-10","6403-10","6451-10"]},"geometry":{"type":"Point","coordinates":[-46.70169,-23.61674]}},{"type":"Feature","properties":{"id":"560009237","name":"Terminal Varginha - Pmv 01","lines":["6003-21","6913-10","6913-21"]},"geometry":{"type":"Point","coordinates":[-46.71648,-23.7671]}},{"type":"Feature","properties":{"id":"560009238","name":"Terminal Varginha","lines":["6913-21"]},"geometry":{"type":"Point","coordinates":[-46.71643,-23.76679]}},{"type":"Feature","properties":{"id":"560009239","name":"Terminal Varginha","lines":["6003-10","6003-21"]},"geometry":{"type":"Point","coordinates":[-46.7164,-23.76663]}},{"type":"Feature","properties":{"id":"560009260","name":"Terminal Varginha","lines":["6082-10"]},"geometry":{"type":"Point","coordinates":[-46.71616,-23.76663]}},{"type":"Feature","properties":{"id":"560009262","name":"Terminal Varginha","lines":["6960-10"]},"geometry":{"type":"Point","coordinates":[-46.71614,-23.76696]}},{"type":"Feature","properties":{"id":"560009263","name":"Terminal Varginha","lines":["695X-10"]},"geometry":{"type":"Point","coordinates":[-46.71615,-23.76707]}},{"type":"Feature","properties":{"id":"560009264","name":"Terminal Varginha","lines":["5370-10"]},"geometry":{"type":"Point","coordinates":[-46.71618,-23.76731]}},{"type":"Feature","properties":{"id":"560009265","name":"Terminal Varginha","lines":["6913-10"]},"geometry":{"type":"Point","coordinates":[-46.71622,-23.76766]}},{"type":"Feature","properties":{"id":"570001789","name":"Av. Pres. Castelo Branco","lines":["1178-10","1178-31"]},"geometry":{"type":"Point","coordinates":[-46.62387,-23.52028]}},{"type":"Feature","properties":{"id":"570014559","name":"Av. Pres. Castelo Branco, 3700","lines":["1178-10","1178-31"]},"geometry":{"type":"Point","coordinates":[-46.61793,-23.5197]}},{"type":"Feature","properties":{"id":"570014560","name":"Av. Pres. Castelo Branco","lines":["1178-10","1178-31"]},"geometry":{"type":"Point","coordinates":[-46.61628,-23.5206]}},{"type":"Feature","properties":{"id":"570014561","name":"Av. Pres. Castelo Branco","lines":["1178-10","1178-31"]},"geometry":{"type":"Point","coordinates":[-46.61217,-23.5236]}},{"type":"Feature","properties":{"id":"570014562","name":"Av. Pres. Castelo Branco, 3436","lines":["1178-10","1178-31"]},"geometry":{"type":"Point","coordinates":[-46.60737,-23.52397]}},{"type":"Feature","properties":{"id":"580004915","name":"Av. Jacu-pêssego/nova Trabalhadores, 2891","lines":["354M-10"]},"geometry":{"type":"Point","coordinates":[-46.4426,-23.58482]}},{"type":"Feature","properties":{"id":"580004921","name":"Av. Jacu-pêssego/nova Trabalhadores","lines":["354M-10"]},"geometry":{"type":"Point","coordinates":[-46.44684,-23.56899]}},{"type":"Feature","properties":{"id":"580004922","name":"Av. Jacu-pêssego/nova Trabalhadores","lines":["354M-10"]},"geometry":{"type":"Point","coordinates":[-46.44666,-23.56769]}},{"type":"Feature","properties":{"id":"580007047","name":"Av. Jacu-pêssego/nova Trabalhadores, 392","lines":["354M-10"]},"geometry":{"type":"Point","coordinates":[-46.44607,-23.56138]}},{"type":"Feature","properties":{"id":"580007048","name":"Av. Jacu-pêssego/nova Trabalhadores, 750","lines":["354M-10"]},"geometry":{"type":"Point","coordinates":[-46.44652,-23.56497]}},{"type":"Feature","properties":{"id":"580007049","name":"Av. Jacu-pêssego/nova Trabalhadores","lines":["354M-10"]},"geometry":{"type":"Point","coordinates":[-46.44705,-23.56781]}},{"type":"Feature","properties":{"id":"580007069","name":"Av. Jacu-pêssego/nova Trabalhadores","lines":["354M-10"]},"geometry":{"type":"Point","coordinates":[-46.44729,-23.57023]}},{"type":"Feature","properties":{"id":"580007070","name":"Av. Jacu-pêssego/nova Trabalhadores, 1420","lines":["354M-10"]},"geometry":{"type":"Point","coordinates":[-46.4465,-23.57201]}},{"type":"Feature","properties":{"id":"580007073","name":"Av. Jacu-pêssego/nova Trabalhadores, 2826","lines":["354M-10"]},"geometry":{"type":"Point","coordinates":[-46.44256,-23.58123]}},{"type":"Feature","properties":{"id":"580007074","name":"Av. Jacu-pêssego/nova Trabalhadores, 2858","lines":["354M-10"]},"geometry":{"type":"Point","coordinates":[-46.44314,-23.58519]}},{"type":"Feature","properties":{"id":"580007075","name":"Av. Jacu-pêssego/nova Trabalhadores, 3778","lines":["354M-10"]},"geometry":{"type":"Point","coordinates":[-46.44396,-23.59122]}},{"type":"Feature","properties":{"id":"580007517","name":"Av. Aricanduva, 8734","lines":["4210-10","4311-10","4313-10"]},"geometry":{"type":"Point","coordinates":[-46.47789,-23.59056]}},{"type":"Feature","properties":{"id":"580007531","name":"Av. Aricanduva, 12011","lines":["4210-10","4311-10","4313-10"]},"geometry":{"type":"Point","coordinates":[-46.47239,-23.59242]}},{"type":"Feature","properties":{"id":"580007606","name":"Av. Aricanduva, 7867","lines":["4210-10","4311-10","4313-10"]},"geometry":{"type":"Point","coordinates":[-46.48987,-23.58287]}},{"type":"Feature","properties":{"id":"590007863","name":"R. Papa Gregório Magno, 675","lines":["516N-10"]},"geometry":{"type":"Point","coordinates":[-46.64873,-23.69075]}},{"type":"Feature","properties":{"id":"590013775","name":"R. Wilson Cantoni, 321","lines":["516N-10"]},"geometry":{"type":"Point","coordinates":[-46.64488,-23.6935]}},{"type":"Feature","properties":{"id":"590013778","name":"R. Belarmino Belisário De Araújo, 13","lines":["516N-10"]},"geometry":{"type":"Point","coordinates":[-46.64744,-23.69319]}},{"type":"Feature","properties":{"id":"600005613","name":"Av. Amador Bueno Da Veiga, 1355","lines":["208V-10","2552-10"]},"geometry":{"type":"Point","coordinates":[-46.53183,-23.52267]}},{"type":"Feature","properties":{"id":"600005614","name":"Av. Amador Bueno Da Veiga, 1125","lines":["208V-10","2552-10"]},"geometry":{"type":"Point","coordinates":[-46.53416,-23.52318]}},{"type":"Feature","properties":{"id":"600005615","name":"Av. Amador Bueno Da Veiga, 1348","lines":["208V-10","2552-10"]},"geometry":{"type":"Point","coordinates":[-46.53186,-23.52285]}},{"type":"Feature","properties":{"id":"600005616","name":"Av. Amador Bueno Da Veiga, 1084","lines":["208V-10","2552-10"]},"geometry":{"type":"Point","coordinates":[-46.53431,-23.52334]}},{"type":"Feature","properties":{"id":"600005624","name":"Av. Amador Bueno Da Veiga, 1652","lines":["208V-10","2552-10"]},"geometry":{"type":"Point","coordinates":[-46.52965,-23.52171]}},{"type":"Feature","properties":{"id":"600005625","name":"Av. Amador Bueno Da Veiga, 1968","lines":["208V-10","2552-10"]},"geometry":{"type":"Point","coordinates":[-46.52731,-23.52186]}},{"type":"Feature","properties":{"id":"600005668","name":"Av. S. Miguel, 923","lines":["208V-10","2552-10"]},"geometry":{"type":"Point","coordinates":[-46.52077,-23.51585]}},{"type":"Feature","properties":{"id":"600005669","name":"Av. S. Miguel, 928","lines":["208V-10","2552-10"]},"geometry":{"type":"Point","coordinates":[-46.52059,-23.51592]}},{"type":"Feature","properties":{"id":"600005670","name":"Av. S. Miguel, 531","lines":["208V-10","2552-10"]},"geometry":{"type":"Point","coordinates":[-46.52346,-23.51806]}},{"type":"Feature","properties":{"id":"600005671","name":"Av. S. Miguel, 578","lines":["208V-10","2552-10"]},"geometry":{"type":"Point","coordinates":[-46.52314,-23.51793]}},{"type":"Feature","properties":{"id":"600005672","name":"Av. S. Miguel, 288","lines":["208V-10","2552-10"]},"geometry":{"type":"Point","coordinates":[-46.52464,-23.52011]}},{"type":"Feature","properties":{"id":"600005674","name":"Av. Gov. Carvalho Pinto, 2400","lines":["3301-10"]},"geometry":{"type":"Point","coordinates":[-46.53196,-23.51507]}},{"type":"Feature","properties":{"id":"600005675","name":"Av. Gov. Carvalho Pinto, 2102","lines":["3301-10"]},"geometry":{"type":"Point","coordinates":[-46.52926,-23.51472]}},{"type":"Feature","properties":{"id":"600005676","name":"Av. Gov. Carvalho Pinto, 2382","lines":["3301-10"]},"geometry":{"type":"Point","coordinates":[-46.52616,-23.51428]}},{"type":"Feature","properties":{"id":"600005677","name":"Av. Gov. Carvalho Pinto, 2688","lines":["3301-10"]},"geometry":{"type":"Point","coordinates":[-46.52363,-23.51398]}},{"type":"Feature","properties":{"id":"600005678","name":"Av. Gov. Carvalho Pinto, 2978","lines":["3301-10"]},"geometry":{"type":"Point","coordinates":[-46.52126,-23.51445]}},{"type":"Feature","properties":{"id":"600005708","name":"Av. Gov. Carvalho Pinto, 2753","lines":["3301-10"]},"geometry":{"type":"Point","coordinates":[-46.5231,-23.51294]}},{"type":"Feature","properties":{"id":"600005709","name":"Av. Gov. Carvalho Pinto, 2497","lines":["3301-10"]},"geometry":{"type":"Point","coordinates":[-46.52614,-23.51329]}},{"type":"Feature","properties":{"id":"600005755","name":"R. Dr. Assis Ribeiro, 242","lines":["2582-10"]},"geometry":{"type":"Point","coordinates":[-46.54844,-23.50931]}},{"type":"Feature","properties":{"id":"600012362","name":"Parada 2 - Praça Dona Micaela Vieira","lines":["208V-10","2552-10"]},"geometry":{"type":"Point","coordinates":[-46.54496,-23.52334]}},{"type":"Feature","properties":{"id":"600012363","name":"Av. Amador Bueno Da Veiga, 236","lines":["208V-10","2552-10"]},"geometry":{"type":"Point","coordinates":[-46.54237,-23.52298]}},{"type":"Feature","properties":{"id":"600012364","name":"Av. Amador Bueno Da Veiga, 455","lines":["208V-10","2552-10"]},"geometry":{"type":"Point","coordinates":[-46.54036,-23.52227]}},{"type":"Feature","properties":{"id":"600012365","name":"Av. Amador Bueno Da Veiga, 666","lines":["208V-10","2552-10"]},"geometry":{"type":"Point","coordinates":[-46.53837,-23.52228]}},{"type":"Feature","properties":{"id":"600012366","name":"Av. Amador Bueno Da Veiga, 785","lines":["208V-10","2552-10"]},"geometry":{"type":"Point","coordinates":[-46.53728,-23.52236]}},{"type":"Feature","properties":{"id":"600012375","name":"R. Pe. João, 207","lines":["208V-10","2552-10"]},"geometry":{"type":"Point","coordinates":[-46.54541,-23.522]}},{"type":"Feature","properties":{"id":"600012376","name":"Parada Exclusiva","lines":["1178-10","1178-31"]},"geometry":{"type":"Point","coordinates":[-46.54661,-23.51919]}},{"type":"Feature","properties":{"id":"600012380","name":"Av. Gabriela Mistral, 207","lines":["2582-10","3301-10"]},"geometry":{"type":"Point","coordinates":[-46.54814,-23.51868]}},{"type":"Feature","properties":{"id":"600012384","name":"Av. Gabriela Mistral, 419","lines":["2582-10","3301-10"]},"geometry":{"type":"Point","coordinates":[-46.54956,-23.51751]}},{"type":"Feature","properties":{"id":"600012385","name":"Av. Gabriela Mistral, 520","lines":["2582-10","3301-10"]},"geometry":{"type":"Point","coordinates":[-46.54976,-23.51648]}},{"type":"Feature","properties":{"id":"600012386","name":"Av. Gov. Carvalho Pinto, 228","lines":["3301-10"]},"geometry":{"type":"Point","coordinates":[-46.5469,-23.51468]}},{"type":"Feature","properties":{"id":"600012389","name":"Av. Cangaiba, 240","lines":["1178-10","1178-31"]},"geometry":{"type":"Point","coordinates":[-46.54609,-23.51778]}},{"type":"Feature","properties":{"id":"600012390","name":"R. Carlos Meira, 347","lines":["2582-10","3301-10"]},"geometry":{"type":"Point","coordinates":[-46.54935,-23.51927]}},{"type":"Feature","properties":{"id":"600012391","name":"R. Carlos Meira, 72","lines":["208V-10","2552-10"]},"geometry":{"type":"Point","coordinates":[-46.54723,-23.52089]}},{"type":"Feature","properties":{"id":"600012392","name":"R. Pe. Benedito De Camargo, 722","lines":["1178-10","1178-31"]},"geometry":{"type":"Point","coordinates":[-46.5485,-23.52154]}},{"type":"Feature","properties":{"id":"600012394","name":"R. Pe. Benedito De Camargo, 364","lines":["1178-10","1178-31"]},"geometry":{"type":"Point","coordinates":[-46.55081,-23.52396]}},{"type":"Feature","properties":{"id":"600012395","name":"R. Rodovalho Júnior, 181","lines":["1178-10","1178-31"]},"geometry":{"type":"Point","coordinates":[-46.552,-23.52361]}},{"type":"Feature","properties":{"id":"600012396","name":"R. Rodovalho Júnior, 637","lines":["1178-10","1178-31"]},"geometry":{"type":"Point","coordinates":[-46.549,-23.52053]}},{"type":"Feature","properties":{"id":"600012458","name":"R. Ver. Cid Galvão Da Silva, 170","lines":["1178-10","1178-31"]},"geometry":{"type":"Point","coordinates":[-46.55388,-23.52682]}},{"type":"Feature","properties":{"id":"600012459","name":"R. Ver. Cid Galvão Da Silva, 165","lines":["1178-10","1178-31"]},"geometry":{"type":"Point","coordinates":[-46.55402,-23.52668]}},{"type":"Feature","properties":{"id":"600012520","name":"Av. Penha De França, 672","lines":["2582-10","3301-10"]},"geometry":{"type":"Point","coordinates":[-46.54662,-23.52091]}},{"type":"Feature","properties":{"id":"600012521","name":"Parada 2 - Praça Oito De Setembro","lines":["208V-10","2552-10","2582-10","3301-10"]},"geometry":{"type":"Point","coordinates":[-46.54832,-23.52407]}},{"type":"Feature","properties":{"id":"600012525","name":"Parada 1/2/3 - Comendador Cantinho","lines":["208V-10","2552-10","2582-10","3301-10"]},"geometry":{"type":"Point","coordinates":[-46.55146,-23.52576]}},{"type":"Feature","properties":{"id":"600012527","name":"Parada 2 - Coronel Rodovalho","lines":["208V-10","2552-10","2582-10","3301-10"]},"geometry":{"type":"Point","coordinates":[-46.55178,-23.52717]}},{"type":"Feature","properties":{"id":"600012566","name":"Av. Airton Pretini, 314","lines":["1178-10","1178-31"]},"geometry":{"type":"Point","coordinates":[-46.55545,-23.52668]}},{"type":"Feature","properties":{"id":"600012613","name":"Parada 2 - Coronel Rodovalho","lines":["208V-10","2552-10","2582-10","3301-10"]},"geometry":{"type":"Point","coordinates":[-46.55259,-23.52869]}},{"type":"Feature","properties":{"id":"600012684","name":"Av. Gov. Carvalho Pinto, 772","lines":["3301-10"]},"geometry":{"type":"Point","coordinates":[-46.54111,-23.51433]}},{"type":"Feature","properties":{"id":"600012685","name":"Av. Gov. Carvalho Pinto, 1018","lines":["3301-10"]},"geometry":{"type":"Point","coordinates":[-46.53852,-23.51465]}},{"type":"Feature","properties":{"id":"600012686","name":"Av. Gov. Carvalho Pinto, 1370","lines":["3301-10"]},"geometry":{"type":"Point","coordinates":[-46.53629,-23.51513]}},{"type":"Feature","properties":{"id":"600012691","name":"Av. Gov. Carvalho Pinto, 400","lines":["3301-10"]},"geometry":{"type":"Point","coordinates":[-46.54784,-23.51424]}},{"type":"Feature","properties":{"id":"610014603","name":"Sesc Pompeia B/C","lines":["129F-10","8622-10"]},"geometry":{"type":"Point","coordinates":[-46.68341,-23.52517]}},{"type":"Feature","properties":{"id":"610016759","name":"Av. Sumaré, 450","lines":["209P-1","209P-10"]},"geometry":{"type":"Point","coordinates":[-46.67531,-23.53309]}},{"type":"Feature","properties":{"id":"610016760","name":"Av. Sumaré, 740","lines":["209P-1","209P-10"]},"geometry":{"type":"Point","coordinates":[-46.67427,-23.53544]}},{"type":"Feature","properties":{"id":"610016761","name":"Av. Sumaré, 887","lines":["209P-1","209P-10"]},"geometry":{"type":"Point","coordinates":[-46.6745,-23.53742]}},{"type":"Feature","properties":{"id":"610016762","name":"Av. Sumaré, 1278","lines":["209P-1","209P-10"]},"geometry":{"type":"Point","coordinates":[-46.67582,-23.54036]}},{"type":"Feature","properties":{"id":"610016763","name":"Av. Sumaré, 1530","lines":["209P-1","209P-10"]},"geometry":{"type":"Point","coordinates":[-46.6766,-23.54262]}},{"type":"Feature","properties":{"id":"610016766","name":"Av. Paulo Vi, 2140","lines":["209P-1","209P-10"]},"geometry":{"type":"Point","coordinates":[-46.67676,-23.5478]}},{"type":"Feature","properties":{"id":"610016767","name":"Av. Sumaré, 1529","lines":["209P-1","209P-10"]},"geometry":{"type":"Point","coordinates":[-46.67621,-23.54238]}},{"type":"Feature","properties":{"id":"610016768","name":"Av. Sumaré","lines":["209P-1","209P-10"]},"geometry":{"type":"Point","coordinates":[-46.67431,-23.53821]}},{"type":"Feature","properties":{"id":"610016769","name":"Av. Sumaré, 753","lines":["209P-1","209P-10"]},"geometry":{"type":"Point","coordinates":[-46.67416,-23.5362]}},{"type":"Feature","properties":{"id":"610016770","name":"Av. Sumaré, 415","lines":["209P-1","209P-10"]},"geometry":{"type":"Point","coordinates":[-46.67507,-23.5329]}},{"type":"Feature","properties":{"id":"630012848","name":"Viad. Paulo Vi","lines":["209P-1","209P-10"]},"geometry":{"type":"Point","coordinates":[-46.68174,-23.55573]}},{"type":"Feature","properties":{"id":"630012849","name":"Viad. Paulo Vi","lines":["209P-1","209P-10"]},"geometry":{"type":"Point","coordinates":[-46.68198,-23.55556]}},{"type":"Feature","properties":{"id":"630012850","name":"Av. Paulo Vi","lines":["209P-1","209P-10"]},"geometry":{"type":"Point","coordinates":[-46.67895,-23.5527]}},{"type":"Feature","properties":{"id":"630012852","name":"R. Card. Arcoverde, 1332","lines":["209P-1","209P-10"]},"geometry":{"type":"Point","coordinates":[-46.68475,-23.55942]}},{"type":"Feature","properties":{"id":"630012853","name":"R. Card. Arcoverde, 1674","lines":["209P-1","209P-10"]},"geometry":{"type":"Point","coordinates":[-46.68753,-23.5611]}},{"type":"Feature","properties":{"id":"630012858","name":"Parada 2 - Cunha Gago","lines":["209P-1","209P-10"]},"geometry":{"type":"Point","coordinates":[-46.6917,-23.56607]}},{"type":"Feature","properties":{"id":"630012859","name":"Parada 2 - Simão Álvares","lines":["209P-1","209P-10"]},"geometry":{"type":"Point","coordinates":[-46.68886,-23.56441]}},{"type":"Feature","properties":{"id":"630012860","name":"R. Teodoro Sampaio, 1881","lines":["209P-1","209P-10"]},"geometry":{"type":"Point","coordinates":[-46.68685,-23.56319]}},{"type":"Feature","properties":{"id":"630012861","name":"R. Teodoro Sampaio, 1633","lines":["209P-1","209P-10"]},"geometry":{"type":"Point","coordinates":[-46.68476,-23.56198]}},{"type":"Feature","properties":{"id":"630012862","name":"R. Teodoro Sampaio, 1459","lines":["209P-1","209P-10"]},"geometry":{"type":"Point","coordinates":[-46.68337,-23.56114]}},{"type":"Feature","properties":{"id":"630012925","name":"Parada Carlos Reis","lines":["809P-10"]},"geometry":{"type":"Point","coordinates":[-46.69773,-23.5701]}},{"type":"Feature","properties":{"id":"630014684","name":"R. Henrique Schaumann","lines":["209P-1","209P-10"]},"geometry":{"type":"Point","coordinates":[-46.68191,-23.55806]}},{"type":"Feature","properties":{"id":"630014802","name":"Eusébio Matoso","lines":["477A-10","637A-10","648P-10","809P-10"]},"geometry":{"type":"Point","coordinates":[-46.69165,-23.56994]}},{"type":"Feature","properties":{"id":"630014825","name":"Bartolomeu Zunega","lines":["209P-1","209P-10"]},"geometry":{"type":"Point","coordinates":[-46.69308,-23.56448]}},{"type":"Feature","properties":{"id":"630015008","name":"Brasil B/C","lines":["715M-10","857P-10","857R-10","8700-1","8700-10"]},"geometry":{"type":"Point","coordinates":[-46.6786,-23.56464]}},{"type":"Feature","properties":{"id":"630015009","name":"Cap. Antonio Rosa B/C","lines":["715M-10","857P-10","857R-10","8700-1","8700-10"]},"geometry":{"type":"Point","coordinates":[-46.68476,-23.56791]}},{"type":"Feature","properties":{"id":"630015010","name":"Cap. Antonio Rosa C/B","lines":["715M-10","857P-10","857R-10","8700-1","8700-10"]},"geometry":{"type":"Point","coordinates":[-46.68437,-23.56762]}},{"type":"Feature","properties":{"id":"630015011","name":"Parada 2 - Faria Lima C/B","lines":["715M-10","857P-10","857R-10"]},"geometry":{"type":"Point","coordinates":[-46.6905,-23.5709]}},{"type":"Feature","properties":{"id":"630015015","name":"Parada Eldorado B/C","lines":["715M-10","857P-10","857R-10","8700-1","8700-10"]},"geometry":{"type":"Point","coordinates":[-46.69658,-23.57171]}},{"type":"Feature","properties":{"id":"630015016","name":"Parada 2 - Faria Lima B/C","lines":["715M-10","857P-10","857R-10"]},"geometry":{"type":"Point","coordinates":[-46.69138,-23.57118]}},{"type":"Feature","properties":{"id":"630015017","name":"Parada 1 - Eldorado C/B","lines":["715M-10"]},"geometry":{"type":"Point","coordinates":[-46.69656,-23.57162]}},{"type":"Feature","properties":{"id":"630015018","name":"Irlandino Sandoval","lines":["637G-10"]},"geometry":{"type":"Point","coordinates":[-46.69014,-23.57234]}},{"type":"Feature","properties":{"id":"630015020","name":"Clube Pinheiros","lines":["637G-10"]},"geometry":{"type":"Point","coordinates":[-46.68655,-23.5781]}},{"type":"Feature","properties":{"id":"630015022","name":"Tucumã","lines":["477A-10","637A-10","648P-10"]},"geometry":{"type":"Point","coordinates":[-46.68602,-23.57897]}},{"type":"Feature","properties":{"id":"630015033","name":"Escócia","lines":["477A-10","637A-10","637G-10","648P-10"]},"geometry":{"type":"Point","coordinates":[-46.68548,-23.57924]}},{"type":"Feature","properties":{"id":"630015034","name":"Prudente Correia","lines":["477A-10","637A-10","637G-10","648P-10"]},"geometry":{"type":"Point","coordinates":[-46.68651,-23.5775]}},{"type":"Feature","properties":{"id":"630015035","name":"Benedito Chaves","lines":["477A-10","637A-10","637G-10","648P-10"]},"geometry":{"type":"Point","coordinates":[-46.68917,-23.57329]}},{"type":"Feature","properties":{"id":"630015448","name":"Franz Schubert","lines":["5119-10","609F-10","6200-10","637A-10","6403-10","6451-10"]},"geometry":{"type":"Point","coordinates":[-46.6879,-23.58461]}},{"type":"Feature","properties":{"id":"630015449","name":"Mario Ferraz","lines":["609F-10","6200-10","6403-10","6451-10"]},"geometry":{"type":"Point","coordinates":[-46.6865,-23.58335]}},{"type":"Feature","properties":{"id":"630015450","name":"Cidade Jardim","lines":["609F-10","6200-10","6403-10","6451-10"]},"geometry":{"type":"Point","coordinates":[-46.68609,-23.5829]}},{"type":"Feature","properties":{"id":"640000381","name":"Guerino C/B","lines":["8600-10"]},"geometry":{"type":"Point","coordinates":[-46.72309,-23.48455]}},{"type":"Feature","properties":{"id":"640000382","name":"Guerino B/C","lines":["8600-10"]},"geometry":{"type":"Point","coordinates":[-46.72271,-23.48454]}},{"type":"Feature","properties":{"id":"640000434","name":"Manoel Barbosa C/B","lines":["8600-10"]},"geometry":{"type":"Point","coordinates":[-46.71352,-23.48808]}},{"type":"Feature","properties":{"id":"640000435","name":"Manoel Barbosa B/C","lines":["8600-10"]},"geometry":{"type":"Point","coordinates":[-46.7135,-23.48823]}},{"type":"Feature","properties":{"id":"640000453","name":"Acangapiranga C/B","lines":["8600-10"]},"geometry":{"type":"Point","coordinates":[-46.71567,-23.48565]}},{"type":"Feature","properties":{"id":"640000454","name":"Cabo Adão B/C","lines":["8600-10"]},"geometry":{"type":"Point","coordinates":[-46.71627,-23.48431]}},{"type":"Feature","properties":{"id":"640000455","name":"Teodolindo C/B","lines":["8600-10"]},"geometry":{"type":"Point","coordinates":[-46.71668,-23.48385]}},{"type":"Feature","properties":{"id":"640000456","name":"Praça Yara C/B","lines":["8600-10"]},"geometry":{"type":"Point","coordinates":[-46.71727,-23.48234]}},{"type":"Feature","properties":{"id":"640000458","name":"Praça Yara B/C","lines":["8600-10"]},"geometry":{"type":"Point","coordinates":[-46.71767,-23.48246]}},{"type":"Feature","properties":{"id":"640000459","name":"Av. Miguel De Castro, 431","lines":["8600-10"]},"geometry":{"type":"Point","coordinates":[-46.71827,-23.4821]}},{"type":"Feature","properties":{"id":"640000487","name":"Miguel De Castro","lines":["8600-10"]},"geometry":{"type":"Point","coordinates":[-46.72085,-23.48253]}},{"type":"Feature","properties":{"id":"640000488","name":"Zanini C/B","lines":["8600-10"]},"geometry":{"type":"Point","coordinates":[-46.7209,-23.48247]}},{"type":"Feature","properties":{"id":"640000504","name":"R. Adele Zarzur, 374","lines":["189L-10"]},"geometry":{"type":"Point","coordinates":[-46.71073,-23.4847]}},{"type":"Feature","properties":{"id":"640000513","name":"Terminal Pirituba","lines":["8600-10"]},"geometry":{"type":"Point","coordinates":[-46.72645,-23.48671]}},{"type":"Feature","properties":{"id":"640000514","name":"Terminal Pirituba","lines":["8600-10"]},"geometry":{"type":"Point","coordinates":[-46.72632,-23.48657]}},{"type":"Feature","properties":{"id":"640001391","name":"Paula Ferreira C/B","lines":["129F-10","189L-10","8600-10"]},"geometry":{"type":"Point","coordinates":[-46.70649,-23.50062]}},{"type":"Feature","properties":{"id":"640001393","name":"Petronio Portela C/B","lines":["189L-10","8600-10"]},"geometry":{"type":"Point","coordinates":[-46.70677,-23.49801]}},{"type":"Feature","properties":{"id":"640001397","name":"Rio Verde C/B","lines":["189L-10","8600-10"]},"geometry":{"type":"Point","coordinates":[-46.71,-23.4908]}},{"type":"Feature","properties":{"id":"640001400","name":"2 - Rio Verde B/C","lines":["189L-10","8600-10"]},"geometry":{"type":"Point","coordinates":[-46.71025,-23.49077]}},{"type":"Feature","properties":{"id":"640001403","name":"Petronio Portela B/C","lines":["189L-10","8600-10"]},"geometry":{"type":"Point","coordinates":[-46.70686,-23.49823]}},{"type":"Feature","properties":{"id":"640001408","name":"Paula Ferreira B/C","lines":["129F-10","189L-10","8600-10"]},"geometry":{"type":"Point","coordinates":[-46.70663,-23.5009]}},{"type":"Feature","properties":{"id":"640001414","name":"Piqueri B/C","lines":["129F-10","189L-10","8600-10"]},"geometry":{"type":"Point","coordinates":[-46.70606,-23.50616]}},{"type":"Feature","properties":{"id":"640001417","name":"Piqueri C/B","lines":["129F-10","189L-10","8600-10"]},"geometry":{"type":"Point","coordinates":[-46.70589,-23.50637]}},{"type":"Feature","properties":{"id":"650004809","name":"Estr. De Mogi Das Cruzes, 2233","lines":["208V-10"]},"geometry":{"type":"Point","coordinates":[-46.4797,-23.5171]}},{"type":"Feature","properties":{"id":"650004810","name":"Estr. De Mogi Das Cruzes, 1971","lines":["208V-10"]},"geometry":{"type":"Point","coordinates":[-46.48195,-23.51708]}},{"type":"Feature","properties":{"id":"650004811","name":"Estr. De Mogi Das Cruzes, 1423","lines":["208V-10"]},"geometry":{"type":"Point","coordinates":[-46.48614,-23.51506]}},{"type":"Feature","properties":{"id":"650004812","name":"Estr. De Mogi Das Cruzes, 1089","lines":["208V-10"]},"geometry":{"type":"Point","coordinates":[-46.48944,-23.51482]}},{"type":"Feature","properties":{"id":"650004813","name":"Estr. De Mogi Das Cruzes, 1088","lines":["208V-10"]},"geometry":{"type":"Point","coordinates":[-46.48924,-23.51505]}},{"type":"Feature","properties":{"id":"650004814","name":"Estr. De Mogi Das Cruzes, 1620","lines":["208V-10"]},"geometry":{"type":"Point","coordinates":[-46.4861,-23.51535]}},{"type":"Feature","properties":{"id":"650004815","name":"Estr. De Mogi Das Cruzes, 2012","lines":["208V-10"]},"geometry":{"type":"Point","coordinates":[-46.48081,-23.51771]}},{"type":"Feature","properties":{"id":"650004816","name":"Estr. De Mogi Das Cruzes, 2454","lines":["208V-10"]},"geometry":{"type":"Point","coordinates":[-46.47683,-23.51679]}},{"type":"Feature","properties":{"id":"650005642","name":"Av. S. Miguel, 3324","lines":["2552-10","3301-10"]},"geometry":{"type":"Point","coordinates":[-46.50019,-23.51138]}},{"type":"Feature","properties":{"id":"650005643","name":"Av. S. Miguel, 3684","lines":["2552-10","3301-10"]},"geometry":{"type":"Point","coordinates":[-46.49726,-23.50994]}},{"type":"Feature","properties":{"id":"650005644","name":"Av. S. Miguel, 4084","lines":["2552-10","3301-10"]},"geometry":{"type":"Point","coordinates":[-46.4946,-23.50869]}},{"type":"Feature","properties":{"id":"650005645","name":"Av. S. Miguel, 4438","lines":["2552-10","3301-10"]},"geometry":{"type":"Point","coordinates":[-46.49054,-23.50765]}},{"type":"Feature","properties":{"id":"650005646","name":"Av. S. Miguel, 4035","lines":["2552-10","3301-10"]},"geometry":{"type":"Point","coordinates":[-46.49428,-23.50836]}},{"type":"Feature","properties":{"id":"650005647","name":"Av. S. Miguel, 3391","lines":["2552-10","3301-10"]},"geometry":{"type":"Point","coordinates":[-46.50016,-23.51088]}},{"type":"Feature","properties":{"id":"650005648","name":"R. Embira, 376","lines":["208V-10"]},"geometry":{"type":"Point","coordinates":[-46.50057,-23.51438]}},{"type":"Feature","properties":{"id":"650005649","name":"R. Embira, 441","lines":["208V-10"]},"geometry":{"type":"Point","coordinates":[-46.50007,-23.51456]}},{"type":"Feature","properties":{"id":"650005650","name":"Estr. De Mogi Das Cruzes, 158","lines":["208V-10"]},"geometry":{"type":"Point","coordinates":[-46.49824,-23.51515]}},{"type":"Feature","properties":{"id":"650005651","name":"Estr. De Mogi Das Cruzes, 25","lines":["208V-10"]},"geometry":{"type":"Point","coordinates":[-46.49865,-23.51502]}},{"type":"Feature","properties":{"id":"650005652","name":"Estr. De Mogi Das Cruzes, 328","lines":["208V-10"]},"geometry":{"type":"Point","coordinates":[-46.49616,-23.51444]}},{"type":"Feature","properties":{"id":"650005653","name":"Estr. De Mogi Das Cruzes, 437","lines":["208V-10"]},"geometry":{"type":"Point","coordinates":[-46.49552,-23.51403]}},{"type":"Feature","properties":{"id":"650005654","name":"Estr. De Mogi Das Cruzes, 800","lines":["208V-10"]},"geometry":{"type":"Point","coordinates":[-46.49237,-23.51458]}},{"type":"Feature","properties":{"id":"650005655","name":"Estr. De Mogi Das Cruzes, 817","lines":["208V-10"]},"geometry":{"type":"Point","coordinates":[-46.49174,-23.5145]}},{"type":"Feature","properties":{"id":"650005656","name":"Av. S. Miguel, 2963","lines":["208V-10","2552-10","3301-10"]},"geometry":{"type":"Point","coordinates":[-46.50271,-23.51089]}},{"type":"Feature","properties":{"id":"650005657","name":"Av. S. Miguel, 2952","lines":["208V-10","2552-10","3301-10"]},"geometry":{"type":"Point","coordinates":[-46.50267,-23.51123]}},{"type":"Feature","properties":{"id":"650005658","name":"Av. S. Miguel, 2673","lines":["208V-10","2552-10","3301-10"]},"geometry":{"type":"Point","coordinates":[-46.50533,-23.51027]}},{"type":"Feature","properties":{"id":"650005659","name":"Av. S. Miguel, 2650","lines":["208V-10","2552-10","3301-10"]},"geometry":{"type":"Point","coordinates":[-46.50551,-23.51036]}},{"type":"Feature","properties":{"id":"650005660","name":"Av. S. Miguel, 2259","lines":["208V-10","2552-10","3301-10"]},"geometry":{"type":"Point","coordinates":[-46.50921,-23.51097]}},{"type":"Feature","properties":{"id":"650005661","name":"Av. S. Miguel, 2238","lines":["208V-10","2552-10","3301-10"]},"geometry":{"type":"Point","coordinates":[-46.50931,-23.5112]}},{"type":"Feature","properties":{"id":"650005662","name":"Av. S. Miguel, 1985","lines":["208V-10","2552-10","3301-10"]},"geometry":{"type":"Point","coordinates":[-46.51225,-23.51199]}},{"type":"Feature","properties":{"id":"650005663","name":"Av. S. Miguel, 1858","lines":["208V-10","2552-10","3301-10"]},"geometry":{"type":"Point","coordinates":[-46.51235,-23.51221]}},{"type":"Feature","properties":{"id":"650005664","name":"Av. S. Miguel, 1685","lines":["208V-10","2552-10","3301-10"]},"geometry":{"type":"Point","coordinates":[-46.51458,-23.51233]}},{"type":"Feature","properties":{"id":"650005665","name":"Av. S. Miguel, 1498","lines":["208V-10","2552-10","3301-10"]},"geometry":{"type":"Point","coordinates":[-46.5163,-23.51309]}},{"type":"Feature","properties":{"id":"650005666","name":"Av. S. Miguel, 1399","lines":["208V-10","2552-10","3301-10"]},"geometry":{"type":"Point","coordinates":[-46.51712,-23.51325]}},{"type":"Feature","properties":{"id":"650005667","name":"Av. S. Miguel, 1282","lines":["208V-10","2552-10","3301-10"]},"geometry":{"type":"Point","coordinates":[-46.5181,-23.51394]}},{"type":"Feature","properties":{"id":"650012080","name":"Av. S. Miguel, 5518","lines":["2552-10","3301-10"]},"geometry":{"type":"Point","coordinates":[-46.48002,-23.50759]}},{"type":"Feature","properties":{"id":"650012081","name":"Av. S. Miguel, 5260","lines":["2552-10","3301-10"]},"geometry":{"type":"Point","coordinates":[-46.48257,-23.50734]}},{"type":"Feature","properties":{"id":"650012082","name":"Av. S. Miguel, 4808","lines":["2552-10","3301-10"]},"geometry":{"type":"Point","coordinates":[-46.48688,-23.5074]}},{"type":"Feature","properties":{"id":"650012084","name":"Av. S. Miguel, 5263","lines":["2552-10","3301-10"]},"geometry":{"type":"Point","coordinates":[-46.48255,-23.50713]}},{"type":"Feature","properties":{"id":"650012085","name":"Av. S. Miguel, 5675","lines":["2552-10","3301-10"]},"geometry":{"type":"Point","coordinates":[-46.47872,-23.5071]}},{"type":"Feature","properties":{"id":"670008383","name":"Rio Branco","lines":["609F-10","7550-10"]},"geometry":{"type":"Point","coordinates":[-46.63831,-23.54072]}},{"type":"Feature","properties":{"id":"670008776","name":"São João","lines":["609F-10","7550-10"]},"geometry":{"type":"Point","coordinates":[-46.63981,-23.54178]}},{"type":"Feature","properties":{"id":"670009789","name":"Timbiras","lines":["7550-10"]},"geometry":{"type":"Point","coordinates":[-46.64153,-23.54275]}},{"type":"Feature","properties":{"id":"670009821","name":"Av. S. João, 588","lines":["8622-10"]},"geometry":{"type":"Point","coordinates":[-46.63965,-23.54263]}},{"type":"Feature","properties":{"id":"670010078","name":"Vieira De Carvalho","lines":["7550-10"]},"geometry":{"type":"Point","coordinates":[-46.64345,-23.54287]}},{"type":"Feature","properties":{"id":"670010133","name":"Parada Araujo","lines":["8622-10"]},"geometry":{"type":"Point","coordinates":[-46.64378,-23.54458]}},{"type":"Feature","properties":{"id":"670010530","name":"Vitoria B/C","lines":["8622-10"]},"geometry":{"type":"Point","coordinates":[-46.64362,-23.54054]}},{"type":"Feature","properties":{"id":"670012734","name":"Pça. Júlio Mesquita","lines":["8622-10"]},"geometry":{"type":"Point","coordinates":[-46.64299,-23.5408]}},{"type":"Feature","properties":{"id":"670012737","name":"Parada Aurora","lines":["7550-10"]},"geometry":{"type":"Point","coordinates":[-46.6433,-23.54248]}},{"type":"Feature","properties":{"id":"670012738","name":"Rego Freitas C/B","lines":["7550-10"]},"geometry":{"type":"Point","coordinates":[-46.64638,-23.54221]}},{"type":"Feature","properties":{"id":"670012748","name":"Lgo. Do Paissandu, 407","lines":["9501-10"]},"geometry":{"type":"Point","coordinates":[-46.63863,-23.5432]}},{"type":"Feature","properties":{"id":"670012779","name":"Lgo. Do Paissandu, 62","lines":["8600-10"]},"geometry":{"type":"Point","coordinates":[-46.6379,-23.54341]}},{"type":"Feature","properties":{"id":"670012964","name":"R. Do Seminário, 187","lines":["5141-10"]},"geometry":{"type":"Point","coordinates":[-46.63653,-23.5424]}},{"type":"Feature","properties":{"id":"670012983","name":"R. Riskallah Jorge, 80","lines":["1178-31"]},"geometry":{"type":"Point","coordinates":[-46.63508,-23.54194]}},{"type":"Feature","properties":{"id":"670012986","name":"Av. Sen. Queiros, 160","lines":["5141-10","609F-10","7550-10"]},"geometry":{"type":"Point","coordinates":[-46.6348,-23.53924]}},{"type":"Feature","properties":{"id":"670012996","name":"Av. Câsper Líbero, 45","lines":["5141-10"]},"geometry":{"type":"Point","coordinates":[-46.63668,-23.54119]}},{"type":"Feature","properties":{"id":"670012997","name":"R. Cap. Salomão, 27","lines":["609F-10"]},"geometry":{"type":"Point","coordinates":[-46.63665,-23.54302]}},{"type":"Feature","properties":{"id":"670013057","name":"Ipiranga - C/B","lines":["8600-10","9501-10"]},"geometry":{"type":"Point","coordinates":[-46.64031,-23.53932]}},{"type":"Feature","properties":{"id":"670013137","name":"Ipiranga - B/C","lines":["609F-10","8600-10","9501-10"]},"geometry":{"type":"Point","coordinates":[-46.64025,-23.53953]}},{"type":"Feature","properties":{"id":"670013715","name":"Duque De Caxias - C/B","lines":["8600-10","9501-10"]},"geometry":{"type":"Point","coordinates":[-46.64197,-23.53704]}},{"type":"Feature","properties":{"id":"670013739","name":"Duque De Caxias - B/C","lines":["609F-10","8600-10","9501-10"]},"geometry":{"type":"Point","coordinates":[-46.64196,-23.53725]}},{"type":"Feature","properties":{"id":"670013979","name":"Al. Br. De Limeira, 266","lines":["609F-10"]},"geometry":{"type":"Point","coordinates":[-46.64441,-23.53842]}},{"type":"Feature","properties":{"id":"670014118","name":"R. Mauá, 66","lines":["5144-10"]},"geometry":{"type":"Point","coordinates":[-46.63869,-23.53515]}},{"type":"Feature","properties":{"id":"670015690","name":"Av. Ipiranga, 102","lines":["8700-1","8700-10"]},"geometry":{"type":"Point","coordinates":[-46.64568,-23.54687]}},{"type":"Feature","properties":{"id":"670016340","name":"Lgo. Do Arouche, 57","lines":["7550-10"]},"geometry":{"type":"Point","coordinates":[-46.64481,-23.54149]}},{"type":"Feature","properties":{"id":"670016420","name":"R. Da Consolação, 50","lines":["8622-10"]},"geometry":{"type":"Point","coordinates":[-46.6417,-23.54781]}},{"type":"Feature","properties":{"id":"670016423","name":"R. Cel. Xavier De Toledo, 210","lines":["8700-1","8700-10"]},"geometry":{"type":"Point","coordinates":[-46.64,-23.54753]}},{"type":"Feature","properties":{"id":"670016451","name":"Av. Vinte E Três De Maio","lines":["175T-10","5300-10","5318-10","5370-10","5391-10","5630-10","6455-10"]},"geometry":{"type":"Point","coordinates":[-46.6369,-23.55222]}},{"type":"Feature","properties":{"id":"670016555","name":"Parada 1","lines":["609F-10","6403-10"]},"geometry":{"type":"Point","coordinates":[-46.63968,-23.54879]}},{"type":"Feature","properties":{"id":"670016556","name":"Parada Museu Judaico De Sp - C/B","lines":["609F-10","6200-10","6403-10","6451-10","6505-10","6913-10"]},"geometry":{"type":"Point","coordinates":[-46.64597,-23.5512]}},{"type":"Feature","properties":{"id":"670016557","name":"Parada Museu Judaico De Sp - B/C","lines":["609F-10","6200-10","6403-10","6451-10","6505-10","6913-10"]},"geometry":{"type":"Point","coordinates":[-46.64583,-23.55124]}},{"type":"Feature","properties":{"id":"670016566","name":"Av. Brig. Luís Antônio, 562","lines":["475R-10","5111-10","5119-10","5178-10"]},"geometry":{"type":"Point","coordinates":[-46.63926,-23.55519]}},{"type":"Feature","properties":{"id":"670016567","name":"Av. Brig. Luís Antônio, 355","lines":["475R-10","5111-10","5119-10","5178-10","7550-10"]},"geometry":{"type":"Point","coordinates":[-46.63823,-23.55349]}},{"type":"Feature","properties":{"id":"670016568","name":"Maria Paula","lines":["475R-10","5111-10","5119-10","5178-10"]},"geometry":{"type":"Point","coordinates":[-46.63859,-23.55402]}},{"type":"Feature","properties":{"id":"670016596","name":"Brigadeiro","lines":["5391-10"]},"geometry":{"type":"Point","coordinates":[-46.63733,-23.55164]}},{"type":"Feature","properties":{"id":"670016648","name":"Terminal Bandeira","lines":["6200-10","6451-10","6505-10","6913-10"]},"geometry":{"type":"Point","coordinates":[-46.63975,-23.54909]}},{"type":"Feature","properties":{"id":"670016650","name":"Terminal Bandeira","lines":["6913-10"]},"geometry":{"type":"Point","coordinates":[-46.64011,-23.54925]}},{"type":"Feature","properties":{"id":"670016654","name":"Terminal Bandeira","lines":["6200-10"]},"geometry":{"type":"Point","coordinates":[-46.64002,-23.54933]}},{"type":"Feature","properties":{"id":"670016662","name":"Terminal Bandeira","lines":["6451-10"]},"geometry":{"type":"Point","coordinates":[-46.63987,-23.54953]}},{"type":"Feature","properties":{"id":"670016669","name":"R. Sto. Amaro, 342","lines":["7550-10"]},"geometry":{"type":"Point","coordinates":[-46.64072,-23.55266]}},{"type":"Feature","properties":{"id":"670016670","name":"R. Sto. Amaro, 608","lines":["7550-10"]},"geometry":{"type":"Point","coordinates":[-46.64028,-23.55507]}},{"type":"Feature","properties":{"id":"670016688","name":"Viad. Nove De Julho, 175","lines":["7550-10"]},"geometry":{"type":"Point","coordinates":[-46.64254,-23.54896]}},{"type":"Feature","properties":{"id":"670016862","name":"Av. S. Luís, 192","lines":["7550-10"]},"geometry":{"type":"Point","coordinates":[-46.64291,-23.54696]}},{"type":"Feature","properties":{"id":"670016882","name":"São Luis","lines":["8700-1","8700-10"]},"geometry":{"type":"Point","coordinates":[-46.64421,-23.54756]}},{"type":"Feature","properties":{"id":"670017108","name":"Lgo. Do Arouche","lines":["7550-10"]},"geometry":{"type":"Point","coordinates":[-46.64688,-23.54177]}},{"type":"Feature","properties":{"id":"680017144","name":"Av. Eng. Heitor Antônio Eiras Garcia, 70","lines":["715M-10"]},"geometry":{"type":"Point","coordinates":[-46.73625,-23.57396]}},{"type":"Feature","properties":{"id":"680017145","name":"Av. Eng. Heitor Antônio Eiras Garcia, 21","lines":["715M-10"]},"geometry":{"type":"Point","coordinates":[-46.73622,-23.57404]}},{"type":"Feature","properties":{"id":"680017146","name":"Av. Eng. Heitor Antônio Eiras Garcia, 209","lines":["715M-10"]},"geometry":{"type":"Point","coordinates":[-46.73817,-23.57385]}},{"type":"Feature","properties":{"id":"680017147","name":"Av. Eng. Heitor Antônio Eiras Garcia, 228","lines":["715M-10"]},"geometry":{"type":"Point","coordinates":[-46.73852,-23.57392]}},{"type":"Feature","properties":{"id":"680017148","name":"Av. Eng. Heitor Antônio Eiras Garcia, 434","lines":["715M-10"]},"geometry":{"type":"Point","coordinates":[-46.74009,-23.57524]}},{"type":"Feature","properties":{"id":"680017150","name":"Av. Eng. Heitor Antônio Eiras Garcia, 730","lines":["715M-10"]},"geometry":{"type":"Point","coordinates":[-46.74297,-23.57679]}},{"type":"Feature","properties":{"id":"680017151","name":"Av. Eng. Heitor Antônio Eiras Garcia, 941","lines":["715M-10"]},"geometry":{"type":"Point","coordinates":[-46.74373,-23.57791]}},{"type":"Feature","properties":{"id":"680017152","name":"Av. Eng. Heitor Antônio Eiras Garcia, 944","lines":["715M-10"]},"geometry":{"type":"Point","coordinates":[-46.74479,-23.578]}},{"type":"Feature","properties":{"id":"680017153","name":"Av. Eng. Heitor Antônio Eiras Garcia, 935","lines":["715M-10"]},"geometry":{"type":"Point","coordinates":[-46.74506,-23.57857]}},{"type":"Feature","properties":{"id":"680017154","name":"Av. Eng. Heitor Antônio Eiras Garcia, 1168","lines":["715M-10"]},"geometry":{"type":"Point","coordinates":[-46.74649,-23.57867]}},{"type":"Feature","properties":{"id":"680017155","name":"Av. Eng. Heitor Antônio Eiras Garcia, 1259","lines":["715M-10"]},"geometry":{"type":"Point","coordinates":[-46.74742,-23.57831]}},{"type":"Feature","properties":{"id":"680017156","name":"Av. Eng. Heitor Antônio Eiras Garcia, 1421","lines":["715M-10"]},"geometry":{"type":"Point","coordinates":[-46.74901,-23.57835]}},{"type":"Feature","properties":{"id":"680017157","name":"Av. Eng. Heitor Antônio Eiras Garcia, 1498","lines":["715M-10"]},"geometry":{"type":"Point","coordinates":[-46.74961,-23.57889]}},{"type":"Feature","properties":{"id":"680017159","name":"Av. Eng. Heitor Antônio Eiras Garcia, 1727","lines":["715M-10"]},"geometry":{"type":"Point","coordinates":[-46.74985,-23.58046]}},{"type":"Feature","properties":{"id":"680017160","name":"Av. Eng. Heitor Antônio Eiras Garcia, 1877","lines":["715M-10"]},"geometry":{"type":"Point","coordinates":[-46.74954,-23.58246]}},{"type":"Feature","properties":{"id":"680017161","name":"Av. Eng. Heitor Antônio Eiras Garcia, 1928","lines":["715M-10"]},"geometry":{"type":"Point","coordinates":[-46.74978,-23.58274]}},{"type":"Feature","properties":{"id":"680017162","name":"Av. Eng. Heitor Antônio Eiras Garcia, 2166","lines":["715M-10"]},"geometry":{"type":"Point","coordinates":[-46.75156,-23.58368]}},{"type":"Feature","properties":{"id":"680017163","name":"Av. Eng. Heitor Antônio Eiras Garcia, 2269","lines":["715M-10"]},"geometry":{"type":"Point","coordinates":[-46.75167,-23.58404]}},{"type":"Feature","properties":{"id":"680017166","name":"Av. Eng. Heitor Antônio Eiras Garcia, 2467","lines":["715M-10"]},"geometry":{"type":"Point","coordinates":[-46.75407,-23.58448]}},{"type":"Feature","properties":{"id":"680017167","name":"Av. Eng. Heitor Antônio Eiras Garcia, 2550","lines":["715M-10"]},"geometry":{"type":"Point","coordinates":[-46.75484,-23.58458]}},{"type":"Feature","properties":{"id":"680017168","name":"R. Pe. Alarico Zacarias, 48","lines":["715M-10"]},"geometry":{"type":"Point","coordinates":[-46.7557,-23.58534]}},{"type":"Feature","properties":{"id":"680017169","name":"R. Pe. Alarico Zacarias, 31","lines":["715M-10"]},"geometry":{"type":"Point","coordinates":[-46.75596,-23.58512]}},{"type":"Feature","properties":{"id":"690006825","name":"Av. Dos Ourives, 41","lines":["475R-10"]},"geometry":{"type":"Point","coordinates":[-46.61343,-23.65351]}},{"type":"Feature","properties":{"id":"690006826","name":"Av. Dos Ourives, 289","lines":["475R-10"]},"geometry":{"type":"Point","coordinates":[-46.61224,-23.65389]}},{"type":"Feature","properties":{"id":"690006993","name":"Av. Do Cursino, 6330","lines":["475R-10","5108-10"]},"geometry":{"type":"Point","coordinates":[-46.61457,-23.65593]}},{"type":"Feature","properties":{"id":"690006994","name":"Av. Do Cursino, 6325","lines":["475R-10","5108-10"]},"geometry":{"type":"Point","coordinates":[-46.61401,-23.65531]}},{"type":"Feature","properties":{"id":"690006995","name":"Av. Do Cursino, 6033","lines":["5108-10"]},"geometry":{"type":"Point","coordinates":[-46.61419,-23.65291]}},{"type":"Feature","properties":{"id":"690006996","name":"Av. Do Cursino, 5997","lines":["5108-10"]},"geometry":{"type":"Point","coordinates":[-46.61419,-23.65261]}},{"type":"Feature","properties":{"id":"690006997","name":"Av. Do Cursino, 5799","lines":["5108-10"]},"geometry":{"type":"Point","coordinates":[-46.61414,-23.65079]}},{"type":"Feature","properties":{"id":"690006998","name":"Av. Do Cursino, 5799","lines":["5108-10"]},"geometry":{"type":"Point","coordinates":[-46.6142,-23.65067]}},{"type":"Feature","properties":{"id":"690006999","name":"Av. Do Cursino, 5621","lines":["5108-10"]},"geometry":{"type":"Point","coordinates":[-46.61363,-23.64929]}},{"type":"Feature","properties":{"id":"690007000","name":"Av. Do Cursino, 5398","lines":["5108-10"]},"geometry":{"type":"Point","coordinates":[-46.61365,-23.6474]}},{"type":"Feature","properties":{"id":"690011001","name":"Av. Do Cursino, 5389","lines":["5108-10"]},"geometry":{"type":"Point","coordinates":[-46.61367,-23.6472]}},{"type":"Feature","properties":{"id":"690011002","name":"Av. Do Cursino, 4918","lines":["5108-10"]},"geometry":{"type":"Point","coordinates":[-46.61289,-23.64423]}},{"type":"Feature","properties":{"id":"690011003","name":"Av. Do Cursino, 4987","lines":["5108-10"]},"geometry":{"type":"Point","coordinates":[-46.61261,-23.64395]}},{"type":"Feature","properties":{"id":"690011005","name":"Av. Do Cursino, 4805","lines":["5108-10"]},"geometry":{"type":"Point","coordinates":[-46.61335,-23.64165]}},{"type":"Feature","properties":{"id":"690011124","name":"Av. Do Cursino, 6667","lines":["475R-10","5108-10"]},"geometry":{"type":"Point","coordinates":[-46.61618,-23.65798]}},{"type":"Feature","properties":{"id":"700006085","name":"Rosa E Silva C/B","lines":["8622-10"]},"geometry":{"type":"Point","coordinates":[-46.65746,-23.53263]}},{"type":"Feature","properties":{"id":"700006086","name":"Rosa E Silva C/B","lines":["8622-10"]},"geometry":{"type":"Point","coordinates":[-46.6574,-23.53285]}},{"type":"Feature","properties":{"id":"700013950","name":"Camisa Verde E Branco - C/B","lines":["8600-10","9501-10"]},"geometry":{"type":"Point","coordinates":[-46.65877,-23.5227]}},{"type":"Feature","properties":{"id":"700013951","name":"Camisa Verde E Branco - B/C","lines":["8600-10","9501-10"]},"geometry":{"type":"Point","coordinates":[-46.65798,-23.52291]}},{"type":"Feature","properties":{"id":"700013970","name":"R. Helvetia","lines":["5144-10"]},"geometry":{"type":"Point","coordinates":[-46.64436,-23.53508]}},{"type":"Feature","properties":{"id":"700013986","name":"Terminal Princesa Isabel","lines":["5144-10"]},"geometry":{"type":"Point","coordinates":[-46.64511,-23.53419]}},{"type":"Feature","properties":{"id":"700013987","name":"Terminal Princesa Isabel","lines":["5144-10"]},"geometry":{"type":"Point","coordinates":[-46.64491,-23.53407]}},{"type":"Feature","properties":{"id":"700013990","name":"Terminal Princesa Isabel","lines":["609F-10"]},"geometry":{"type":"Point","coordinates":[-46.64451,-23.53396]}},{"type":"Feature","properties":{"id":"700016473","name":"Anhanguera - C/B","lines":["8600-10","9501-10"]},"geometry":{"type":"Point","coordinates":[-46.65394,-23.52308]}},{"type":"Feature","properties":{"id":"700016474","name":"Anhanguera - B/C","lines":["8600-10","9501-10"]},"geometry":{"type":"Point","coordinates":[-46.65309,-23.52313]}},{"type":"Feature","properties":{"id":"700016619","name":"Eduardo Prado C/B","lines":["8600-10","9501-10"]},"geometry":{"type":"Point","coordinates":[-46.64719,-23.52992]}},{"type":"Feature","properties":{"id":"700016620","name":"Eduardo Prado - B/C","lines":["8600-10","9501-10"]},"geometry":{"type":"Point","coordinates":[-46.64676,-23.5306]}},{"type":"Feature","properties":{"id":"700016621","name":"Glete - C/B","lines":["8600-10","9501-10"]},"geometry":{"type":"Point","coordinates":[-46.6452,-23.53257]}},{"type":"Feature","properties":{"id":"700016622","name":"Glete - B/C","lines":["5144-10","8600-10","9501-10"]},"geometry":{"type":"Point","coordinates":[-46.64478,-23.53329]}},{"type":"Feature","properties":{"id":"700016623","name":"Ana Cintra B/C","lines":["8622-10"]},"geometry":{"type":"Point","coordinates":[-46.64689,-23.53871]}},{"type":"Feature","properties":{"id":"700016624","name":"Ana Cintra C/B","lines":["8622-10"]},"geometry":{"type":"Point","coordinates":[-46.64733,-23.53836]}},{"type":"Feature","properties":{"id":"700016792","name":"Pacaembu C/B","lines":["8622-10"]},"geometry":{"type":"Point","coordinates":[-46.66086,-23.53186]}},{"type":"Feature","properties":{"id":"700016854","name":"R. Sebastião Pereira, 245","lines":["7550-10"]},"geometry":{"type":"Point","coordinates":[-46.64907,-23.53942]}},{"type":"Feature","properties":{"id":"700016865","name":"Nothmann C/B","lines":["8622-10"]},"geometry":{"type":"Point","coordinates":[-46.65058,-23.5365]}},{"type":"Feature","properties":{"id":"700016866","name":"Nothmann C/B","lines":["8622-10"]},"geometry":{"type":"Point","coordinates":[-46.6512,-23.53632]}},{"type":"Feature","properties":{"id":"710000637","name":"R. Leite De Morais","lines":["175T-10"]},"geometry":{"type":"Point","coordinates":[-46.6237,-23.50315]}},{"type":"Feature","properties":{"id":"710000651","name":"R. Voluntários Da Pátria, 1658","lines":["175T-10"]},"geometry":{"type":"Point","coordinates":[-46.62622,-23.50541]}},{"type":"Feature","properties":{"id":"710000954","name":"Av. Cruzeiro Do Sul, 1741","lines":["175T-10"]},"geometry":{"type":"Point","coordinates":[-46.62536,-23.51601]}},{"type":"Feature","properties":{"id":"710000958","name":"R. Voluntários Da Pátria, 1332","lines":["175T-10"]},"geometry":{"type":"Point","coordinates":[-46.62614,-23.50875]}},{"type":"Feature","properties":{"id":"710000959","name":"R. Voluntários Da Pátria, 1166","lines":["175T-10"]},"geometry":{"type":"Point","coordinates":[-46.62611,-23.51022]}},{"type":"Feature","properties":{"id":"710000966","name":"R. Paineira Do Campo, 45","lines":["175T-10"]},"geometry":{"type":"Point","coordinates":[-46.62686,-23.51317]}},{"type":"Feature","properties":{"id":"710000969","name":"Av. Cruzeiro Do Sul, 2463","lines":["175T-10"]},"geometry":{"type":"Point","coordinates":[-46.62509,-23.50921]}},{"type":"Feature","properties":{"id":"710001888","name":"Av. Morvan Dias De Figueiredo, 0","lines":["1178-10","1178-31"]},"geometry":{"type":"Point","coordinates":[-46.62415,-23.51846]}},{"type":"Feature","properties":{"id":"710017212","name":"Av. Cruzeiro Do Sul, 2195","lines":["175T-10"]},"geometry":{"type":"Point","coordinates":[-46.62519,-23.51199]}},{"type":"Feature","properties":{"id":"710017213","name":"Av. Cruzeiro Do Sul, 1877","lines":["175T-10"]},"geometry":{"type":"Point","coordinates":[-46.6253,-23.51403]}},{"type":"Feature","properties":{"id":"720010421","name":"R. S. Benedito, 259","lines":["5370-10","637G-10","675X-10"]},"geometry":{"type":"Point","coordinates":[-46.70266,-23.65029]}},{"type":"Feature","properties":{"id":"720010424","name":"R. Isabel Schmidt, 305","lines":["5370-10","637G-10","675X-10"]},"geometry":{"type":"Point","coordinates":[-46.70298,-23.65155]}},{"type":"Feature","properties":{"id":"720010425","name":"R. Isabel Schmidt, 368","lines":["5370-10","637G-10","675X-10"]},"geometry":{"type":"Point","coordinates":[-46.70248,-23.65192]}},{"type":"Feature","properties":{"id":"720010431","name":"R. Carlos Gomes, 547","lines":["5370-10","637G-10","675X-10"]},"geometry":{"type":"Point","coordinates":[-46.7017,-23.6527]}},{"type":"Feature","properties":{"id":"720010433","name":"Av. Washington Luiz, 300","lines":["637G-10"]},"geometry":{"type":"Point","coordinates":[-46.70194,-23.65996]}},{"type":"Feature","properties":{"id":"720010438","name":"Parada 2 - Vitor Manzini B/C","lines":["5370-10","637G-10","675X-10","6913-10","6913-21"]},"geometry":{"type":"Point","coordinates":[-46.7066,-23.66227]}},{"type":"Feature","properties":{"id":"720010444","name":"R. Benedito Fernandes, 88","lines":["5391-10","6505-10","675K-10"]},"geometry":{"type":"Point","coordinates":[-46.7066,-23.65912]}},{"type":"Feature","properties":{"id":"720010446","name":"R. João Alfredo, 548","lines":["5370-10","675X-10"]},"geometry":{"type":"Point","coordinates":[-46.70412,-23.65938]}},{"type":"Feature","properties":{"id":"720010448","name":"R. João Alfredo, 380","lines":["5370-10","675X-10"]},"geometry":{"type":"Point","coordinates":[-46.70308,-23.65852]}},{"type":"Feature","properties":{"id":"720010449","name":"R. João Alfredo, 312","lines":["5370-10","637G-10","675X-10"]},"geometry":{"type":"Point","coordinates":[-46.7024,-23.65825]}},{"type":"Feature","properties":{"id":"720010450","name":"R. S. Leônidas, 131","lines":["637G-10"]},"geometry":{"type":"Point","coordinates":[-46.70142,-23.65897]}},{"type":"Feature","properties":{"id":"720010451","name":"R. João Alfredo, 177","lines":["5370-10","637G-10","675X-10"]},"geometry":{"type":"Point","coordinates":[-46.70071,-23.65723]}},{"type":"Feature","properties":{"id":"720010466","name":"Suzana Rodrigues - Plataforma Central","lines":["737A-10"]},"geometry":{"type":"Point","coordinates":[-46.7077,-23.65574]}},{"type":"Feature","properties":{"id":"720010469","name":"Av. Pe. José Maria, 25","lines":["5300-10"]},"geometry":{"type":"Point","coordinates":[-46.70723,-23.65391]}},{"type":"Feature","properties":{"id":"720010532","name":"Terminal Sto. Amaro, 1","lines":["5111-10"]},"geometry":{"type":"Point","coordinates":[-46.71181,-23.65437]}},{"type":"Feature","properties":{"id":"720010534","name":"Terminal Sto. Amaro, 1","lines":["807A-10"]},"geometry":{"type":"Point","coordinates":[-46.7114,-23.65431]}},{"type":"Feature","properties":{"id":"720010535","name":"Terminal Sto. Amaro, 1","lines":["6001-10"]},"geometry":{"type":"Point","coordinates":[-46.71119,-23.65429]}},{"type":"Feature","properties":{"id":"720010542","name":"Terminal Sto. Amaro, 2","lines":["6970-10"]},"geometry":{"type":"Point","coordinates":[-46.71156,-23.65424]}},{"type":"Feature","properties":{"id":"720010545","name":"Terminal Sto. Amaro, 2","lines":["6960-10"]},"geometry":{"type":"Point","coordinates":[-46.71213,-23.65431]}},{"type":"Feature","properties":{"id":"720010547","name":"Terminal Sto. Amaro, 2","lines":["6200-10"]},"geometry":{"type":"Point","coordinates":[-46.71202,-23.65427]}},{"type":"Feature","properties":{"id":"720010548","name":"Terminal Sto. Amaro, 2","lines":["5300-10"]},"geometry":{"type":"Point","coordinates":[-46.71174,-23.65421]}},{"type":"Feature","properties":{"id":"720010549","name":"Terminal Sto. Amaro, 2","lines":["7550-10"]},"geometry":{"type":"Point","coordinates":[-46.71151,-23.65418]}},{"type":"Feature","properties":{"id":"720010607","name":"Terminal Sto. Amaro, 3","lines":["737A-10"]},"geometry":{"type":"Point","coordinates":[-46.71204,-23.65412]}},{"type":"Feature","properties":{"id":"720011662","name":"Parada Da Paz - Sentido Santo Amaro","lines":["5111-10","637G-10","6505-10","6913-10","6913-21","7550-10"]},"geometry":{"type":"Point","coordinates":[-46.69308,-23.63346]}},{"type":"Feature","properties":{"id":"720011664","name":"Parada Da Paz - Sentido João Dias","lines":["5318-10","675I-10"]},"geometry":{"type":"Point","coordinates":[-46.69416,-23.6345]}},{"type":"Feature","properties":{"id":"720011684","name":"Parada 2 - Granja Julieta C/B","lines":["5370-10","637G-10","675X-10"]},"geometry":{"type":"Point","coordinates":[-46.70021,-23.6431]}},{"type":"Feature","properties":{"id":"720011685","name":"Av. Sto. Amaro, 7241","lines":["5318-10","6455-10","675I-10"]},"geometry":{"type":"Point","coordinates":[-46.7006,-23.64329]}},{"type":"Feature","properties":{"id":"720011686","name":"Parada Conde De Itu C/B","lines":["5318-10","6001-10","6048-10","6455-10","675I-10","807A-10"]},"geometry":{"type":"Point","coordinates":[-46.70437,-23.64557]}},{"type":"Feature","properties":{"id":"720011687","name":"Parada Conde De Itu B/C","lines":["6455-10","675I-10"]},"geometry":{"type":"Point","coordinates":[-46.70463,-23.64583]}},{"type":"Feature","properties":{"id":"720011693","name":"Parada Antônio Bandeira C/B","lines":["5318-10","6001-10","6048-10","6455-10","675I-10","807A-10"]},"geometry":{"type":"Point","coordinates":[-46.70918,-23.64609]}},{"type":"Feature","properties":{"id":"720011694","name":"Parada Antônio Bandeira B/C","lines":["6455-10","675I-10"]},"geometry":{"type":"Point","coordinates":[-46.70941,-23.64605]}},{"type":"Feature","properties":{"id":"720011697","name":"Parada Oswaldo De Andrade C/B","lines":["5318-10","6001-10","6048-10","6455-10","675I-10","807A-10"]},"geometry":{"type":"Point","coordinates":[-46.71288,-23.64536]}},{"type":"Feature","properties":{"id":"720011698","name":"Parada Oswaldo De Andrade B/C","lines":["6001-10","6048-10","6455-10","675I-10","807A-10"]},"geometry":{"type":"Point","coordinates":[-46.71328,-23.64534]}},{"type":"Feature","properties":{"id":"720011699","name":"Parada José De Sá C/B","lines":["5318-10","6001-10","6048-10","6455-10","648P-10","675I-10","807A-10"]},"geometry":{"type":"Point","coordinates":[-46.71857,-23.64481]}},{"type":"Feature","properties":{"id":"720011700","name":"Parada José De Sá B/C","lines":["5318-10","6001-10","6048-10","6455-10","648P-10","675I-10","807A-10"]},"geometry":{"type":"Point","coordinates":[-46.71906,-23.64489]}},{"type":"Feature","properties":{"id":"720011701","name":"Parada Centro Africana C/B","lines":["5318-10","6001-10","6048-10","6455-10","648P-10","675I-10","807A-10"]},"geometry":{"type":"Point","coordinates":[-46.72181,-23.64478]}},{"type":"Feature","properties":{"id":"720011702","name":"Parada Centro Africana B/C","lines":["5318-10","6001-10","6048-10","6455-10","648P-10","675I-10","807A-10"]},"geometry":{"type":"Point","coordinates":[-46.72217,-23.64483]}},{"type":"Feature","properties":{"id":"720011705","name":"Parada São José","lines":["5370-10","637G-10","675X-10","6913-10","6913-21"]},"geometry":{"type":"Point","coordinates":[-46.70202,-23.64507]}},{"type":"Feature","properties":{"id":"720011706","name":"Parada Pe. José De Anchieta","lines":["5391-10","6505-10","675K-10","675X-10","7550-10"]},"geometry":{"type":"Point","coordinates":[-46.70433,-23.64832]}},{"type":"Feature","properties":{"id":"720011709","name":"Av. Mário Lopes Leão, 378","lines":["7550-10"]},"geometry":{"type":"Point","coordinates":[-46.70965,-23.65118]}},{"type":"Feature","properties":{"id":"720011710","name":"Av. Mário Lopes Leão, 592","lines":["7550-10"]},"geometry":{"type":"Point","coordinates":[-46.71135,-23.65161]}},{"type":"Feature","properties":{"id":"720011711","name":"Av. Mário Lopes Leão, 768","lines":["7550-10"]},"geometry":{"type":"Point","coordinates":[-46.71356,-23.65143]}},{"type":"Feature","properties":{"id":"720011713","name":"Av. Mário Lopes Leão, 1198","lines":["7550-10"]},"geometry":{"type":"Point","coordinates":[-46.71687,-23.65201]}},{"type":"Feature","properties":{"id":"720011715","name":"R. Adele","lines":["6200-10"]},"geometry":{"type":"Point","coordinates":[-46.71796,-23.6516]}},{"type":"Feature","properties":{"id":"720011726","name":"Av. Mário Lopes Leão, 505","lines":["7550-10"]},"geometry":{"type":"Point","coordinates":[-46.70921,-23.65079]}},{"type":"Feature","properties":{"id":"720011730","name":"R. Cerqueira Cesar, 57","lines":["6048-10"]},"geometry":{"type":"Point","coordinates":[-46.70682,-23.64948]}},{"type":"Feature","properties":{"id":"720011734","name":"R. Cel. Luiz Barroso, 132","lines":["6001-10","6048-10"]},"geometry":{"type":"Point","coordinates":[-46.70605,-23.64873]}},{"type":"Feature","properties":{"id":"720011735","name":"R. Verbo Divino, 713","lines":["5318-10"]},"geometry":{"type":"Point","coordinates":[-46.7028,-23.63457]}},{"type":"Feature","properties":{"id":"720011736","name":"R. Verbo Divino, 371","lines":["5318-10"]},"geometry":{"type":"Point","coordinates":[-46.70033,-23.63642]}},{"type":"Feature","properties":{"id":"720011737","name":"R. Verbo Divino, 61","lines":["5318-10"]},"geometry":{"type":"Point","coordinates":[-46.69757,-23.63805]}},{"type":"Feature","properties":{"id":"720011738","name":"Av. Adolfo Pinheiro, 1500","lines":["5111-10","637G-10","6505-10","675I-10","6913-10","6913-21","7550-10"]},"geometry":{"type":"Point","coordinates":[-46.69736,-23.64045]}},{"type":"Feature","properties":{"id":"720011899","name":"R. Br. Do Rio Branco, 255","lines":["5391-10","6505-10","675K-10","6913-10","6913-21"]},"geometry":{"type":"Point","coordinates":[-46.70851,-23.65315]}},{"type":"Feature","properties":{"id":"720011912","name":"Av. Pe. José Maria, 1145","lines":["6200-10"]},"geometry":{"type":"Point","coordinates":[-46.71741,-23.65507]}},{"type":"Feature","properties":{"id":"720011913","name":"Av. Pe. José Maria, 1145","lines":["6960-10","6970-10"]},"geometry":{"type":"Point","coordinates":[-46.71779,-23.65539]}},{"type":"Feature","properties":{"id":"720011914","name":"R. Eng. Francisco Pita Brito, 231","lines":["6200-10","7550-10"]},"geometry":{"type":"Point","coordinates":[-46.71672,-23.65465]}},{"type":"Feature","properties":{"id":"720011915","name":"R. Eng. Francisco Pita Brito, 138","lines":["6001-10"]},"geometry":{"type":"Point","coordinates":[-46.71669,-23.65438]}},{"type":"Feature","properties":{"id":"720011916","name":"R. Amador Bueno, 863","lines":["6001-10"]},"geometry":{"type":"Point","coordinates":[-46.71613,-23.65334]}},{"type":"Feature","properties":{"id":"720011917","name":"R. Amador Bueno, 505","lines":["6001-10"]},"geometry":{"type":"Point","coordinates":[-46.71282,-23.65288]}},{"type":"Feature","properties":{"id":"720011918","name":"R. Amador Bueno, 491","lines":["6001-10"]},"geometry":{"type":"Point","coordinates":[-46.71129,-23.65264]}},{"type":"Feature","properties":{"id":"720011919","name":"Av. Dr. Mário Vilas Boas Rodrigues, 175","lines":["6200-10","637A-10","677A-10"]},"geometry":{"type":"Point","coordinates":[-46.71923,-23.65109]}},{"type":"Feature","properties":{"id":"720015522","name":"Av. Washington Luiz, 3509","lines":["5630-10","695X-10"]},"geometry":{"type":"Point","coordinates":[-46.67587,-23.64812]}},{"type":"Feature","properties":{"id":"720015523","name":"Av. Washington Luiz, 3073","lines":["5630-10","695X-10"]},"geometry":{"type":"Point","coordinates":[-46.67865,-23.65148]}},{"type":"Feature","properties":{"id":"720015601","name":"Av. Das Nações Unidas, 20201","lines":["6960-10","6970-10"]},"geometry":{"type":"Point","coordinates":[-46.71062,-23.66271]}},{"type":"Feature","properties":{"id":"720015602","name":"Av. Das Nações Unidas, 19847","lines":["6960-10","6970-10"]},"geometry":{"type":"Point","coordinates":[-46.71384,-23.65935]}},{"type":"Feature","properties":{"id":"720015603","name":"Av. Das Nações Unidas, 19599","lines":["6960-10","6970-10"]},"geometry":{"type":"Point","coordinates":[-46.7163,-23.65773]}},{"type":"Feature","properties":{"id":"720015604","name":"Av. Das Nações Unidas, 18591","lines":["6200-10","637A-10","677A-10"]},"geometry":{"type":"Point","coordinates":[-46.72336,-23.65056]}},{"type":"Feature","properties":{"id":"720015606","name":"Parada 2","lines":["609F-10","6200-10","637A-10","6403-10","6451-10","677A-10"]},"geometry":{"type":"Point","coordinates":[-46.72438,-23.64206]}},{"type":"Feature","properties":{"id":"720015607","name":"Av. Das Nações Unidas, 16697","lines":["609F-10","6200-10","637A-10","6403-10","6451-10","677A-10"]},"geometry":{"type":"Point","coordinates":[-46.71944,-23.63621]}},{"type":"Feature","properties":{"id":"720015608","name":"Av. Das Nações Unidas, 16461","lines":["5318-10","609F-10","6200-10","637A-10","6403-10","6451-10","648P-10","677A-10"]},"geometry":{"type":"Point","coordinates":[-46.71653,-23.63318]}},{"type":"Feature","properties":{"id":"720015609","name":"Av. Das Nações Unidas, 15425","lines":["5318-10","609F-10","6200-10","637A-10","6403-10","6451-10","648P-10","677A-10"]},"geometry":{"type":"Point","coordinates":[-46.71212,-23.62843]}},{"type":"Feature","properties":{"id":"720015610","name":"Av. Das Nações Unidas, 14401","lines":["609F-10","6200-10","637A-10","6403-10","6451-10","677A-10"]},"geometry":{"type":"Point","coordinates":[-46.70703,-23.625]}},{"type":"Feature","properties":{"id":"720015611","name":"Av. Das Nações Unidas, 13797","lines":["609F-10","6200-10","637A-10","6403-10","6451-10","677A-10"]},"geometry":{"type":"Point","coordinates":[-46.70015,-23.62021]}},{"type":"Feature","properties":{"id":"720015652","name":"Marechal Deodoro B/C","lines":["5300-10","5370-10","5391-10","6455-10","675K-10","675X-10"]},"geometry":{"type":"Point","coordinates":[-46.6972,-23.64058]}},{"type":"Feature","properties":{"id":"720015653","name":"Graham Bell C/B","lines":["5300-10","5370-10","5391-10","6455-10","675K-10","675X-10"]},"geometry":{"type":"Point","coordinates":[-46.69547,-23.63886]}},{"type":"Feature","properties":{"id":"720015654","name":"Americo Brasiliense B/C","lines":["5300-10","5318-10","5370-10","5391-10","6455-10","675K-10","675X-10"]},"geometry":{"type":"Point","coordinates":[-46.69352,-23.63678]}},{"type":"Feature","properties":{"id":"720015655","name":"Americo Brasiliense C/B","lines":["5300-10","5370-10","5391-10","6455-10","675K-10","675X-10"]},"geometry":{"type":"Point","coordinates":[-46.69309,-23.63626]}},{"type":"Feature","properties":{"id":"720015656","name":"Bela Vista B/C","lines":["5300-10","5318-10","5370-10","5391-10","6455-10","675K-10","675X-10"]},"geometry":{"type":"Point","coordinates":[-46.6898,-23.63297]}},{"type":"Feature","properties":{"id":"720015657","name":"Bela Vista C/B","lines":["5300-10","5370-10","5391-10","6455-10","675K-10","675X-10"]},"geometry":{"type":"Point","coordinates":[-46.69065,-23.63372]}},{"type":"Feature","properties":{"id":"720015658","name":"Ana Catarina B/C","lines":["5300-10","5318-10","5370-10","5391-10","6455-10","675K-10","675X-10"]},"geometry":{"type":"Point","coordinates":[-46.68636,-23.62932]}},{"type":"Feature","properties":{"id":"720015659","name":"Ana Catarina C/B","lines":["5300-10","5318-10","5370-10","5391-10","6455-10","675K-10","675X-10"]},"geometry":{"type":"Point","coordinates":[-46.68665,-23.62949]}},{"type":"Feature","properties":{"id":"720015729","name":"Parada 2 - Banespa B/C","lines":["637G-10","675I-10"]},"geometry":{"type":"Point","coordinates":[-46.6903,-23.63054]}},{"type":"Feature","properties":{"id":"720015730","name":"Parada 1 - Banespa B/C","lines":["5111-10","6505-10","6913-10","6913-21","7550-10"]},"geometry":{"type":"Point","coordinates":[-46.68994,-23.63002]}},{"type":"Feature","properties":{"id":"720015731","name":"Parada 1 - Banespa C/B","lines":["5111-10","6505-10","6913-10","6913-21","7550-10"]},"geometry":{"type":"Point","coordinates":[-46.68948,-23.62929]}},{"type":"Feature","properties":{"id":"720015732","name":"Parada 2 - Banespa C/B","lines":["637G-10","675I-10"]},"geometry":{"type":"Point","coordinates":[-46.68911,-23.62878]}},{"type":"Feature","properties":{"id":"720015733","name":"Parada 2 - Roque Petroni Jr. B/C","lines":["637G-10","675I-10"]},"geometry":{"type":"Point","coordinates":[-46.68811,-23.62743]}},{"type":"Feature","properties":{"id":"720015734","name":"Parada 1 - Roque Petroni Jr. B/C","lines":["5111-10","6505-10","6913-10","6913-21","7550-10"]},"geometry":{"type":"Point","coordinates":[-46.68774,-23.62692]}},{"type":"Feature","properties":{"id":"720015753","name":"Estação De Transf. St° Amaro","lines":["607C-10"]},"geometry":{"type":"Point","coordinates":[-46.68772,-23.62607]}},{"type":"Feature","properties":{"id":"720015754","name":"Estação De Transf. St° Amaro","lines":["516N-10","607C-10"]},"geometry":{"type":"Point","coordinates":[-46.68777,-23.62623]}},{"type":"Feature","properties":{"id":"720015756","name":"Santo Arcadio","lines":["607C-10"]},"geometry":{"type":"Point","coordinates":[-46.69084,-23.6258]}},{"type":"Feature","properties":{"id":"720015757","name":"Parada Santo Arcadio","lines":["607C-10"]},"geometry":{"type":"Point","coordinates":[-46.69197,-23.62567]}},{"type":"Feature","properties":{"id":"720015763","name":"Parada Shopping","lines":["607C-10"]},"geometry":{"type":"Point","coordinates":[-46.6967,-23.62293]}},{"type":"Feature","properties":{"id":"720015776","name":"R. S. Sebastião, 296","lines":["5318-10"]},"geometry":{"type":"Point","coordinates":[-46.69046,-23.63217]}},{"type":"Feature","properties":{"id":"720015777","name":"Parada Vereador José Diniz","lines":["516N-10","607C-10"]},"geometry":{"type":"Point","coordinates":[-46.6849,-23.62915]}},{"type":"Feature","properties":{"id":"720015778","name":"Parada Vereador Jose Diniz","lines":["607C-10"]},"geometry":{"type":"Point","coordinates":[-46.68487,-23.62902]}},{"type":"Feature","properties":{"id":"720015790","name":"Estação De Transf. Washington Luis","lines":["516N-10","607C-10"]},"geometry":{"type":"Point","coordinates":[-46.67342,-23.64327]}},{"type":"Feature","properties":{"id":"720015793","name":"Parada Monte Alegre","lines":["516N-10","607C-10"]},"geometry":{"type":"Point","coordinates":[-46.67551,-23.6413]}},{"type":"Feature","properties":{"id":"720015794","name":"Parada Monte Alegre","lines":["516N-10","607C-10"]},"geometry":{"type":"Point","coordinates":[-46.67567,-23.64113]}},{"type":"Feature","properties":{"id":"720015795","name":"Av. Prof. Vicente Ráo, 1621","lines":["516N-10","607C-10"]},"geometry":{"type":"Point","coordinates":[-46.67704,-23.63762]}},{"type":"Feature","properties":{"id":"720015796","name":"Parada Jardim Cordeiro","lines":["516N-10","607C-10"]},"geometry":{"type":"Point","coordinates":[-46.67756,-23.63664]}},{"type":"Feature","properties":{"id":"720015797","name":"Parada Jardim Cordeiro","lines":["516N-10","607C-10"]},"geometry":{"type":"Point","coordinates":[-46.67762,-23.63663]}},{"type":"Feature","properties":{"id":"720015798","name":"Parada Adhemar De Moraes","lines":["516N-10","607C-10"]},"geometry":{"type":"Point","coordinates":[-46.68031,-23.63349]}},{"type":"Feature","properties":{"id":"720015799","name":"Parada Adhemar De Moraes","lines":["516N-10","607C-10"]},"geometry":{"type":"Point","coordinates":[-46.67962,-23.63394]}},{"type":"Feature","properties":{"id":"730001770","name":"Rod. Anhanguera","lines":["8050-10","8622-10"]},"geometry":{"type":"Point","coordinates":[-46.76264,-23.49467]}},{"type":"Feature","properties":{"id":"730001773","name":"Rod. Anhanguera","lines":["8050-10","8622-10"]},"geometry":{"type":"Point","coordinates":[-46.76587,-23.49311]}},{"type":"Feature","properties":{"id":"730001776","name":"Rod. Anhanguera","lines":["8050-10","8622-10"]},"geometry":{"type":"Point","coordinates":[-46.76667,-23.49199]}},{"type":"Feature","properties":{"id":"730001777","name":"Rod. Anhanguera","lines":["8050-10","8622-10"]},"geometry":{"type":"Point","coordinates":[-46.76846,-23.48711]}},{"type":"Feature","properties":{"id":"730001810","name":"Rod. Anhanguera","lines":["8050-10","8622-10"]},"geometry":{"type":"Point","coordinates":[-46.75424,-23.50041]}},{"type":"Feature","properties":{"id":"730001811","name":"Rod. Anhanguera, 11072","lines":["8050-10","8622-10"]},"geometry":{"type":"Point","coordinates":[-46.75712,-23.49401]}},{"type":"Feature","properties":{"id":"730001812","name":"Rod. Anhanguera, 11072","lines":["8050-10","8622-10"]},"geometry":{"type":"Point","coordinates":[-46.75765,-23.4939]}},{"type":"Feature","properties":{"id":"730001813","name":"Rod. Anhanguera","lines":["8050-10","8622-10"]},"geometry":{"type":"Point","coordinates":[-46.7673,-23.48762]}},{"type":"Feature","properties":{"id":"730001814","name":"Rod. Anhanguera","lines":["8050-10","8622-10"]},"geometry":{"type":"Point","coordinates":[-46.77045,-23.48032]}},{"type":"Feature","properties":{"id":"730003072","name":"R. Inácio Luís Da Costa","lines":["8050-10","8622-10"]},"geometry":{"type":"Point","coordinates":[-46.73431,-23.50809]}},{"type":"Feature","properties":{"id":"730003073","name":"R. Inácio Luís Da Costa, 1888","lines":["8050-10","8622-10"]},"geometry":{"type":"Point","coordinates":[-46.74014,-23.50752]}},{"type":"Feature","properties":{"id":"730003236","name":"Ac. Acesso A, 784","lines":["8050-10","8622-10"]},"geometry":{"type":"Point","coordinates":[-46.72949,-23.50952]}},{"type":"Feature","properties":{"id":"740006656","name":"Av. Sapopemba, 4982","lines":["3141-10","5141-10","5144-10"]},"geometry":{"type":"Point","coordinates":[-46.54234,-23.57906]}},{"type":"Feature","properties":{"id":"740006658","name":"Av. Sapopemba, 5318","lines":["3141-10","3746-10","5141-10","5144-10"]},"geometry":{"type":"Point","coordinates":[-46.53931,-23.58043]}},{"type":"Feature","properties":{"id":"740006706","name":"Av. Vila Ema, 4793","lines":["3390-10"]},"geometry":{"type":"Point","coordinates":[-46.53725,-23.59501]}},{"type":"Feature","properties":{"id":"740006707","name":"Av. Vila Ema, 4611","lines":["3390-10"]},"geometry":{"type":"Point","coordinates":[-46.53812,-23.59417]}},{"type":"Feature","properties":{"id":"740006708","name":"Av. Vila Ema, 4490","lines":["3390-10"]},"geometry":{"type":"Point","coordinates":[-46.53883,-23.59355]}},{"type":"Feature","properties":{"id":"740006709","name":"Av. Vila Ema, 4225","lines":["3390-10"]},"geometry":{"type":"Point","coordinates":[-46.53931,-23.59298]}},{"type":"Feature","properties":{"id":"740006710","name":"Av. Vila Ema, 4049","lines":["3390-10"]},"geometry":{"type":"Point","coordinates":[-46.54139,-23.59083]}},{"type":"Feature","properties":{"id":"740006713","name":"Av. Vila Ema, 3852","lines":["3390-10"]},"geometry":{"type":"Point","coordinates":[-46.54269,-23.58947]}},{"type":"Feature","properties":{"id":"740006714","name":"Av. Vila Ema, 3647","lines":["3390-10"]},"geometry":{"type":"Point","coordinates":[-46.54393,-23.5876]}},{"type":"Feature","properties":{"id":"740006715","name":"Av. Vila Ema, 3648","lines":["3390-10"]},"geometry":{"type":"Point","coordinates":[-46.54398,-23.58767]}},{"type":"Feature","properties":{"id":"740006716","name":"Av. Vila Ema, 3472","lines":["3390-10"]},"geometry":{"type":"Point","coordinates":[-46.54496,-23.58648]}},{"type":"Feature","properties":{"id":"740006717","name":"Av. Vila Ema, 3459","lines":["3390-10"]},"geometry":{"type":"Point","coordinates":[-46.54504,-23.58624]}},{"type":"Feature","properties":{"id":"740006718","name":"Av. Vila Ema, 3292","lines":["3390-10"]},"geometry":{"type":"Point","coordinates":[-46.54608,-23.58512]}},{"type":"Feature","properties":{"id":"740006719","name":"Av. Vila Ema, 2955","lines":["3390-10"]},"geometry":{"type":"Point","coordinates":[-46.54851,-23.58328]}},{"type":"Feature","properties":{"id":"740006720","name":"Av. Vila Ema, 2884","lines":["3390-10"]},"geometry":{"type":"Point","coordinates":[-46.54947,-23.58307]}},{"type":"Feature","properties":{"id":"740006721","name":"Av. Vila Ema, 2698","lines":["3390-10"]},"geometry":{"type":"Point","coordinates":[-46.55097,-23.58246]}},{"type":"Feature","properties":{"id":"740006722","name":"Av. Vila Ema, 2623","lines":["3390-10"]},"geometry":{"type":"Point","coordinates":[-46.55159,-23.58212]}},{"type":"Feature","properties":{"id":"740006723","name":"Av. Vila Ema, 2465","lines":["3390-10"]},"geometry":{"type":"Point","coordinates":[-46.55309,-23.58168]}},{"type":"Feature","properties":{"id":"740006724","name":"Av. Vila Ema, 2398","lines":["3390-10"]},"geometry":{"type":"Point","coordinates":[-46.55362,-23.58166]}},{"type":"Feature","properties":{"id":"740006725","name":"Av. Vila Ema, 2180","lines":["3390-10"]},"geometry":{"type":"Point","coordinates":[-46.55521,-23.58124]}},{"type":"Feature","properties":{"id":"740006727","name":"Av. Vila Ema, 1950","lines":["3390-10"]},"geometry":{"type":"Point","coordinates":[-46.55802,-23.58091]}},{"type":"Feature","properties":{"id":"740006728","name":"Av. Vila Ema, 1733","lines":["3390-10"]},"geometry":{"type":"Point","coordinates":[-46.56007,-23.58069]}},{"type":"Feature","properties":{"id":"740006729","name":"Av. Vila Ema, 1668","lines":["3390-10"]},"geometry":{"type":"Point","coordinates":[-46.56066,-23.58091]}},{"type":"Feature","properties":{"id":"740006730","name":"Av. Vila Ema, 1542","lines":["3390-10"]},"geometry":{"type":"Point","coordinates":[-46.56183,-23.5811]}},{"type":"Feature","properties":{"id":"740006731","name":"Av. Vila Ema, 1490","lines":["3390-10"]},"geometry":{"type":"Point","coordinates":[-46.56232,-23.58127]}},{"type":"Feature","properties":{"id":"740012712","name":"Av. Prof. Luiz Ignácio Anhaia Mello, 2568","lines":["5110-24","5143-10"]},"geometry":{"type":"Point","coordinates":[-46.56546,-23.58282]}},{"type":"Feature","properties":{"id":"740012713","name":"Av. Prof. Luiz Ignácio Anhaia Mello, 3318","lines":["5110-24","5143-10"]},"geometry":{"type":"Point","coordinates":[-46.56088,-23.58215]}},{"type":"Feature","properties":{"id":"740012715","name":"Av. Prof. Luiz Ignácio Anhaia Mello, 3850","lines":["5110-24","5143-10"]},"geometry":{"type":"Point","coordinates":[-46.5574,-23.58222]}},{"type":"Feature","properties":{"id":"740012716","name":"Av. Prof. Luiz Ignácio Anhaia Mello, 4332","lines":["5110-24","5143-10"]},"geometry":{"type":"Point","coordinates":[-46.55212,-23.58346]}},{"type":"Feature","properties":{"id":"740012717","name":"Av. Prof. Luiz Ignácio Anhaia Mello, 4703","lines":["5110-24","5143-10"]},"geometry":{"type":"Point","coordinates":[-46.55003,-23.58435]}},{"type":"Feature","properties":{"id":"740012718","name":"Av. Prof. Luiz Ignácio Anhaia Mello, 4900","lines":["5110-24","5143-10"]},"geometry":{"type":"Point","coordinates":[-46.54834,-23.58554]}},{"type":"Feature","properties":{"id":"740012719","name":"Av. Prof. Luiz Ignácio Anhaia Mello, 5001","lines":["5110-24","5143-10"]},"geometry":{"type":"Point","coordinates":[-46.54833,-23.58514]}},{"type":"Feature","properties":{"id":"740012720","name":"Av. Prof. Luiz Ignácio Anhaia Mello, 4151","lines":["5110-24","5143-10"]},"geometry":{"type":"Point","coordinates":[-46.5535,-23.58263]}},{"type":"Feature","properties":{"id":"740012721","name":"Av. Prof. Luiz Ignácio Anhaia Mello, 3729","lines":["5110-24","5143-10"]},"geometry":{"type":"Point","coordinates":[-46.55777,-23.58178]}},{"type":"Feature","properties":{"id":"740012750","name":"Av. Prof. Luiz Ignácio Anhaia Mello, 5088","lines":["5110-24","5143-10"]},"geometry":{"type":"Point","coordinates":[-46.54659,-23.58709]}},{"type":"Feature","properties":{"id":"740012751","name":"Av. Prof. Luiz Ignácio Anhaia Mello, 6000","lines":["5110-24","5143-10"]},"geometry":{"type":"Point","coordinates":[-46.54243,-23.59175]}},{"type":"Feature","properties":{"id":"740012752","name":"Av. Prof. Luiz Ignácio Anhaia Mello, 6276","lines":["5110-24","5143-10"]},"geometry":{"type":"Point","coordinates":[-46.53894,-23.59441]}},{"type":"Feature","properties":{"id":"740012754","name":"Av. Prof. Luiz Ignácio Anhaia Mello, 6500","lines":["5110-24","5143-10"]},"geometry":{"type":"Point","coordinates":[-46.53496,-23.59793]}},{"type":"Feature","properties":{"id":"740012755","name":"Av. Prof. Luiz Ignácio Anhaia Mello, 7200","lines":["5110-24","5143-10"]},"geometry":{"type":"Point","coordinates":[-46.53212,-23.59888]}},{"type":"Feature","properties":{"id":"740012756","name":"Av. Prof. Luiz Ignácio Anhaia Mello, 7450","lines":["5110-24","5143-10"]},"geometry":{"type":"Point","coordinates":[-46.52938,-23.59975]}},{"type":"Feature","properties":{"id":"740012770","name":"Av. Prof. Luiz Ignácio Anhaia Mello, 7361","lines":["5110-24","5143-10"]},"geometry":{"type":"Point","coordinates":[-46.53045,-23.59909]}},{"type":"Feature","properties":{"id":"740012771","name":"Av. Prof. Luiz Ignácio Anhaia Mello, 6501","lines":["5110-24","5143-10"]},"geometry":{"type":"Point","coordinates":[-46.53468,-23.59773]}},{"type":"Feature","properties":{"id":"740012772","name":"Av. Prof. Luiz Ignácio Anhaia Mello, 6437","lines":["5110-24","5143-10"]},"geometry":{"type":"Point","coordinates":[-46.53688,-23.59598]}},{"type":"Feature","properties":{"id":"740012773","name":"Av. Prof. Luiz Ignácio Anhaia Mello, 6269","lines":["5110-24","5143-10"]},"geometry":{"type":"Point","coordinates":[-46.53878,-23.59409]}},{"type":"Feature","properties":{"id":"740012774","name":"Av. Prof. Luiz Ignácio Anhaia Mello, 6053","lines":["5110-24","5143-10"]},"geometry":{"type":"Point","coordinates":[-46.54184,-23.5917]}},{"type":"Feature","properties":{"id":"740012775","name":"Av. Prof. Luiz Ignácio Anhaia Mello, 5043","lines":["5110-24","5143-10"]},"geometry":{"type":"Point","coordinates":[-46.54652,-23.58671]}},{"type":"Feature","properties":{"id":"750005467","name":"Av. Luís Pires De Minas, 411","lines":["3746-10"]},"geometry":{"type":"Point","coordinates":[-46.50154,-23.5908]}},{"type":"Feature","properties":{"id":"750005481","name":"Av. Da Barreira Grande, 3683","lines":["3746-10"]},"geometry":{"type":"Point","coordinates":[-46.50238,-23.59176]}},{"type":"Feature","properties":{"id":"750005482","name":"Av. Da Barreira Grande, 3694","lines":["3746-10"]},"geometry":{"type":"Point","coordinates":[-46.50225,-23.59202]}},{"type":"Feature","properties":{"id":"750005484","name":"Av. Da Barreira Grande, 3330","lines":["3746-10"]},"geometry":{"type":"Point","coordinates":[-46.5054,-23.59067]}},{"type":"Feature","properties":{"id":"750006211","name":"Av. Sapopemba, 12465","lines":["3141-10","3390-10","5110-24"]},"geometry":{"type":"Point","coordinates":[-46.47831,-23.61227]}},{"type":"Feature","properties":{"id":"750006284","name":"Pça. Catas Altas, 316","lines":["3746-10"]},"geometry":{"type":"Point","coordinates":[-46.5027,-23.59481]}},{"type":"Feature","properties":{"id":"750006285","name":"R. Cachoeira Do Campo, 348","lines":["3746-10"]},"geometry":{"type":"Point","coordinates":[-46.50307,-23.5952]}},{"type":"Feature","properties":{"id":"750006286","name":"Av. Luís Pires De Minas, 238","lines":["3746-10"]},"geometry":{"type":"Point","coordinates":[-46.50196,-23.59235]}},{"type":"Feature","properties":{"id":"750006433","name":"Av. Sapopemba, 13451","lines":["3141-10"]},"geometry":{"type":"Point","coordinates":[-46.47884,-23.6124]}},{"type":"Feature","properties":{"id":"750006478","name":"Av. Sapopemba, 13373","lines":["3390-10"]},"geometry":{"type":"Point","coordinates":[-46.4792,-23.61247]}},{"type":"Feature","properties":{"id":"750006762","name":"Av. Sapopemba, 13143","lines":["3141-10","3390-10","5110-24"]},"geometry":{"type":"Point","coordinates":[-46.48151,-23.61239]}},{"type":"Feature","properties":{"id":"750006782","name":"Terminal S. Mateus - Plat. B","lines":["354M-10"]},"geometry":{"type":"Point","coordinates":[-46.4765,-23.61356]}},{"type":"Feature","properties":{"id":"750006786","name":"Terminal S. Mateus - Plat. C","lines":["4311-10"]},"geometry":{"type":"Point","coordinates":[-46.47649,-23.61397]}},{"type":"Feature","properties":{"id":"750006789","name":"Terminal S. Mateus - Plat. C","lines":["4311-10"]},"geometry":{"type":"Point","coordinates":[-46.47636,-23.61355]}},{"type":"Feature","properties":{"id":"750006812","name":"Av. Sapopemba, 13122","lines":["3141-10","3390-10","5110-24"]},"geometry":{"type":"Point","coordinates":[-46.48193,-23.61263]}},{"type":"Feature","properties":{"id":"750007514","name":"Av. Aricanduva, 7676","lines":["4210-10","4311-10","4313-10"]},"geometry":{"type":"Point","coordinates":[-46.49026,-23.58378]}},{"type":"Feature","properties":{"id":"750007515","name":"Av. Aricanduva, 8140","lines":["4210-10","4311-10","4313-10"]},"geometry":{"type":"Point","coordinates":[-46.48718,-23.58689]}},{"type":"Feature","properties":{"id":"750007516","name":"Av. Aricanduva, 8240","lines":["4210-10","4311-10","4313-10"]},"geometry":{"type":"Point","coordinates":[-46.48363,-23.5872]}},{"type":"Feature","properties":{"id":"750007518","name":"Av. Aricanduva, 12170","lines":["4210-10","4311-10","4313-10"]},"geometry":{"type":"Point","coordinates":[-46.47168,-23.59305]}},{"type":"Feature","properties":{"id":"750012144","name":"Av. Ragueb Chohfi, 170","lines":["354M-10","4311-10"]},"geometry":{"type":"Point","coordinates":[-46.47417,-23.61014]}},{"type":"Feature","properties":{"id":"750012145","name":"Av. Ragueb Chohfi, 550","lines":["354M-10","4311-10"]},"geometry":{"type":"Point","coordinates":[-46.47226,-23.6078]}},{"type":"Feature","properties":{"id":"750012146","name":"Av. Ragueb Chohfi, 830","lines":["354M-10","4311-10"]},"geometry":{"type":"Point","coordinates":[-46.47095,-23.60544]}},{"type":"Feature","properties":{"id":"750012147","name":"Av. Ragueb Chohfi, 1280","lines":["354M-10","4311-10"]},"geometry":{"type":"Point","coordinates":[-46.4704,-23.60228]}},{"type":"Feature","properties":{"id":"750012148","name":"Av. Ragueb Chohfi, 1296","lines":["354M-10","4311-10"]},"geometry":{"type":"Point","coordinates":[-46.47057,-23.60139]}},{"type":"Feature","properties":{"id":"750012149","name":"Av. Ragueb Chohfi, 977","lines":["354M-10","4311-10"]},"geometry":{"type":"Point","coordinates":[-46.47125,-23.60521]}},{"type":"Feature","properties":{"id":"750012150","name":"Av. Ragueb Chohfi, 673","lines":["354M-10","4311-10"]},"geometry":{"type":"Point","coordinates":[-46.47224,-23.6069]}},{"type":"Feature","properties":{"id":"750012151","name":"Av. Ragueb Chohfi, 149","lines":["354M-10","4311-10"]},"geometry":{"type":"Point","coordinates":[-46.47496,-23.61053]}},{"type":"Feature","properties":{"id":"750012276","name":"Av. Ragueb Chohfi, 1400","lines":["354M-10","4311-10"]},"geometry":{"type":"Point","coordinates":[-46.46896,-23.5993]}},{"type":"Feature","properties":{"id":"750012664","name":"Av. Aricanduva, 6640","lines":["4210-10","4311-10","4313-10"]},"geometry":{"type":"Point","coordinates":[-46.49868,-23.57882]}},{"type":"Feature","properties":{"id":"750012665","name":"Av. Aricanduva, 7786","lines":["4210-10","4311-10","4313-10"]},"geometry":{"type":"Point","coordinates":[-46.49657,-23.57906]}},{"type":"Feature","properties":{"id":"760002768","name":"R. Prof. Assis Veloso, 858","lines":["1178-10","1178-31"]},"geometry":{"type":"Point","coordinates":[-46.43133,-23.50303]}},{"type":"Feature","properties":{"id":"760002769","name":"R. Prof. Assis Veloso, 614","lines":["1178-10","1178-31"]},"geometry":{"type":"Point","coordinates":[-46.4313,-23.50081]}},{"type":"Feature","properties":{"id":"760002770","name":"R. Prof. Assis Veloso, 392","lines":["1178-10","1178-31"]},"geometry":{"type":"Point","coordinates":[-46.43129,-23.49888]}},{"type":"Feature","properties":{"id":"760002771","name":"R. Prof. Assis Veloso, 138","lines":["1178-10","1178-31"]},"geometry":{"type":"Point","coordinates":[-46.43125,-23.4966]}},{"type":"Feature","properties":{"id":"760002772","name":"Av. Rosária, 417","lines":["1178-10","1178-31"]},"geometry":{"type":"Point","coordinates":[-46.43226,-23.49902]}},{"type":"Feature","properties":{"id":"760002774","name":"R. Mohamed Ibrahin Saleh, 905","lines":["1178-10","1178-31"]},"geometry":{"type":"Point","coordinates":[-46.43185,-23.50401]}},{"type":"Feature","properties":{"id":"760002790","name":"Av. Nordestina, 128","lines":["2582-10","354M-10"]},"geometry":{"type":"Point","coordinates":[-46.44316,-23.49462]}},{"type":"Feature","properties":{"id":"760002791","name":"Av. Nordestina, 23","lines":["2582-10","354M-10"]},"geometry":{"type":"Point","coordinates":[-46.44353,-23.49392]}},{"type":"Feature","properties":{"id":"760002792","name":"Av. Pires Do Rio, 1","lines":["2582-10","354M-10"]},"geometry":{"type":"Point","coordinates":[-46.44207,-23.4968]}},{"type":"Feature","properties":{"id":"760002793","name":"Av. Pires Do Rio, 138","lines":["2582-10","354M-10"]},"geometry":{"type":"Point","coordinates":[-46.44224,-23.49757]}},{"type":"Feature","properties":{"id":"760002794","name":"Av. Pires Do Rio, 410","lines":["2582-10","354M-10"]},"geometry":{"type":"Point","coordinates":[-46.44255,-23.50002]}},{"type":"Feature","properties":{"id":"760002795","name":"Av. Pires Do Rio, 363","lines":["2582-10","354M-10"]},"geometry":{"type":"Point","coordinates":[-46.44241,-23.4997]}},{"type":"Feature","properties":{"id":"760002796","name":"Av. Pires Do Rio, 539","lines":["2582-10","354M-10"]},"geometry":{"type":"Point","coordinates":[-46.44254,-23.50123]}},{"type":"Feature","properties":{"id":"760002797","name":"Av. Pires Do Rio, 720","lines":["2582-10","354M-10"]},"geometry":{"type":"Point","coordinates":[-46.44281,-23.50278]}},{"type":"Feature","properties":{"id":"760002800","name":"Av. Pires Do Rio, 1074","lines":["2582-10"]},"geometry":{"type":"Point","coordinates":[-46.44309,-23.50582]}},{"type":"Feature","properties":{"id":"760002801","name":"Av. Pires Do Rio, 1127","lines":["2582-10"]},"geometry":{"type":"Point","coordinates":[-46.44309,-23.50668]}},{"type":"Feature","properties":{"id":"760002802","name":"Av. Pires Do Rio, 1984","lines":["2582-10"]},"geometry":{"type":"Point","coordinates":[-46.44339,-23.5091]}},{"type":"Feature","properties":{"id":"760002803","name":"Av. Pires Do Rio, 1529","lines":["2582-10"]},"geometry":{"type":"Point","coordinates":[-46.44338,-23.50975]}},{"type":"Feature","properties":{"id":"760002804","name":"Av. Pires Do Rio, 1938","lines":["2582-10"]},"geometry":{"type":"Point","coordinates":[-46.44358,-23.51108]}},{"type":"Feature","properties":{"id":"760002831","name":"Av. Rosária, 715","lines":["1178-10","1178-31"]},"geometry":{"type":"Point","coordinates":[-46.43228,-23.50172]}},{"type":"Feature","properties":{"id":"760002833","name":"Av. João Neri De Carvalho, 827","lines":["1178-10","1178-31"]},"geometry":{"type":"Point","coordinates":[-46.43286,-23.49717]}},{"type":"Feature","properties":{"id":"760002834","name":"Av. João Neri De Carvalho, 529","lines":["1178-10","1178-31"]},"geometry":{"type":"Point","coordinates":[-46.43576,-23.49756]}},{"type":"Feature","properties":{"id":"760002835","name":"R. Pedro Soares De Andrade, 61","lines":["1178-10","1178-31"]},"geometry":{"type":"Point","coordinates":[-46.43637,-23.4955]}},{"type":"Feature","properties":{"id":"760002885","name":"Av. Nordestina, 2763","lines":["2582-10"]},"geometry":{"type":"Point","coordinates":[-46.43274,-23.51246]}},{"type":"Feature","properties":{"id":"760002886","name":"Av. Nordestina, 2851","lines":["2582-10"]},"geometry":{"type":"Point","coordinates":[-46.43239,-23.51226]}},{"type":"Feature","properties":{"id":"760002889","name":"Av. Nordestina, 2450","lines":["2582-10"]},"geometry":{"type":"Point","coordinates":[-46.43487,-23.51224]}},{"type":"Feature","properties":{"id":"760002891","name":"Av. Nordestina, 2099","lines":["2582-10"]},"geometry":{"type":"Point","coordinates":[-46.43746,-23.51106]}},{"type":"Feature","properties":{"id":"760004862","name":"R. João Candido Vieira, 160","lines":["354M-10"]},"geometry":{"type":"Point","coordinates":[-46.44517,-23.50324]}},{"type":"Feature","properties":{"id":"760004863","name":"R. João Candido Vieira, 989","lines":["354M-10"]},"geometry":{"type":"Point","coordinates":[-46.44307,-23.50344]}},{"type":"Feature","properties":{"id":"760006047","name":"Av. Dr. José Artur Nova, 1014","lines":["2552-10"]},"geometry":{"type":"Point","coordinates":[-46.43618,-23.48558]}},{"type":"Feature","properties":{"id":"760006048","name":"Av. Dr. José Artur Nova, 864","lines":["2552-10"]},"geometry":{"type":"Point","coordinates":[-46.43706,-23.48614]}},{"type":"Feature","properties":{"id":"760006049","name":"Av. Dr. José Artur Nova, 650","lines":["2552-10"]},"geometry":{"type":"Point","coordinates":[-46.43671,-23.48772]}},{"type":"Feature","properties":{"id":"760006050","name":"Av. Dr. José Artur Nova, 640","lines":["2552-10"]},"geometry":{"type":"Point","coordinates":[-46.4366,-23.488]}},{"type":"Feature","properties":{"id":"760006052","name":"Av. Dr. José Artur Nova","lines":["2552-10"]},"geometry":{"type":"Point","coordinates":[-46.43696,-23.49023]}},{"type":"Feature","properties":{"id":"760006054","name":"Av. Dr. José Artur Nova","lines":["2552-10"]},"geometry":{"type":"Point","coordinates":[-46.43875,-23.49065]}},{"type":"Feature","properties":{"id":"760006071","name":"R. Cândida De Carvalho, 132","lines":["2582-10"]},"geometry":{"type":"Point","coordinates":[-46.44167,-23.51174]}},{"type":"Feature","properties":{"id":"760006072","name":"R. Cândida De Carvalho, 278","lines":["2582-10"]},"geometry":{"type":"Point","coordinates":[-46.44034,-23.51131]}},{"type":"Feature","properties":{"id":"760006078","name":"R. Arlindo Colaco, 438","lines":["2552-10"]},"geometry":{"type":"Point","coordinates":[-46.44014,-23.49193]}},{"type":"Feature","properties":{"id":"760006079","name":"R. Salvador De Medeiros, 91","lines":["2552-10"]},"geometry":{"type":"Point","coordinates":[-46.44388,-23.49149]}},{"type":"Feature","properties":{"id":"760006087","name":"R. Andrélino Soares De Andrade","lines":["3301-10","354M-10"]},"geometry":{"type":"Point","coordinates":[-46.43189,-23.49435]}},{"type":"Feature","properties":{"id":"760012063","name":"Av. S. Miguel, 8804","lines":["1178-10","2552-10","2582-10","3301-10"]},"geometry":{"type":"Point","coordinates":[-46.45272,-23.49619]}},{"type":"Feature","properties":{"id":"760012064","name":"Av. S. Miguel, 9056","lines":["1178-10","2552-10","2582-10","3301-10"]},"geometry":{"type":"Point","coordinates":[-46.45092,-23.49431]}},{"type":"Feature","properties":{"id":"760012065","name":"Av. S. Miguel, 9370","lines":["1178-10","1178-31","2552-10","2582-10","3301-10"]},"geometry":{"type":"Point","coordinates":[-46.44873,-23.49276]}},{"type":"Feature","properties":{"id":"760012066","name":"Pça. Pe. Aleixo Monteiro Mafra, 19","lines":["1178-10","1178-31","2552-10","2582-10","3301-10","354M-10"]},"geometry":{"type":"Point","coordinates":[-46.44558,-23.4923]}},{"type":"Feature","properties":{"id":"760012068","name":"Av. S. Miguel, 9485","lines":["1178-10","1178-31","2552-10","2582-10","3301-10"]},"geometry":{"type":"Point","coordinates":[-46.4476,-23.49203]}},{"type":"Feature","properties":{"id":"760012069","name":"Av. S. Miguel, 9111","lines":["1178-10","2552-10","2582-10","3301-10"]},"geometry":{"type":"Point","coordinates":[-46.45086,-23.49407]}},{"type":"Feature","properties":{"id":"760012070","name":"Av. S. Miguel, 8875","lines":["1178-10","2552-10","2582-10","3301-10"]},"geometry":{"type":"Point","coordinates":[-46.45236,-23.49555]}},{"type":"Feature","properties":{"id":"760012113","name":"Parada 2 - Mercado","lines":["1178-10","1178-31","3301-10","354M-10"]},"geometry":{"type":"Point","coordinates":[-46.4401,-23.49362]}},{"type":"Feature","properties":{"id":"760012114","name":"R. Beraldo Marcondes, 128","lines":["1178-10","1178-31","3301-10","354M-10"]},"geometry":{"type":"Point","coordinates":[-46.44292,-23.49295]}},{"type":"Feature","properties":{"id":"760012115","name":"R. Henrique De Paula Franca, 35","lines":["2582-10"]},"geometry":{"type":"Point","coordinates":[-46.44305,-23.49311]}},{"type":"Feature","properties":{"id":"760012116","name":"Av. Mal. Tito, 402","lines":["1178-10","1178-31","3301-10"]},"geometry":{"type":"Point","coordinates":[-46.44202,-23.49349]}},{"type":"Feature","properties":{"id":"760012119","name":"Parada 2 - Pedro Soares De Andrade","lines":["1178-10","1178-31","3301-10","354M-10"]},"geometry":{"type":"Point","coordinates":[-46.43659,-23.49514]}},{"type":"Feature","properties":{"id":"760012120","name":"Av. Mal. Tito, 1206","lines":["1178-10","1178-31","3301-10","354M-10"]},"geometry":{"type":"Point","coordinates":[-46.43454,-23.49523]}},{"type":"Feature","properties":{"id":"760012121","name":"Av. Mal. Tito, 1514","lines":["1178-10","1178-31"]},"geometry":{"type":"Point","coordinates":[-46.43151,-23.49538]}},{"type":"Feature","properties":{"id":"780005491","name":"Av. Da Barreira Grande, 3029","lines":["3746-10"]},"geometry":{"type":"Point","coordinates":[-46.50827,-23.58951]}},{"type":"Feature","properties":{"id":"780005510","name":"Av. Da Barreira Grande, 2790","lines":["3746-10"]},"geometry":{"type":"Point","coordinates":[-46.5105,-23.58887]}},{"type":"Feature","properties":{"id":"780005528","name":"Av. Da Barreira Grande, 2508","lines":["3746-10"]},"geometry":{"type":"Point","coordinates":[-46.51311,-23.58688]}},{"type":"Feature","properties":{"id":"780005529","name":"Av. Da Barreira Grande, 2504","lines":["3746-10"]},"geometry":{"type":"Point","coordinates":[-46.51347,-23.58669]}},{"type":"Feature","properties":{"id":"780005530","name":"Av. Da Barreira Grande, 2079","lines":["3746-10"]},"geometry":{"type":"Point","coordinates":[-46.51631,-23.58714]}},{"type":"Feature","properties":{"id":"780005531","name":"Av. Da Barreira Grande, 1965","lines":["3746-10"]},"geometry":{"type":"Point","coordinates":[-46.51727,-23.58683]}},{"type":"Feature","properties":{"id":"780005532","name":"Av. Da Barreira Grande, 1710","lines":["3746-10"]},"geometry":{"type":"Point","coordinates":[-46.51889,-23.58569]}},{"type":"Feature","properties":{"id":"780005533","name":"Av. Da Barreira Grande, 1679","lines":["3746-10"]},"geometry":{"type":"Point","coordinates":[-46.51947,-23.58539]}},{"type":"Feature","properties":{"id":"780005553","name":"Av. Da Barreira Grande, 1548","lines":["3746-10"]},"geometry":{"type":"Point","coordinates":[-46.5207,-23.58488]}},{"type":"Feature","properties":{"id":"780005555","name":"Av. Da Barreira Grande, 1209","lines":["3746-10"]},"geometry":{"type":"Point","coordinates":[-46.52369,-23.58489]}},{"type":"Feature","properties":{"id":"780005556","name":"Av. Da Barreira Grande, 1156","lines":["3746-10"]},"geometry":{"type":"Point","coordinates":[-46.52417,-23.58501]}},{"type":"Feature","properties":{"id":"780005573","name":"Av. Da Barreira Grande, 834","lines":["3746-10"]},"geometry":{"type":"Point","coordinates":[-46.52716,-23.58512]}},{"type":"Feature","properties":{"id":"780005574","name":"Av. Da Barreira Grande, 741","lines":["3746-10"]},"geometry":{"type":"Point","coordinates":[-46.52785,-23.58452]}},{"type":"Feature","properties":{"id":"780005587","name":"Av. Da Barreira Grande, 591","lines":["3746-10"]},"geometry":{"type":"Point","coordinates":[-46.52918,-23.58405]}},{"type":"Feature","properties":{"id":"780005588","name":"Av. Da Barreira Grande, 535","lines":["3746-10"]},"geometry":{"type":"Point","coordinates":[-46.52972,-23.58384]}},{"type":"Feature","properties":{"id":"780005589","name":"Av. Da Barreira Grande, 209","lines":["3746-10"]},"geometry":{"type":"Point","coordinates":[-46.5326,-23.58363]}},{"type":"Feature","properties":{"id":"780005590","name":"Av. Da Barreira Grande, 186","lines":["3746-10"]},"geometry":{"type":"Point","coordinates":[-46.5328,-23.58375]}},{"type":"Feature","properties":{"id":"780006661","name":"Av. Sapopemba, 6065","lines":["3141-10","5141-10","5144-10"]},"geometry":{"type":"Point","coordinates":[-46.53387,-23.58477]}},{"type":"Feature","properties":{"id":"780006662","name":"Av. Sapopemba, 6158","lines":["3141-10","5141-10","5144-10"]},"geometry":{"type":"Point","coordinates":[-46.53362,-23.58539]}},{"type":"Feature","properties":{"id":"780006663","name":"Av. Sapopemba, 6325","lines":["3141-10","5141-10","5144-10"]},"geometry":{"type":"Point","coordinates":[-46.53276,-23.58682]}},{"type":"Feature","properties":{"id":"780006664","name":"Av. Sapopemba, 6378","lines":["3141-10","5141-10","5144-10"]},"geometry":{"type":"Point","coordinates":[-46.53259,-23.58728]}},{"type":"Feature","properties":{"id":"780006665","name":"Av. Sapopemba, 6495","lines":["3141-10","5141-10","5144-10"]},"geometry":{"type":"Point","coordinates":[-46.53225,-23.58832]}},{"type":"Feature","properties":{"id":"780006666","name":"Av. Sapopemba, 6574","lines":["3141-10","5141-10","5144-10"]},"geometry":{"type":"Point","coordinates":[-46.53224,-23.58899]}},{"type":"Feature","properties":{"id":"780006667","name":"Av. Sapopemba, 6832","lines":["3141-10","5141-10","5144-10"]},"geometry":{"type":"Point","coordinates":[-46.53134,-23.59088]}},{"type":"Feature","properties":{"id":"780006668","name":"Av. Sapopemba, 6897","lines":["3141-10","5141-10","5144-10"]},"geometry":{"type":"Point","coordinates":[-46.53057,-23.59127]}},{"type":"Feature","properties":{"id":"780006669","name":"Av. Sapopemba, 7098","lines":["3141-10","5141-10","5144-10"]},"geometry":{"type":"Point","coordinates":[-46.52922,-23.59242]}},{"type":"Feature","properties":{"id":"780006670","name":"Av. Sapopemba, 7235","lines":["3141-10","5141-10","5144-10"]},"geometry":{"type":"Point","coordinates":[-46.5282,-23.59319]}},{"type":"Feature","properties":{"id":"780006671","name":"Av. Sapopemba, 7420","lines":["3141-10","5141-10","5144-10"]},"geometry":{"type":"Point","coordinates":[-46.527,-23.59448]}},{"type":"Feature","properties":{"id":"780006672","name":"Av. Sapopemba, 7621","lines":["3141-10","5141-10","5144-10"]},"geometry":{"type":"Point","coordinates":[-46.52504,-23.59489]}},{"type":"Feature","properties":{"id":"780006697","name":"Av. Vila Ema, 6138","lines":["3390-10"]},"geometry":{"type":"Point","coordinates":[-46.52468,-23.59565]}},{"type":"Feature","properties":{"id":"780006698","name":"Av. Vila Ema, 5901","lines":["3390-10"]},"geometry":{"type":"Point","coordinates":[-46.5267,-23.59611]}},{"type":"Feature","properties":{"id":"780006699","name":"Av. Vila Ema, 5541","lines":["3390-10"]},"geometry":{"type":"Point","coordinates":[-46.53017,-23.59708]}},{"type":"Feature","properties":{"id":"780006700","name":"Av. Vila Ema, 5450","lines":["3390-10"]},"geometry":{"type":"Point","coordinates":[-46.53131,-23.59754]}},{"type":"Feature","properties":{"id":"780006701","name":"Av. Vila Ema, 5265","lines":["3390-10"]},"geometry":{"type":"Point","coordinates":[-46.53279,-23.59725]}},{"type":"Feature","properties":{"id":"780006702","name":"Av. Vila Ema, 5226","lines":["3390-10"]},"geometry":{"type":"Point","coordinates":[-46.53327,-23.59717]}},{"type":"Feature","properties":{"id":"780006703","name":"Av. Vila Ema, 5091","lines":["3390-10"]},"geometry":{"type":"Point","coordinates":[-46.53426,-23.59671]}},{"type":"Feature","properties":{"id":"780006704","name":"Av. Vila Ema, 4984","lines":["3390-10"]},"geometry":{"type":"Point","coordinates":[-46.53519,-23.59637]}},{"type":"Feature","properties":{"id":"780006705","name":"Av. Vila Ema, 4913","lines":["3390-10"]},"geometry":{"type":"Point","coordinates":[-46.53574,-23.59594]}},{"type":"Feature","properties":{"id":"780006742","name":"Terminal Sapopemba, 7010","lines":["5143-10"]},"geometry":{"type":"Point","coordinates":[-46.50118,-23.61423]}},{"type":"Feature","properties":{"id":"780006750","name":"Terminal Sapopemba, 7010","lines":["5141-10"]},"geometry":{"type":"Point","coordinates":[-46.50117,-23.61399]}},{"type":"Feature","properties":{"id":"780006754","name":"Terminal Sapopemba, 7010","lines":["5144-10"]},"geometry":{"type":"Point","coordinates":[-46.50076,-23.61391]}},{"type":"Feature","properties":{"id":"780006755","name":"Av. Sapopemba, 7688","lines":["3141-10","5141-10","5144-10"]},"geometry":{"type":"Point","coordinates":[-46.52456,-23.59532]}},{"type":"Feature","properties":{"id":"780006756","name":"Av. Sapopemba, 7817","lines":["3141-10","3390-10","5141-10","5144-10"]},"geometry":{"type":"Point","coordinates":[-46.52373,-23.59621]}},{"type":"Feature","properties":{"id":"780006758","name":"Av. Sapopemba, 7999","lines":["3141-10","3390-10","5141-10","5144-10"]},"geometry":{"type":"Point","coordinates":[-46.52272,-23.59759]}},{"type":"Feature","properties":{"id":"780006759","name":"Av. Sapopemba, 8267","lines":["3141-10","3390-10","5141-10","5144-10"]},"geometry":{"type":"Point","coordinates":[-46.52066,-23.59843]}},{"type":"Feature","properties":{"id":"780006760","name":"Av. Sapopemba, 8327","lines":["3141-10","3390-10","5141-10","5144-10"]},"geometry":{"type":"Point","coordinates":[-46.51998,-23.59864]}},{"type":"Feature","properties":{"id":"780006761","name":"Av. Sapopemba, 8481","lines":["3141-10","3390-10","5141-10","5144-10"]},"geometry":{"type":"Point","coordinates":[-46.51862,-23.59866]}},{"type":"Feature","properties":{"id":"780006793","name":"Av. Sapopemba, 8652","lines":["3141-10","3390-10","5141-10","5144-10"]},"geometry":{"type":"Point","coordinates":[-46.51677,-23.59895]}},{"type":"Feature","properties":{"id":"780006794","name":"Av. Sapopemba, 8701","lines":["3141-10","3390-10","5141-10","5144-10"]},"geometry":{"type":"Point","coordinates":[-46.5162,-23.59897]}},{"type":"Feature","properties":{"id":"780006795","name":"Av. Sapopemba, 8842","lines":["3141-10","3390-10","5141-10","5144-10"]},"geometry":{"type":"Point","coordinates":[-46.51493,-23.59941]}},{"type":"Feature","properties":{"id":"780006796","name":"Av. Sapopemba, 9267","lines":["3141-10","3390-10","5141-10","5144-10"]},"geometry":{"type":"Point","coordinates":[-46.51127,-23.6018]}},{"type":"Feature","properties":{"id":"780006797","name":"Av. Sapopemba, 9317","lines":["3141-10","3390-10","5141-10","5144-10"]},"geometry":{"type":"Point","coordinates":[-46.51085,-23.60211]}},{"type":"Feature","properties":{"id":"780006798","name":"Av. Sapopemba, 9524","lines":["3141-10","3390-10","5141-10","5144-10"]},"geometry":{"type":"Point","coordinates":[-46.50977,-23.60374]}},{"type":"Feature","properties":{"id":"780006799","name":"Av. Sapopemba, 9517","lines":["3141-10","3390-10","5141-10","5144-10"]},"geometry":{"type":"Point","coordinates":[-46.5096,-23.60375]}},{"type":"Feature","properties":{"id":"780006802","name":"Av. Sapopemba, 10254","lines":["3141-10","3390-10","5110-24","5141-10","5143-10","5144-10"]},"geometry":{"type":"Point","coordinates":[-46.50559,-23.60919]}},{"type":"Feature","properties":{"id":"780006803","name":"Av. Sapopemba, 10828","lines":["3141-10","3390-10","5110-24","5141-10","5143-10","5144-10"]},"geometry":{"type":"Point","coordinates":[-46.50388,-23.61351]}},{"type":"Feature","properties":{"id":"780006804","name":"Av. Sapopemba, 11236","lines":["3141-10","3390-10","5110-24"]},"geometry":{"type":"Point","coordinates":[-46.50046,-23.61473]}},{"type":"Feature","properties":{"id":"780006805","name":"Av. Sapopemba, 11456","lines":["3141-10","3390-10","5110-24"]},"geometry":{"type":"Point","coordinates":[-46.49868,-23.6144]}},{"type":"Feature","properties":{"id":"780006806","name":"Av. Sapopemba, 11604","lines":["3141-10","3390-10","5110-24"]},"geometry":{"type":"Point","coordinates":[-46.496,-23.6142]}},{"type":"Feature","properties":{"id":"780006807","name":"Av. Sapopemba, 11760","lines":["3141-10","3390-10","5110-24"]},"geometry":{"type":"Point","coordinates":[-46.49442,-23.61293]}},{"type":"Feature","properties":{"id":"780006808","name":"Av. Sapopemba, 12180","lines":["3141-10","3390-10","5110-24"]},"geometry":{"type":"Point","coordinates":[-46.49124,-23.61298]}},{"type":"Feature","properties":{"id":"780006809","name":"Av. Sapopemba, 12152","lines":["3141-10","3390-10","5110-24"]},"geometry":{"type":"Point","coordinates":[-46.48924,-23.61307]}},{"type":"Feature","properties":{"id":"780006810","name":"Estação Fazenda Da Juta - Monotrilho","lines":["3141-10","3390-10","5110-24"]},"geometry":{"type":"Point","coordinates":[-46.48769,-23.61212]}},{"type":"Feature","properties":{"id":"780006813","name":"Av. Sapopemba, 12727","lines":["3141-10","3390-10","5110-24"]},"geometry":{"type":"Point","coordinates":[-46.48542,-23.61013]}},{"type":"Feature","properties":{"id":"780006815","name":"Av. Sapopemba, 12127","lines":["3141-10","3390-10","5110-24"]},"geometry":{"type":"Point","coordinates":[-46.49154,-23.61277]}},{"type":"Feature","properties":{"id":"780006816","name":"Av. Sapopemba, 11837","lines":["3141-10","3390-10","5110-24"]},"geometry":{"type":"Point","coordinates":[-46.49467,-23.61275]}},{"type":"Feature","properties":{"id":"780006817","name":"Av. Sapopemba, 11625","lines":["3141-10","3390-10","5110-24"]},"geometry":{"type":"Point","coordinates":[-46.49745,-23.61404]}},{"type":"Feature","properties":{"id":"780006818","name":"Av. Sapopemba, 11180","lines":["3141-10","3390-10","5110-24"]},"geometry":{"type":"Point","coordinates":[-46.50131,-23.61463]}},{"type":"Feature","properties":{"id":"780006820","name":"Av. Sapopemba, 10226","lines":["3141-10","3390-10","5110-24","5141-10","5143-10","5144-10"]},"geometry":{"type":"Point","coordinates":[-46.50584,-23.60877]}},{"type":"Feature","properties":{"id":"780006821","name":"Av. Sapopemba, 9829","lines":["3141-10","3390-10","5110-24","5141-10","5143-10","5144-10"]},"geometry":{"type":"Point","coordinates":[-46.50798,-23.60576]}},{"type":"Feature","properties":{"id":"780012758","name":"Av. Prof. Luiz Ignácio Anhaia Mello, 8020","lines":["5110-24","5143-10"]},"geometry":{"type":"Point","coordinates":[-46.52421,-23.60217]}},{"type":"Feature","properties":{"id":"780012760","name":"Av. Prof. Luiz Ignácio Anhaia Mello, 8480","lines":["5110-24","5143-10"]},"geometry":{"type":"Point","coordinates":[-46.51929,-23.60273]}},{"type":"Feature","properties":{"id":"780012762","name":"Av. Prof. Luiz Ignácio Anhaia Mello, 9230","lines":["5110-24","5143-10"]},"geometry":{"type":"Point","coordinates":[-46.51407,-23.6033]}},{"type":"Feature","properties":{"id":"780012763","name":"Av. Prof. Luiz Ignácio Anhaia Mello, 9500","lines":["5110-24","5143-10"]},"geometry":{"type":"Point","coordinates":[-46.51109,-23.60441]}},{"type":"Feature","properties":{"id":"780012764","name":"Av. João Tobias Rabelo, 9837","lines":["5143-10"]},"geometry":{"type":"Point","coordinates":[-46.50951,-23.60634]}},{"type":"Feature","properties":{"id":"780012767","name":"Av. Prof. Luiz Ignácio Anhaia Mello, 8853","lines":["5110-24","5143-10"]},"geometry":{"type":"Point","coordinates":[-46.51803,-23.6024]}},{"type":"Feature","properties":{"id":"780012768","name":"Av. Prof. Luiz Ignácio Anhaia Mello, 8579","lines":["5110-24","5143-10"]},"geometry":{"type":"Point","coordinates":[-46.52034,-23.60239]}},{"type":"Feature","properties":{"id":"790009965","name":"Av. Indianópolis, 3408","lines":["675I-10"]},"geometry":{"type":"Point","coordinates":[-46.64458,-23.62755]}},{"type":"Feature","properties":{"id":"790009966","name":"Av. Indianópolis, 3145","lines":["675I-10"]},"geometry":{"type":"Point","coordinates":[-46.64547,-23.62491]}},{"type":"Feature","properties":{"id":"790009967","name":"Av. Indianópolis, 2751","lines":["675I-10"]},"geometry":{"type":"Point","coordinates":[-46.64667,-23.62196]}},{"type":"Feature","properties":{"id":"790009968","name":"Av. Indianópolis, 2509","lines":["675I-10"]},"geometry":{"type":"Point","coordinates":[-46.64752,-23.61998]}},{"type":"Feature","properties":{"id":"790009969","name":"Av. Indianópolis, 2365","lines":["675I-10"]},"geometry":{"type":"Point","coordinates":[-46.648,-23.61878]}},{"type":"Feature","properties":{"id":"790009970","name":"Av. Indianópolis, 2025","lines":["675I-10"]},"geometry":{"type":"Point","coordinates":[-46.64909,-23.61623]}},{"type":"Feature","properties":{"id":"790009971","name":"Av. Indianópolis, 1819","lines":["675I-10"]},"geometry":{"type":"Point","coordinates":[-46.64992,-23.6142]}},{"type":"Feature","properties":{"id":"790009973","name":"Av. Indianópolis, 1371","lines":["675I-10"]},"geometry":{"type":"Point","coordinates":[-46.65141,-23.61045]}},{"type":"Feature","properties":{"id":"790009974","name":"Av. Indianópolis, 1267","lines":["675I-10"]},"geometry":{"type":"Point","coordinates":[-46.65202,-23.60917]}},{"type":"Feature","properties":{"id":"790009991","name":"Av. Indianópolis, 1192","lines":["675I-10"]},"geometry":{"type":"Point","coordinates":[-46.65246,-23.60867]}},{"type":"Feature","properties":{"id":"790009992","name":"Av. Indianópolis, 1350","lines":["675I-10"]},"geometry":{"type":"Point","coordinates":[-46.65167,-23.61042]}},{"type":"Feature","properties":{"id":"790009993","name":"Av. Indianópolis, 1600","lines":["675I-10"]},"geometry":{"type":"Point","coordinates":[-46.65086,-23.61248]}},{"type":"Feature","properties":{"id":"790009994","name":"Av. Indianópolis, 2030","lines":["675I-10"]},"geometry":{"type":"Point","coordinates":[-46.64926,-23.61634]}},{"type":"Feature","properties":{"id":"790009995","name":"Av. Indianópolis, 2408","lines":["675I-10"]},"geometry":{"type":"Point","coordinates":[-46.64812,-23.61909]}},{"type":"Feature","properties":{"id":"790009996","name":"Av. Indianópolis, 2866","lines":["675I-10"]},"geometry":{"type":"Point","coordinates":[-46.64644,-23.62312]}},{"type":"Feature","properties":{"id":"790009997","name":"Av. Indianópolis, 3096","lines":["675I-10"]},"geometry":{"type":"Point","coordinates":[-46.64565,-23.62501]}},{"type":"Feature","properties":{"id":"790013716","name":"R. Afonso Celso, 1337","lines":["475R-10"]},"geometry":{"type":"Point","coordinates":[-46.63504,-23.60335]}},{"type":"Feature","properties":{"id":"790015062","name":"Cruz Vermelha Brasileira","lines":["175T-10","5178-10","5630-10","675I-10"]},"geometry":{"type":"Point","coordinates":[-46.65757,-23.61314]}},{"type":"Feature","properties":{"id":"790015063","name":"Av. Moreira Guimarães","lines":["175T-10","5178-10","5630-10","675I-10"]},"geometry":{"type":"Point","coordinates":[-46.65449,-23.61007]}},{"type":"Feature","properties":{"id":"790015064","name":"Av. Rubem Berta, 1111","lines":["175T-10","5178-10","5630-10"]},"geometry":{"type":"Point","coordinates":[-46.65221,-23.60771]}},{"type":"Feature","properties":{"id":"790015065","name":"Av. Rubem Berta","lines":["175T-10","5178-10","5630-10"]},"geometry":{"type":"Point","coordinates":[-46.65103,-23.60302]}},{"type":"Feature","properties":{"id":"790015103","name":"R. Loefgreen, 1764","lines":["475R-10"]},"geometry":{"type":"Point","coordinates":[-46.64265,-23.59969]}},{"type":"Feature","properties":{"id":"790015104","name":"R. Loefgreen, 1974","lines":["475R-10"]},"geometry":{"type":"Point","coordinates":[-46.64468,-23.59953]}},{"type":"Feature","properties":{"id":"790015146","name":"Av. Rubem Berta","lines":["175T-10","5178-10","5630-10"]},"geometry":{"type":"Point","coordinates":[-46.65074,-23.60004]}},{"type":"Feature","properties":{"id":"790016143","name":"Av. Miguel Estefno, 583","lines":["475R-10"]},"geometry":{"type":"Point","coordinates":[-46.63403,-23.62113]}},{"type":"Feature","properties":{"id":"790016144","name":"Av. Miguel Estefno, 193","lines":["475R-10"]},"geometry":{"type":"Point","coordinates":[-46.63762,-23.62]}},{"type":"Feature","properties":{"id":"790016153","name":"Agha Riza","lines":["675I-10"]},"geometry":{"type":"Point","coordinates":[-46.6388,-23.62522]}},{"type":"Feature","properties":{"id":"790016157","name":"Major Freire","lines":["475R-10"]},"geometry":{"type":"Point","coordinates":[-46.63789,-23.62717]}},{"type":"Feature","properties":{"id":"790016158","name":"Av. Fagundes Filho, 646","lines":["475R-10"]},"geometry":{"type":"Point","coordinates":[-46.63542,-23.62702]}},{"type":"Feature","properties":{"id":"790016159","name":"Av. Fagundes Filho, 900","lines":["475R-10"]},"geometry":{"type":"Point","coordinates":[-46.6329,-23.62649]}},{"type":"Feature","properties":{"id":"790016221","name":"Av. Jabaquara, 1621","lines":["475R-10"]},"geometry":{"type":"Point","coordinates":[-46.63902,-23.61847]}},{"type":"Feature","properties":{"id":"790016222","name":"Av. Jabaquara, 1381","lines":["475R-10"]},"geometry":{"type":"Point","coordinates":[-46.63863,-23.61636]}},{"type":"Feature","properties":{"id":"790016224","name":"Av. Jabaquara, 657","lines":["475R-10"]},"geometry":{"type":"Point","coordinates":[-46.63774,-23.60988]}},{"type":"Feature","properties":{"id":"790016226","name":"R. Domingos De Morais, 2800","lines":["475R-10"]},"geometry":{"type":"Point","coordinates":[-46.63684,-23.60089]}},{"type":"Feature","properties":{"id":"790016337","name":"Av. Jabaquara, 373","lines":["475R-10"]},"geometry":{"type":"Point","coordinates":[-46.63752,-23.60736]}},{"type":"Feature","properties":{"id":"790016341","name":"R. Domingos De Morais, 3088","lines":["475R-10"]},"geometry":{"type":"Point","coordinates":[-46.63686,-23.60362]}},{"type":"Feature","properties":{"id":"790016343","name":"Av. Jabaquara, 282","lines":["475R-10"]},"geometry":{"type":"Point","coordinates":[-46.63746,-23.60627]}},{"type":"Feature","properties":{"id":"790016344","name":"Av. Jabaquara, 494","lines":["475R-10"]},"geometry":{"type":"Point","coordinates":[-46.63798,-23.60841]}},{"type":"Feature","properties":{"id":"790016345","name":"Av. Jabaquara, 876","lines":["475R-10"]},"geometry":{"type":"Point","coordinates":[-46.63801,-23.61186]}},{"type":"Feature","properties":{"id":"790016346","name":"Av. Jabaquara, 1170","lines":["475R-10"]},"geometry":{"type":"Point","coordinates":[-46.63837,-23.61436]}},{"type":"Feature","properties":{"id":"790016347","name":"Av. Jabaquara, 1452","lines":["475R-10"]},"geometry":{"type":"Point","coordinates":[-46.639,-23.61695]}},{"type":"Feature","properties":{"id":"790016349","name":"Av. Jabaquara, 1898","lines":["475R-10"]},"geometry":{"type":"Point","coordinates":[-46.63984,-23.62089]}},{"type":"Feature","properties":{"id":"790016350","name":"Parada 1 - Metrô São Judas C/B","lines":["475R-10"]},"geometry":{"type":"Point","coordinates":[-46.64071,-23.6247]}},{"type":"Feature","properties":{"id":"790016352","name":"Av. Jabaquara, 2604","lines":["675I-10"]},"geometry":{"type":"Point","coordinates":[-46.64147,-23.62654]}},{"type":"Feature","properties":{"id":"790016354","name":"Indianópolis","lines":["675I-10"]},"geometry":{"type":"Point","coordinates":[-46.64392,-23.62798]}},{"type":"Feature","properties":{"id":"790016357","name":"São Judas Tadeu","lines":["675I-10"]},"geometry":{"type":"Point","coordinates":[-46.64242,-23.62737]}},{"type":"Feature","properties":{"id":"790016358","name":"Parada 1 Metrô São Judas","lines":["675I-10"]},"geometry":{"type":"Point","coordinates":[-46.64065,-23.62574]}},{"type":"Feature","properties":{"id":"800000367","name":"R. Da Cantareira, 651","lines":["5107-10","5141-10"]},"geometry":{"type":"Point","coordinates":[-46.62878,-23.53868]}},{"type":"Feature","properties":{"id":"800001991","name":"R. Da Glória, 138","lines":["715M-10"]},"geometry":{"type":"Point","coordinates":[-46.63436,-23.55452]}},{"type":"Feature","properties":{"id":"800008374","name":"R. Cons. Furtado, 135","lines":["5108-10"]},"geometry":{"type":"Point","coordinates":[-46.63315,-23.55412]}},{"type":"Feature","properties":{"id":"800008376","name":"R. Cons. Furtado, 371","lines":["5108-10"]},"geometry":{"type":"Point","coordinates":[-46.63301,-23.55618]}},{"type":"Feature","properties":{"id":"800008381","name":"Ac. Ao Viaduto Dona Paulina","lines":["5300-10","5630-10","6455-10"]},"geometry":{"type":"Point","coordinates":[-46.63613,-23.5526]}},{"type":"Feature","properties":{"id":"800011035","name":"R. Da Cantareira, 201","lines":["5107-10","5141-10"]},"geometry":{"type":"Point","coordinates":[-46.63035,-23.5423]}},{"type":"Feature","properties":{"id":"800012611","name":"Secretaria Da Fazenda - Poupatempo","lines":["5630-10"]},"geometry":{"type":"Point","coordinates":[-46.62969,-23.54952]}},{"type":"Feature","properties":{"id":"800012673","name":"Pq. D. Pedro II","lines":["4310-10","4313-10"]},"geometry":{"type":"Point","coordinates":[-46.62857,-23.55029]}},{"type":"Feature","properties":{"id":"800012677","name":"Dom Pedro II","lines":["3141-10","3390-10","4311-10","5108-10","5143-10"]},"geometry":{"type":"Point","coordinates":[-46.62826,-23.55018]}},{"type":"Feature","properties":{"id":"800012681","name":"R. Teixeira Leite, 93","lines":["3390-10","5107-10","5108-10"]},"geometry":{"type":"Point","coordinates":[-46.62751,-23.55492]}},{"type":"Feature","properties":{"id":"800012998","name":"Ac. Retorno Sobre Túnel Papa João Paulo II, 300","lines":["1178-10","1178-31","5107-10","5141-10"]},"geometry":{"type":"Point","coordinates":[-46.63465,-23.54257]}},{"type":"Feature","properties":{"id":"800013000","name":"Av. Prestes Maia, 488","lines":["5107-10","5141-10","609F-10","7550-10"]},"geometry":{"type":"Point","coordinates":[-46.63371,-23.54016]}},{"type":"Feature","properties":{"id":"800014590","name":"Estacao Pedro Segundo","lines":["5143-10"]},"geometry":{"type":"Point","coordinates":[-46.6253,-23.55123]}},{"type":"Feature","properties":{"id":"800015053","name":"R. Dr. Bittencourt Rodrigues (pça. Fernando Costa)","lines":["475R-10","5108-10","5111-10","5300-10","6403-10"]},"geometry":{"type":"Point","coordinates":[-46.63218,-23.54662]}},{"type":"Feature","properties":{"id":"800015214","name":"R. Vinte E Cinco De Março, 267","lines":["5107-10","5141-10"]},"geometry":{"type":"Point","coordinates":[-46.63115,-23.54738]}},{"type":"Feature","properties":{"id":"800015919","name":"Terminal Mercado","lines":["5105-10"]},"geometry":{"type":"Point","coordinates":[-46.62874,-23.54719]}},{"type":"Feature","properties":{"id":"800015920","name":"Terminal Mercado","lines":["5109-10"]},"geometry":{"type":"Point","coordinates":[-46.62876,-23.54737]}},{"type":"Feature","properties":{"id":"800015932","name":"Av. Do Estado","lines":["5143-10"]},"geometry":{"type":"Point","coordinates":[-46.62617,-23.55328]}},{"type":"Feature","properties":{"id":"800016417","name":"Av. Vinte E Três De Maio","lines":["175T-10","5318-10","5370-10","5391-10"]},"geometry":{"type":"Point","coordinates":[-46.63656,-23.55275]}},{"type":"Feature","properties":{"id":"800016488","name":"Terminal Parque Dom Pedro II - Plat 01","lines":["6403-10"]},"geometry":{"type":"Point","coordinates":[-46.62982,-23.54798]}},{"type":"Feature","properties":{"id":"800016500","name":"Terminal Parque Dom Pedro II - Plat 02","lines":["2582-10"]},"geometry":{"type":"Point","coordinates":[-46.63092,-23.54627]}},{"type":"Feature","properties":{"id":"800016505","name":"Terminal Parque Dom Pedro II - Plat 02","lines":["4311-10"]},"geometry":{"type":"Point","coordinates":[-46.6304,-23.54696]}},{"type":"Feature","properties":{"id":"800016514","name":"Terminal Parque Dom Pedro II - Plat 03","lines":["4210-10"]},"geometry":{"type":"Point","coordinates":[-46.63014,-23.54705]}},{"type":"Feature","properties":{"id":"800016519","name":"Terminal Parque Dom Pedro II - Plat 03","lines":["2552-10"]},"geometry":{"type":"Point","coordinates":[-46.63052,-23.54648]}},{"type":"Feature","properties":{"id":"800016531","name":"Terminal Parque Dom Pedro II - Plat 04","lines":["4313-10"]},"geometry":{"type":"Point","coordinates":[-46.62949,-23.54789]}},{"type":"Feature","properties":{"id":"800016532","name":"Terminal Parque Dom Pedro II - Plat 05","lines":["5108-10"]},"geometry":{"type":"Point","coordinates":[-46.62941,-23.54766]}},{"type":"Feature","properties":{"id":"800016534","name":"Terminal Parque Dom Pedro II - Plat 05","lines":["3390-10"]},"geometry":{"type":"Point","coordinates":[-46.62964,-23.54732]}},{"type":"Feature","properties":{"id":"800016536","name":"Terminal Parque Dom Pedro II - Plat 05","lines":["475R-10"]},"geometry":{"type":"Point","coordinates":[-46.62984,-23.54703]}},{"type":"Feature","properties":{"id":"800016539","name":"Terminal Parque Dom Pedro II - Plat 05","lines":["5143-10"]},"geometry":{"type":"Point","coordinates":[-46.63008,-23.54667]}},{"type":"Feature","properties":{"id":"800016541","name":"Terminal Parque Dom Pedro II - Plat 05","lines":["3141-10"]},"geometry":{"type":"Point","coordinates":[-46.63025,-23.54643]}},{"type":"Feature","properties":{"id":"800016552","name":"Terminal Parque Dom Pedro II - Plat 06","lines":["208V-10"]},"geometry":{"type":"Point","coordinates":[-46.62924,-23.54772]}},{"type":"Feature","properties":{"id":"800016572","name":"Av. Da Liberdade, 47","lines":["5178-10","715M-10"]},"geometry":{"type":"Point","coordinates":[-46.63477,-23.55334]}},{"type":"Feature","properties":{"id":"800016582","name":"Av. Da Liberdade, 333","lines":["715M-10"]},"geometry":{"type":"Point","coordinates":[-46.63564,-23.5551]}},{"type":"Feature","properties":{"id":"800016586","name":"Pça. Dr. João Mendes","lines":["5178-10","6455-10"]},"geometry":{"type":"Point","coordinates":[-46.63478,-23.55218]}},{"type":"Feature","properties":{"id":"800016588","name":"Poupatempo / Sé","lines":["5630-10"]},"geometry":{"type":"Point","coordinates":[-46.63191,-23.55069]}},{"type":"Feature","properties":{"id":"800016589","name":"Parada Roberto Simonsen","lines":["475R-10","5111-10","5300-10"]},"geometry":{"type":"Point","coordinates":[-46.63136,-23.54998]}},{"type":"Feature","properties":{"id":"800016594","name":"Brigadeiro","lines":["6455-10"]},"geometry":{"type":"Point","coordinates":[-46.63701,-23.55129]}},{"type":"Feature","properties":{"id":"800016595","name":"Brigadeiro","lines":["5119-10"]},"geometry":{"type":"Point","coordinates":[-46.63724,-23.55167]}},{"type":"Feature","properties":{"id":"800016597","name":"Brigadeiro","lines":["5370-10"]},"geometry":{"type":"Point","coordinates":[-46.63711,-23.55131]}},{"type":"Feature","properties":{"id":"800016598","name":"R. Riachuelo, 74","lines":["5119-10","5178-10","6455-10","7550-10"]},"geometry":{"type":"Point","coordinates":[-46.63598,-23.55092]}},{"type":"Feature","properties":{"id":"800016949","name":"R. Dr. Bittencourt Rodrigues, 112","lines":["475R-10","5108-10","5111-10","5300-10","6403-10"]},"geometry":{"type":"Point","coordinates":[-46.63121,-23.54898]}},{"type":"Feature","properties":{"id":"810009818","name":"Benedito F. Da Silva C/B","lines":["5370-10","637G-10","675X-10"]},"geometry":{"type":"Point","coordinates":[-46.7015,-23.69734]}},{"type":"Feature","properties":{"id":"810009819","name":"Sabesp B/C","lines":["5370-10","637G-10","675X-10"]},"geometry":{"type":"Point","coordinates":[-46.70144,-23.69662]}},{"type":"Feature","properties":{"id":"810009884","name":"Biazzo Savino C/B","lines":["5370-10","637G-10","675X-10"]},"geometry":{"type":"Point","coordinates":[-46.70159,-23.69454]}},{"type":"Feature","properties":{"id":"810009900","name":"Ângelo Santi B/C","lines":["5370-10","637G-10","675X-10"]},"geometry":{"type":"Point","coordinates":[-46.70154,-23.69272]}},{"type":"Feature","properties":{"id":"810009901","name":"Brasília P. Oliveira B/C","lines":["5370-10","637G-10","675X-10"]},"geometry":{"type":"Point","coordinates":[-46.70148,-23.6901]}},{"type":"Feature","properties":{"id":"810009902","name":"Av. Do Rio Bonito, 2012","lines":["5370-10","637G-10","675X-10"]},"geometry":{"type":"Point","coordinates":[-46.70163,-23.69009]}},{"type":"Feature","properties":{"id":"810009903","name":"Brasílio Veiga","lines":["5370-10","637G-10","675X-10"]},"geometry":{"type":"Point","coordinates":[-46.70235,-23.68601]}},{"type":"Feature","properties":{"id":"810009904","name":"Maria A. Cardia C/B","lines":["5370-10","637G-10","675X-10"]},"geometry":{"type":"Point","coordinates":[-46.70255,-23.68573]}},{"type":"Feature","properties":{"id":"810009905","name":"Antonio M. Santos B/C","lines":["5370-10","637G-10","675X-10"]},"geometry":{"type":"Point","coordinates":[-46.70324,-23.68385]}},{"type":"Feature","properties":{"id":"810009906","name":"Arnoldo Felmanas B/C","lines":["5370-10","637G-10","675X-10"]},"geometry":{"type":"Point","coordinates":[-46.70433,-23.6824]}},{"type":"Feature","properties":{"id":"810009907","name":"Arnoldo Felmanas C/B","lines":["5370-10","637G-10","675X-10"]},"geometry":{"type":"Point","coordinates":[-46.70461,-23.68226]}},{"type":"Feature","properties":{"id":"810009908","name":"Guaratiba B/C","lines":["5370-10","637G-10","675X-10"]},"geometry":{"type":"Point","coordinates":[-46.70572,-23.68067]}},{"type":"Feature","properties":{"id":"810009909","name":"Dos Lagos C/B","lines":["5370-10","637G-10","675X-10"]},"geometry":{"type":"Point","coordinates":[-46.70587,-23.68072]}},{"type":"Feature","properties":{"id":"810009910","name":"Brasílio M. Neto C/B","lines":["5370-10","637G-10","675X-10"]},"geometry":{"type":"Point","coordinates":[-46.70749,-23.67736]}},{"type":"Feature","properties":{"id":"810009911","name":"Rita F. Silva B/C","lines":["5370-10","637G-10","675X-10"]},"geometry":{"type":"Point","coordinates":[-46.70761,-23.67681]}},{"type":"Feature","properties":{"id":"810009912","name":"Euclydes Da Cunha C/B","lines":["5370-10","637G-10","675X-10"]},"geometry":{"type":"Point","coordinates":[-46.70933,-23.67385]}},{"type":"Feature","properties":{"id":"810009913","name":"Xavier De Matos B/C","lines":["5370-10","637G-10","675X-10"]},"geometry":{"type":"Point","coordinates":[-46.70987,-23.67251]}},{"type":"Feature","properties":{"id":"810009915","name":"Parada Mendel","lines":["5370-10","637G-10","675X-10"]},"geometry":{"type":"Point","coordinates":[-46.71155,-23.67166]}},{"type":"Feature","properties":{"id":"810009941","name":"Parada Dos Inocentes B/C","lines":["6913-10","6913-21","6960-10","6970-10"]},"geometry":{"type":"Point","coordinates":[-46.71219,-23.67207]}},{"type":"Feature","properties":{"id":"810009942","name":"Parada Dos Inocentes C/B","lines":["6913-10","6913-21","6960-10","6970-10"]},"geometry":{"type":"Point","coordinates":[-46.71233,-23.6723]}},{"type":"Feature","properties":{"id":"810009943","name":"João De Barros B/C","lines":["6913-10","6913-21","6960-10","6970-10"]},"geometry":{"type":"Point","coordinates":[-46.71237,-23.67601]}},{"type":"Feature","properties":{"id":"810009944","name":"João De Barros C/B","lines":["6913-10","6913-21","6960-10","6970-10"]},"geometry":{"type":"Point","coordinates":[-46.71247,-23.67625]}},{"type":"Feature","properties":{"id":"810009945","name":"Mar Del Plata B/C","lines":["6913-10","6913-21","6960-10","6970-10"]},"geometry":{"type":"Point","coordinates":[-46.71307,-23.6802]}},{"type":"Feature","properties":{"id":"810009946","name":"Mar Del Plata C/B","lines":["6913-10","6913-21","6960-10","6970-10"]},"geometry":{"type":"Point","coordinates":[-46.71321,-23.68032]}},{"type":"Feature","properties":{"id":"810009947","name":"Primo Tisseli C/B","lines":["6913-10","6913-21","6960-10","6970-10"]},"geometry":{"type":"Point","coordinates":[-46.71451,-23.68426]}},{"type":"Feature","properties":{"id":"810009948","name":"Primo Tisseli B/C","lines":["6913-10","6913-21","6960-10","6970-10"]},"geometry":{"type":"Point","coordinates":[-46.71441,-23.68402]}},{"type":"Feature","properties":{"id":"810009949","name":"Nicolau C/B","lines":["6913-10","6913-21","6960-10","6970-10"]},"geometry":{"type":"Point","coordinates":[-46.71467,-23.6884]}},{"type":"Feature","properties":{"id":"810009950","name":"Nicolau B/C","lines":["6913-10","6913-21","6960-10","6970-10"]},"geometry":{"type":"Point","coordinates":[-46.71457,-23.6882]}},{"type":"Feature","properties":{"id":"810009951","name":"Leonardo De Fassio B/C","lines":["6913-10","6913-21","6960-10","6970-10"]},"geometry":{"type":"Point","coordinates":[-46.71479,-23.69356]}},{"type":"Feature","properties":{"id":"810009952","name":"Leonardo De Fassio C/B","lines":["6913-10","6913-21","6960-10","6970-10"]},"geometry":{"type":"Point","coordinates":[-46.7149,-23.6938]}},{"type":"Feature","properties":{"id":"810009953","name":"Porto Artur C/B","lines":["6913-10","6913-21","6960-10","6970-10"]},"geometry":{"type":"Point","coordinates":[-46.71501,-23.69659]}},{"type":"Feature","properties":{"id":"810009954","name":"Porto Artur B/C","lines":["6913-10","6913-21","6960-10","6970-10"]},"geometry":{"type":"Point","coordinates":[-46.7149,-23.69642]}},{"type":"Feature","properties":{"id":"810009955","name":"Paranópolis C/B","lines":["6913-10","6913-21","6960-10","6970-10"]},"geometry":{"type":"Point","coordinates":[-46.71512,-23.70127]}},{"type":"Feature","properties":{"id":"810009956","name":"Paranópolis B/C","lines":["6913-10","6913-21","6960-10","6970-10"]},"geometry":{"type":"Point","coordinates":[-46.71502,-23.70107]}},{"type":"Feature","properties":{"id":"810009963","name":"Parada 1 - Largo Do Socorro B/C","lines":["637G-10","675X-10","6960-10","6970-10"]},"geometry":{"type":"Point","coordinates":[-46.712,-23.66727]}},{"type":"Feature","properties":{"id":"810009964","name":"Parada 2 - Largo Do Socorro B/C","lines":["5370-10","6913-10","6913-21"]},"geometry":{"type":"Point","coordinates":[-46.71198,-23.66657]}},{"type":"Feature","properties":{"id":"810011961","name":"Av. De Pinedo, 414","lines":["5370-10","637G-10","675X-10"]},"geometry":{"type":"Point","coordinates":[-46.71429,-23.66933]}},{"type":"Feature","properties":{"id":"810011973","name":"Peri Peri","lines":["5391-10","6505-10","675K-10","737A-10"]},"geometry":{"type":"Point","coordinates":[-46.71473,-23.66601]}},{"type":"Feature","properties":{"id":"810011974","name":"Peri Peri","lines":["5391-10","6505-10","675K-10","737A-10"]},"geometry":{"type":"Point","coordinates":[-46.71521,-23.66602]}},{"type":"Feature","properties":{"id":"810011976","name":"Ptolomeu","lines":["5391-10","6505-10","675K-10","737A-10"]},"geometry":{"type":"Point","coordinates":[-46.71922,-23.66641]}},{"type":"Feature","properties":{"id":"810011977","name":"Ptolomeu","lines":["5391-10","6505-10","675K-10","737A-10"]},"geometry":{"type":"Point","coordinates":[-46.72034,-23.66655]}},{"type":"Feature","properties":{"id":"820005545","name":"Parada 1 - Metrô Tatuapé","lines":["4310-10"]},"geometry":{"type":"Point","coordinates":[-46.57578,-23.54076]}},{"type":"Feature","properties":{"id":"820005546","name":"Parada 2 - Metrô Tatuapé","lines":["4311-10","4313-10"]},"geometry":{"type":"Point","coordinates":[-46.57602,-23.54082]}},{"type":"Feature","properties":{"id":"820012014","name":"Av. Cde. De Frontin, 542","lines":["4210-10","4310-10","4311-10","4313-10"]},"geometry":{"type":"Point","coordinates":[-46.55258,-23.53562]}},{"type":"Feature","properties":{"id":"820012486","name":"Av. Cde. De Frontin, 0","lines":["4310-10","4311-10","4313-10"]},"geometry":{"type":"Point","coordinates":[-46.55773,-23.53671]}},{"type":"Feature","properties":{"id":"820012500","name":"Metrô Carrão - Parada 2","lines":["4311-10","4313-10"]},"geometry":{"type":"Point","coordinates":[-46.56452,-23.5385]}},{"type":"Feature","properties":{"id":"820012501","name":"Metrô Carrão - Parada 1","lines":["4310-10"]},"geometry":{"type":"Point","coordinates":[-46.56399,-23.53839]}},{"type":"Feature","properties":{"id":"820012531","name":"Parada 1/2/3 - Retiro","lines":["208V-10","2552-10","2582-10","3301-10"]},"geometry":{"type":"Point","coordinates":[-46.55628,-23.53058]}},{"type":"Feature","properties":{"id":"820012533","name":"Parada 1/2/3 - Antônio De Barros","lines":["208V-10","2552-10","2582-10","3301-10"]},"geometry":{"type":"Point","coordinates":[-46.55864,-23.53126]}},{"type":"Feature","properties":{"id":"820012535","name":"Parada 1/2/3 - Antônio De Barros","lines":["208V-10","2552-10","2582-10","3301-10"]},"geometry":{"type":"Point","coordinates":[-46.55947,-23.53167]}},{"type":"Feature","properties":{"id":"820012539","name":"Parada 1/2/3 - Hospital Cristo Rei","lines":["208V-10","2552-10","2582-10","3301-10","4210-10"]},"geometry":{"type":"Point","coordinates":[-46.56259,-23.53275]}},{"type":"Feature","properties":{"id":"820012541","name":"Parada 1/2/3 - Hospital Cristo Rei","lines":["208V-10","2552-10","2582-10","3301-10","4210-10"]},"geometry":{"type":"Point","coordinates":[-46.56422,-23.53316]}},{"type":"Feature","properties":{"id":"820012542","name":"Parada 2 - Hosp. Munic. Tatuapé","lines":["208V-10","2552-10","2582-10","3301-10"]},"geometry":{"type":"Point","coordinates":[-46.56748,-23.53411]}},{"type":"Feature","properties":{"id":"820012544","name":"Parada 1/3 - Hosp. Munic. Do Tatuapé","lines":["4210-10"]},"geometry":{"type":"Point","coordinates":[-46.56706,-23.53424]}},{"type":"Feature","properties":{"id":"820012545","name":"Parada 2 - Hosp. Municipal Tatuapé","lines":["208V-10","2552-10","2582-10","3301-10"]},"geometry":{"type":"Point","coordinates":[-46.56755,-23.53441]}},{"type":"Feature","properties":{"id":"820012549","name":"Parada 1/2/3 - Biblioteca","lines":["208V-10","2552-10","2582-10","3301-10","4210-10"]},"geometry":{"type":"Point","coordinates":[-46.57297,-23.53586]}},{"type":"Feature","properties":{"id":"820012550","name":"Parada 1/2/3 - Tuiuti","lines":["208V-10","2552-10","2582-10","3301-10","4210-10"]},"geometry":{"type":"Point","coordinates":[-46.57323,-23.53561]}},{"type":"Feature","properties":{"id":"820012552","name":"Parada 1/2/3 - Tuiuti","lines":["208V-10","2552-10","2582-10","3301-10","4210-10"]},"geometry":{"type":"Point","coordinates":[-46.57618,-23.53518]}},{"type":"Feature","properties":{"id":"820012556","name":"Parada 1/2/3 - Henrique Sertório","lines":["208V-10","2552-10","2582-10","3301-10","4210-10"]},"geometry":{"type":"Point","coordinates":[-46.5784,-23.53501]}},{"type":"Feature","properties":{"id":"820012557","name":"Parada 1/2/3 - Salim Farah Maluf","lines":["208V-10","2552-10","2582-10","3301-10","4210-10"]},"geometry":{"type":"Point","coordinates":[-46.58012,-23.5351]}},{"type":"Feature","properties":{"id":"820012561","name":"Av. Cdssa. Elisabeth De Robiano, 1880","lines":["1178-10","1178-31"]},"geometry":{"type":"Point","coordinates":[-46.58025,-23.52788]}},{"type":"Feature","properties":{"id":"820012562","name":"Av. Cdssa. Elisabeth De Robiano, 2458","lines":["1178-10","1178-31"]},"geometry":{"type":"Point","coordinates":[-46.57477,-23.52691]}},{"type":"Feature","properties":{"id":"820012563","name":"Av. Cdssa. Elisabeth De Robiano, 2960","lines":["1178-10","1178-31"]},"geometry":{"type":"Point","coordinates":[-46.57108,-23.52732]}},{"type":"Feature","properties":{"id":"820012565","name":"Av. Cdssa. Elisabeth De Robiano, 3792","lines":["1178-10","1178-31"]},"geometry":{"type":"Point","coordinates":[-46.56352,-23.52626]}},{"type":"Feature","properties":{"id":"850011306","name":"Av. Giovanni Gronchi, 3975","lines":["5119-10"]},"geometry":{"type":"Point","coordinates":[-46.73137,-23.6145]}},{"type":"Feature","properties":{"id":"850011307","name":"Av. Giovanni Gronchi, 4321","lines":["5119-10"]},"geometry":{"type":"Point","coordinates":[-46.73142,-23.61595]}},{"type":"Feature","properties":{"id":"850011308","name":"Av. Giovanni Gronchi, 4499","lines":["5119-10"]},"geometry":{"type":"Point","coordinates":[-46.73283,-23.61908]}},{"type":"Feature","properties":{"id":"850011309","name":"Av. Giovanni Gronchi, 4559","lines":["5119-10"]},"geometry":{"type":"Point","coordinates":[-46.73328,-23.62032]}},{"type":"Feature","properties":{"id":"850011310","name":"Av. Giovanni Gronchi, 4822","lines":["5119-10"]},"geometry":{"type":"Point","coordinates":[-46.73368,-23.62186]}},{"type":"Feature","properties":{"id":"850011311","name":"Av. Giovanni Gronchi, 5201","lines":["5119-10"]},"geometry":{"type":"Point","coordinates":[-46.73385,-23.62347]}},{"type":"Feature","properties":{"id":"850011312","name":"Av. Giovanni Gronchi, 5021","lines":["5119-10"]},"geometry":{"type":"Point","coordinates":[-46.73397,-23.62348]}},{"type":"Feature","properties":{"id":"850011313","name":"Av. Giovanni Gronchi, 5420","lines":["5119-10"]},"geometry":{"type":"Point","coordinates":[-46.73496,-23.62618]}},{"type":"Feature","properties":{"id":"850011314","name":"Av. Giovanni Gronchi, 5490","lines":["5119-10"]},"geometry":{"type":"Point","coordinates":[-46.7359,-23.62773]}},{"type":"Feature","properties":{"id":"850011315","name":"Av. Giovanni Gronchi, 5812","lines":["5119-10"]},"geometry":{"type":"Point","coordinates":[-46.73661,-23.63087]}},{"type":"Feature","properties":{"id":"850011317","name":"Av. Giovanni Gronchi, 6701","lines":["5119-10"]},"geometry":{"type":"Point","coordinates":[-46.73663,-23.63848]}},{"type":"Feature","properties":{"id":"850011318","name":"Av. Giovanni Gronchi, 5819","lines":["5119-10"]},"geometry":{"type":"Point","coordinates":[-46.73626,-23.62999]}},{"type":"Feature","properties":{"id":"850011319","name":"Av. Giovanni Gronchi, 5461","lines":["5119-10"]},"geometry":{"type":"Point","coordinates":[-46.73569,-23.62757]}},{"type":"Feature","properties":{"id":"850011320","name":"Av. Giovanni Gronchi, 5351","lines":["5119-10"]},"geometry":{"type":"Point","coordinates":[-46.73441,-23.62569]}},{"type":"Feature","properties":{"id":"850011321","name":"Av. Giovanni Gronchi, 3567","lines":["5119-10"]},"geometry":{"type":"Point","coordinates":[-46.72918,-23.61263]}},{"type":"Feature","properties":{"id":"850014044","name":"Parada Carrefour Giovanni Gronchi","lines":["5119-10"]},"geometry":{"type":"Point","coordinates":[-46.73516,-23.64182]}},{"type":"Feature","properties":{"id":"850015995","name":"Av. Mj. Sylvio De Magalhães Padilha, 16741","lines":["609F-10","6200-10","637A-10","6403-10","6451-10","677A-10"]},"geometry":{"type":"Point","coordinates":[-46.71732,-23.63029]}},{"type":"Feature","properties":{"id":"850015996","name":"Av. Mj. Sylvio De Magalhães Padilha","lines":["6200-10","637A-10","677A-10"]},"geometry":{"type":"Point","coordinates":[-46.72719,-23.64304]}},{"type":"Feature","properties":{"id":"860002593","name":"Av. Nordestina, 4152","lines":["2582-10"]},"geometry":{"type":"Point","coordinates":[-46.42329,-23.51606]}},{"type":"Feature","properties":{"id":"860002594","name":"Av. Nordestina, 3805","lines":["2582-10"]},"geometry":{"type":"Point","coordinates":[-46.42553,-23.51361]}},{"type":"Feature","properties":{"id":"860002595","name":"Av. Nordestina, 3720","lines":["2582-10"]},"geometry":{"type":"Point","coordinates":[-46.42621,-23.51334]}},{"type":"Feature","properties":{"id":"860002596","name":"Av. Nordestina, 3477","lines":["2582-10"]},"geometry":{"type":"Point","coordinates":[-46.42802,-23.51171]}},{"type":"Feature","properties":{"id":"860002598","name":"Av. Nordestina, 3275","lines":["2582-10"]},"geometry":{"type":"Point","coordinates":[-46.42909,-23.51054]}},{"type":"Feature","properties":{"id":"860002887","name":"Av. Nordestina, 3077","lines":["2582-10"]},"geometry":{"type":"Point","coordinates":[-46.43061,-23.51078]}},{"type":"Feature","properties":{"id":"860002888","name":"Av. Nordestina, 3100","lines":["2582-10"]},"geometry":{"type":"Point","coordinates":[-46.43035,-23.51074]}},{"type":"Feature","properties":{"id":"860006080","name":"R. Dario Ferreira Martins, 24","lines":["3301-10","354M-10"]},"geometry":{"type":"Point","coordinates":[-46.43225,-23.49216]}},{"type":"Feature","properties":{"id":"860006090","name":"R. Ananai, 256","lines":["2582-10"]},"geometry":{"type":"Point","coordinates":[-46.42367,-23.51864]}},{"type":"Feature","properties":{"id":"870005591","name":"Av. Sapopemba, 5840","lines":["3141-10","3746-10","5141-10","5144-10"]},"geometry":{"type":"Point","coordinates":[-46.53525,-23.58314]}},{"type":"Feature","properties":{"id":"870005592","name":"Av. Sapopemba, 5691","lines":["3141-10","3746-10","5141-10","5144-10"]},"geometry":{"type":"Point","coordinates":[-46.53572,-23.58246]}},{"type":"Feature","properties":{"id":"870006657","name":"Av. Sapopemba, 5021","lines":["3141-10","5141-10","5144-10"]},"geometry":{"type":"Point","coordinates":[-46.54175,-23.57895]}},{"type":"Feature","properties":{"id":"870006659","name":"Av. Sapopemba, 5448","lines":["3141-10","3746-10","5141-10","5144-10"]},"geometry":{"type":"Point","coordinates":[-46.5378,-23.58139]}},{"type":"Feature","properties":{"id":"870008649","name":"Pça. Dr. Sampaio Vidal, 49","lines":["3746-10"]},"geometry":{"type":"Point","coordinates":[-46.54118,-23.56732]}},{"type":"Feature","properties":{"id":"870008650","name":"Pça. Dr. Sampaio Vidal, 108","lines":["3746-10"]},"geometry":{"type":"Point","coordinates":[-46.54094,-23.56813]}},{"type":"Feature","properties":{"id":"870008666","name":"Av. Dr. Eduardo Cotching, 2130","lines":["3746-10"]},"geometry":{"type":"Point","coordinates":[-46.54269,-23.56734]}},{"type":"Feature","properties":{"id":"870008667","name":"Av. Dr. Eduardo Cotching, 2143","lines":["3746-10"]},"geometry":{"type":"Point","coordinates":[-46.54254,-23.56728]}},{"type":"Feature","properties":{"id":"870008707","name":"Av. Dr. Eduardo Cotching, 903","lines":["3746-10"]},"geometry":{"type":"Point","coordinates":[-46.55213,-23.56266]}},{"type":"Feature","properties":{"id":"870008708","name":"Av. Dr. Eduardo Cotching, 902","lines":["3746-10"]},"geometry":{"type":"Point","coordinates":[-46.55203,-23.56273]}},{"type":"Feature","properties":{"id":"870008709","name":"Av. Dr. Eduardo Cotching, 679","lines":["3746-10"]},"geometry":{"type":"Point","coordinates":[-46.55458,-23.56268]}},{"type":"Feature","properties":{"id":"870008712","name":"Av. Reg. Feijó, 1739","lines":["3746-10"]},"geometry":{"type":"Point","coordinates":[-46.5614,-23.56198]}},{"type":"Feature","properties":{"id":"870008713","name":"Av. Reg. Feijó, 1269","lines":["3746-10"]},"geometry":{"type":"Point","coordinates":[-46.56462,-23.56099]}},{"type":"Feature","properties":{"id":"870008714","name":"Av. Reg. Feijó, 1295","lines":["3746-10"]},"geometry":{"type":"Point","coordinates":[-46.56492,-23.56071]}},{"type":"Feature","properties":{"id":"870012180","name":"Av. Dr. Eduardo Cotching, 1137","lines":["3746-10"]},"geometry":{"type":"Point","coordinates":[-46.55009,-23.56265]}},{"type":"Feature","properties":{"id":"870012600","name":"Av. Dr. Eduardo Cotching, 1504","lines":["3746-10"]},"geometry":{"type":"Point","coordinates":[-46.54759,-23.5645]}},{"type":"Feature","properties":{"id":"870012601","name":"Av. Dr. Eduardo Cotching, 1278","lines":["3746-10"]},"geometry":{"type":"Point","coordinates":[-46.54936,-23.56353]}},{"type":"Feature","properties":{"id":"870012602","name":"Av. Dr. Eduardo Cotching, 1495","lines":["3746-10"]},"geometry":{"type":"Point","coordinates":[-46.54746,-23.56438]}},{"type":"Feature","properties":{"id":"870012603","name":"Av. Dr. Eduardo Cotching, 1892","lines":["3746-10"]},"geometry":{"type":"Point","coordinates":[-46.54451,-23.56632]}},{"type":"Feature","properties":{"id":"870012612","name":"Av. Dr. Eduardo Cotching, 1800","lines":["3746-10"]},"geometry":{"type":"Point","coordinates":[-46.54488,-23.56565]}},{"type":"Feature","properties":{"id":"870012616","name":"Av. Renata, 476","lines":["3746-10"]},"geometry":{"type":"Point","coordinates":[-46.54141,-23.5745]}},{"type":"Feature","properties":{"id":"870012617","name":"Av. Renata, 842","lines":["3746-10"]},"geometry":{"type":"Point","coordinates":[-46.54224,-23.57773]}},{"type":"Feature","properties":{"id":"870012618","name":"R. Francisco Manuel Beranger, 30","lines":["3141-10","5141-10","5144-10"]},"geometry":{"type":"Point","coordinates":[-46.53972,-23.57942]}},{"type":"Feature","properties":{"id":"870012619","name":"R. Hamilton Prado, 739","lines":["3141-10","3746-10","5141-10","5144-10"]},"geometry":{"type":"Point","coordinates":[-46.53759,-23.58088]}},{"type":"Feature","properties":{"id":"870012620","name":"R. Hamilton Prado, 403","lines":["3746-10"]},"geometry":{"type":"Point","coordinates":[-46.53925,-23.57855]}},{"type":"Feature","properties":{"id":"870012621","name":"R. Hamilton Prado, 235","lines":["3746-10"]},"geometry":{"type":"Point","coordinates":[-46.54012,-23.5772]}},{"type":"Feature","properties":{"id":"870012622","name":"R. Hamilton Prado, 9","lines":["3746-10"]},"geometry":{"type":"Point","coordinates":[-46.54124,-23.57534]}},{"type":"Feature","properties":{"id":"870012623","name":"Av. Renata, 63","lines":["3746-10"]},"geometry":{"type":"Point","coordinates":[-46.54033,-23.57094]}},{"type":"Feature","properties":{"id":"870012624","name":"Av. Renata, 110","lines":["3746-10"]},"geometry":{"type":"Point","coordinates":[-46.54056,-23.57135]}},{"type":"Feature","properties":{"id":"870012625","name":"Av. Renata, 345","lines":["3746-10"]},"geometry":{"type":"Point","coordinates":[-46.54102,-23.57336]}},{"type":"Feature","properties":{"id":"870012787","name":"Av. Sapopemba, 3381","lines":["3141-10","5141-10","5144-10"]},"geometry":{"type":"Point","coordinates":[-46.55651,-23.57425]}},{"type":"Feature","properties":{"id":"870012788","name":"Av. Sapopemba, 3715","lines":["3141-10","5141-10","5144-10"]},"geometry":{"type":"Point","coordinates":[-46.55351,-23.57518]}},{"type":"Feature","properties":{"id":"870012789","name":"Av. Sapopemba, 4093","lines":["3141-10","5141-10","5144-10"]},"geometry":{"type":"Point","coordinates":[-46.55009,-23.57639]}},{"type":"Feature","properties":{"id":"870012790","name":"Av. Sapopemba, 3998","lines":["3141-10","5141-10","5144-10"]},"geometry":{"type":"Point","coordinates":[-46.55111,-23.57607]}},{"type":"Feature","properties":{"id":"870012791","name":"Av. Sapopemba, 3809","lines":["3141-10","5141-10","5144-10"]},"geometry":{"type":"Point","coordinates":[-46.55282,-23.57552]}},{"type":"Feature","properties":{"id":"870012792","name":"Av. Sapopemba, 3572","lines":["3141-10","5141-10","5144-10"]},"geometry":{"type":"Point","coordinates":[-46.55493,-23.57486]}},{"type":"Feature","properties":{"id":"880001883","name":"Av. Morvan Dias De Figueiredo, 3844","lines":["1178-10","1178-31"]},"geometry":{"type":"Point","coordinates":[-46.59949,-23.52425]}},{"type":"Feature","properties":{"id":"880001884","name":"Av. Morvan Dias De Figueiredo, 2801","lines":["1178-10","1178-31"]},"geometry":{"type":"Point","coordinates":[-46.60304,-23.52207]}},{"type":"Feature","properties":{"id":"880001885","name":"Av. Morvan Dias De Figueiredo, 2263","lines":["1178-10","1178-31"]},"geometry":{"type":"Point","coordinates":[-46.60667,-23.52193]}},{"type":"Feature","properties":{"id":"880001886","name":"Av. Morvan Dias De Figueiredo, 1952","lines":["1178-10","1178-31"]},"geometry":{"type":"Point","coordinates":[-46.61205,-23.52143]}},{"type":"Feature","properties":{"id":"880001887","name":"Av. Morvan Dias De Figueiredo, 702","lines":["1178-10","1178-31"]},"geometry":{"type":"Point","coordinates":[-46.61767,-23.51817]}},{"type":"Feature","properties":{"id":"890004493","name":"R. Jaime Barcelos, 535","lines":["354M-10"]},"geometry":{"type":"Point","coordinates":[-46.44887,-23.50144]}},{"type":"Feature","properties":{"id":"890004690","name":"R. Abel Tavares","lines":["2582-10"]},"geometry":{"type":"Point","coordinates":[-46.46782,-23.49782]}},{"type":"Feature","properties":{"id":"890004755","name":"R. Dr. Assis Ribeiro, 10302","lines":["1178-31"]},"geometry":{"type":"Point","coordinates":[-46.46919,-23.48372]}},{"type":"Feature","properties":{"id":"890004756","name":"R. Dr. Assis Ribeiro, 9800","lines":["1178-31"]},"geometry":{"type":"Point","coordinates":[-46.46832,-23.48443]}},{"type":"Feature","properties":{"id":"890004757","name":"R. Dr. Assis Ribeiro, 10005","lines":["1178-31"]},"geometry":{"type":"Point","coordinates":[-46.46703,-23.48631]}},{"type":"Feature","properties":{"id":"890004758","name":"R. Dr. Assis Ribeiro, 9999","lines":["1178-31"]},"geometry":{"type":"Point","coordinates":[-46.46694,-23.48596]}},{"type":"Feature","properties":{"id":"890004759","name":"R. Dr. Assis Ribeiro, 10410","lines":["1178-31"]},"geometry":{"type":"Point","coordinates":[-46.46479,-23.48879]}},{"type":"Feature","properties":{"id":"890004760","name":"R. Dr. Assis Ribeiro, 10573","lines":["1178-31"]},"geometry":{"type":"Point","coordinates":[-46.46505,-23.48801]}},{"type":"Feature","properties":{"id":"890004761","name":"R. Dr. Assis Ribeiro, 10813","lines":["1178-31"]},"geometry":{"type":"Point","coordinates":[-46.46077,-23.49166]}},{"type":"Feature","properties":{"id":"890004765","name":"R. Eng. José Cruz De Oliveira","lines":["1178-31"]},"geometry":{"type":"Point","coordinates":[-46.45498,-23.49227]}},{"type":"Feature","properties":{"id":"890004769","name":"Av. Jacu-pêssego/nova Trabalhadores, 180","lines":["354M-10"]},"geometry":{"type":"Point","coordinates":[-46.45728,-23.50921]}},{"type":"Feature","properties":{"id":"890004817","name":"R. Américo Sugai, 527","lines":["354M-10"]},"geometry":{"type":"Point","coordinates":[-46.45655,-23.50514]}},{"type":"Feature","properties":{"id":"890004818","name":"R. Américo Sugai, 434","lines":["354M-10"]},"geometry":{"type":"Point","coordinates":[-46.45656,-23.50476]}},{"type":"Feature","properties":{"id":"890004819","name":"R. Américo Sugai, 283","lines":["354M-10"]},"geometry":{"type":"Point","coordinates":[-46.45616,-23.5029]}},{"type":"Feature","properties":{"id":"890004822","name":"R. Cel. Manuel Feliciano De Souza, 956","lines":["354M-10"]},"geometry":{"type":"Point","coordinates":[-46.45473,-23.50285]}},{"type":"Feature","properties":{"id":"890004823","name":"R. Jaime Barcelos, 280","lines":["354M-10"]},"geometry":{"type":"Point","coordinates":[-46.45135,-23.50116]}},{"type":"Feature","properties":{"id":"890004824","name":"R. Jaime Barcelos, 245","lines":["354M-10"]},"geometry":{"type":"Point","coordinates":[-46.45161,-23.50103]}},{"type":"Feature","properties":{"id":"890004825","name":"R. Jaime Barcelos, 579","lines":["354M-10"]},"geometry":{"type":"Point","coordinates":[-46.44905,-23.5013]}},{"type":"Feature","properties":{"id":"890012053","name":"Av. S. Miguel, 6928","lines":["1178-10","2552-10","3301-10"]},"geometry":{"type":"Point","coordinates":[-46.46925,-23.50023]}},{"type":"Feature","properties":{"id":"890012054","name":"Av. S. Miguel, 7098","lines":["1178-10","2552-10","3301-10"]},"geometry":{"type":"Point","coordinates":[-46.46797,-23.49945]}},{"type":"Feature","properties":{"id":"890012055","name":"Av. S. Miguel, 7554","lines":["1178-10","2552-10","2582-10","3301-10"]},"geometry":{"type":"Point","coordinates":[-46.46395,-23.4984]}},{"type":"Feature","properties":{"id":"890012056","name":"Av. S. Miguel, 7900","lines":["1178-10","2552-10","2582-10","3301-10"]},"geometry":{"type":"Point","coordinates":[-46.46168,-23.4981]}},{"type":"Feature","properties":{"id":"890012057","name":"Av. S. Miguel, 8182","lines":["1178-10","2552-10","2582-10","3301-10"]},"geometry":{"type":"Point","coordinates":[-46.45778,-23.49832]}},{"type":"Feature","properties":{"id":"890012071","name":"Av. S. Miguel, 8559","lines":["1178-10","2552-10","2582-10","3301-10"]},"geometry":{"type":"Point","coordinates":[-46.45465,-23.49768]}},{"type":"Feature","properties":{"id":"890012072","name":"Av. S. Miguel, 8201","lines":["1178-10","2552-10","2582-10","3301-10"]},"geometry":{"type":"Point","coordinates":[-46.45786,-23.4981]}},{"type":"Feature","properties":{"id":"890012073","name":"Av. S. Miguel, 7867","lines":["1178-10","2552-10","2582-10","3301-10"]},"geometry":{"type":"Point","coordinates":[-46.46093,-23.49785]}},{"type":"Feature","properties":{"id":"890012074","name":"Av. S. Miguel, 7573","lines":["1178-10","2552-10","2582-10","3301-10"]},"geometry":{"type":"Point","coordinates":[-46.46382,-23.49817]}},{"type":"Feature","properties":{"id":"890012075","name":"Av. S. Miguel, 7191","lines":["1178-10","2552-10","2582-10","3301-10"]},"geometry":{"type":"Point","coordinates":[-46.46734,-23.49888]}},{"type":"Feature","properties":{"id":"890012076","name":"Av. S. Miguel, 6717","lines":["1178-10","2552-10","3301-10"]},"geometry":{"type":"Point","coordinates":[-46.47053,-23.50116]}},{"type":"Feature","properties":{"id":"890012078","name":"Av. S. Miguel, 6310","lines":["1178-10","2552-10","3301-10"]},"geometry":{"type":"Point","coordinates":[-46.47316,-23.50452]}},{"type":"Feature","properties":{"id":"890012079","name":"Av. S. Miguel, 5848","lines":["2552-10","3301-10"]},"geometry":{"type":"Point","coordinates":[-46.47695,-23.50654]}},{"type":"Feature","properties":{"id":"890012086","name":"Av. S. Miguel, 6035","lines":["2552-10","3301-10"]},"geometry":{"type":"Point","coordinates":[-46.47576,-23.50574]}},{"type":"Feature","properties":{"id":"890012087","name":"Av. S. Miguel, 6393","lines":["1178-10","2552-10","3301-10"]},"geometry":{"type":"Point","coordinates":[-46.47248,-23.5037]}},{"type":"Feature","properties":{"id":"900014861","name":"Viad. Domingos De Moraes","lines":["8050-10","8622-10"]},"geometry":{"type":"Point","coordinates":[-46.72585,-23.51731]}},{"type":"Feature","properties":{"id":"910001875","name":"Av. Morvan Dias De Figueiredo, 6900","lines":["1178-10","1178-31"]},"geometry":{"type":"Point","coordinates":[-46.56195,-23.52259]}},{"type":"Feature","properties":{"id":"910001877","name":"Av. Morvan Dias De Figueiredo, 0","lines":["1178-10","1178-31"]},"geometry":{"type":"Point","coordinates":[-46.56783,-23.52429]}},{"type":"Feature","properties":{"id":"910001878","name":"Av. Morvan Dias De Figueiredo, 2910","lines":["1178-10","1178-31"]},"geometry":{"type":"Point","coordinates":[-46.57091,-23.5255]}},{"type":"Feature","properties":{"id":"910001879","name":"Av. Morvan Dias De Figueiredo, 6169","lines":["1178-10","1178-31"]},"geometry":{"type":"Point","coordinates":[-46.57651,-23.52539]}},{"type":"Feature","properties":{"id":"910001880","name":"Av. Morvan Dias De Figueiredo","lines":["1178-10","1178-31"]},"geometry":{"type":"Point","coordinates":[-46.57951,-23.52604]}},{"type":"Feature","properties":{"id":"910001881","name":"Av. Morvan Dias De Figueiredo, 5233","lines":["1178-10","1178-31"]},"geometry":{"type":"Point","coordinates":[-46.58331,-23.52703]}},{"type":"Feature","properties":{"id":"910001882","name":"Av. Morvan Dias De Figueiredo","lines":["1178-10","1178-31"]},"geometry":{"type":"Point","coordinates":[-46.59495,-23.5268]}},{"type":"Feature","properties":{"id":"920010965","name":"Metrô Vl. Mariana - Passagem","lines":["477A-10"]},"geometry":{"type":"Point","coordinates":[-46.63352,-23.58924]}},{"type":"Feature","properties":{"id":"920015051","name":"R. Eça De Queiroz, 32","lines":["857R-10"]},"geometry":{"type":"Point","coordinates":[-46.64136,-23.57824]}},{"type":"Feature","properties":{"id":"920015052","name":"R. Cubatão, 831","lines":["857R-10"]},"geometry":{"type":"Point","coordinates":[-46.64227,-23.5791]}},{"type":"Feature","properties":{"id":"920015054","name":"R. Humberto I, 102","lines":["857R-10"]},"geometry":{"type":"Point","coordinates":[-46.64298,-23.58099]}},{"type":"Feature","properties":{"id":"920015055","name":"R. Humberto I, 298","lines":["857R-10"]},"geometry":{"type":"Point","coordinates":[-46.64273,-23.58277]}},{"type":"Feature","properties":{"id":"920015056","name":"Av. Cons. Rodrigues Alves, 271","lines":["857R-10"]},"geometry":{"type":"Point","coordinates":[-46.64085,-23.58304]}},{"type":"Feature","properties":{"id":"920015057","name":"Av. Cons. Rodrigues Alves, 43","lines":["857R-10"]},"geometry":{"type":"Point","coordinates":[-46.63914,-23.58173]}},{"type":"Feature","properties":{"id":"920015147","name":"Av. Prof. Ascendino Reis, 2524","lines":["175T-10","5178-10","5630-10"]},"geometry":{"type":"Point","coordinates":[-46.65054,-23.59813]}},{"type":"Feature","properties":{"id":"920015148","name":"Av. Prof. Ascendino Reis, 411","lines":["175T-10","5178-10","5630-10"]},"geometry":{"type":"Point","coordinates":[-46.65026,-23.59425]}},{"type":"Feature","properties":{"id":"920015180","name":"Av. Vinte E Três De Maio","lines":["175T-10","5300-10","5318-10","5370-10","5391-10","5630-10","6455-10"]},"geometry":{"type":"Point","coordinates":[-46.64549,-23.57827]}},{"type":"Feature","properties":{"id":"920015181","name":"Av. Vinte E Três De Maio","lines":["175T-10","5300-10","5318-10","5370-10","5391-10","5630-10","6455-10"]},"geometry":{"type":"Point","coordinates":[-46.64494,-23.57754]}},{"type":"Feature","properties":{"id":"920015203","name":"José De Magalhães B/C","lines":["675K-10","675X-10"]},"geometry":{"type":"Point","coordinates":[-46.64933,-23.59657]}},{"type":"Feature","properties":{"id":"920015204","name":"Dos Otonis B/C","lines":["675K-10"]},"geometry":{"type":"Point","coordinates":[-46.6455,-23.5969]}},{"type":"Feature","properties":{"id":"920015205","name":"Marselhesa B/C","lines":["675K-10"]},"geometry":{"type":"Point","coordinates":[-46.64194,-23.59718]}},{"type":"Feature","properties":{"id":"920015208","name":"Dos Otonis C/B","lines":["675K-10"]},"geometry":{"type":"Point","coordinates":[-46.64503,-23.59817]}},{"type":"Feature","properties":{"id":"920015209","name":"R. Dos Otonis, 839","lines":["475R-10"]},"geometry":{"type":"Point","coordinates":[-46.64534,-23.59836]}},{"type":"Feature","properties":{"id":"920015210","name":"R. Dos Otonis, 467","lines":["475R-10"]},"geometry":{"type":"Point","coordinates":[-46.64501,-23.59519]}},{"type":"Feature","properties":{"id":"920015212","name":"R. Botucatu, 696","lines":["475R-10"]},"geometry":{"type":"Point","coordinates":[-46.64265,-23.59765]}},{"type":"Feature","properties":{"id":"920015219","name":"Dr. Bacelar C/B","lines":["675K-10"]},"geometry":{"type":"Point","coordinates":[-46.64739,-23.59792]}},{"type":"Feature","properties":{"id":"920015220","name":"Ascendino Reis C/B","lines":["675K-10","675X-10"]},"geometry":{"type":"Point","coordinates":[-46.64968,-23.59778]}},{"type":"Feature","properties":{"id":"920015221","name":"Botucatu C/B","lines":["675K-10"]},"geometry":{"type":"Point","coordinates":[-46.6417,-23.59843]}},{"type":"Feature","properties":{"id":"920015222","name":"Morcote B/C","lines":["475R-10"]},"geometry":{"type":"Point","coordinates":[-46.64167,-23.59852]}},{"type":"Feature","properties":{"id":"920015225","name":"Machado Bittencourt B/C","lines":["475R-10","675K-10"]},"geometry":{"type":"Point","coordinates":[-46.63857,-23.59853]}},{"type":"Feature","properties":{"id":"920015230","name":"R. Tte. Gomes Ribeiro, 225","lines":["675K-10"]},"geometry":{"type":"Point","coordinates":[-46.63755,-23.59936]}},{"type":"Feature","properties":{"id":"920015234","name":"Pça. Mokiti Okada","lines":["475R-10"]},"geometry":{"type":"Point","coordinates":[-46.64612,-23.59305]}},{"type":"Feature","properties":{"id":"920015235","name":"Av. Cons. Rodrigues Alves, 1213","lines":["475R-10"]},"geometry":{"type":"Point","coordinates":[-46.64813,-23.58824]}},{"type":"Feature","properties":{"id":"920015236","name":"Av. Cons. Rodrigues Alves, 1274","lines":["475R-10"]},"geometry":{"type":"Point","coordinates":[-46.64818,-23.58809]}},{"type":"Feature","properties":{"id":"920015237","name":"Av. Cons. Rodrigues Alves, 1081","lines":["475R-10"]},"geometry":{"type":"Point","coordinates":[-46.64785,-23.58639]}},{"type":"Feature","properties":{"id":"920015258","name":"R. Botucatu, 184","lines":["475R-10"]},"geometry":{"type":"Point","coordinates":[-46.64212,-23.5928]}},{"type":"Feature","properties":{"id":"920015261","name":"Lgo. Sen. Raul Cardoso","lines":["475R-10"]},"geometry":{"type":"Point","coordinates":[-46.64647,-23.59154]}},{"type":"Feature","properties":{"id":"920015262","name":"R. Gandavo, 577","lines":["475R-10"]},"geometry":{"type":"Point","coordinates":[-46.64511,-23.59172]}},{"type":"Feature","properties":{"id":"920015263","name":"R. Gandavo, 329","lines":["475R-10"]},"geometry":{"type":"Point","coordinates":[-46.64259,-23.59193]}},{"type":"Feature","properties":{"id":"920015264","name":"R. Tangara, 338","lines":["475R-10"]},"geometry":{"type":"Point","coordinates":[-46.64571,-23.59044]}},{"type":"Feature","properties":{"id":"920015265","name":"R. Tangara, 323","lines":["475R-10"]},"geometry":{"type":"Point","coordinates":[-46.64571,-23.59032]}},{"type":"Feature","properties":{"id":"920015266","name":"R. Tangara, 189","lines":["475R-10"]},"geometry":{"type":"Point","coordinates":[-46.64686,-23.58977]}},{"type":"Feature","properties":{"id":"920015267","name":"R. Tangara, 162","lines":["475R-10"]},"geometry":{"type":"Point","coordinates":[-46.64711,-23.58971]}},{"type":"Feature","properties":{"id":"920015268","name":"R. Dr. Amâncio De Carvalho, 508","lines":["475R-10"]},"geometry":{"type":"Point","coordinates":[-46.64778,-23.58575]}},{"type":"Feature","properties":{"id":"920015269","name":"R. Dr. Amâncio De Carvalho, 193","lines":["475R-10"]},"geometry":{"type":"Point","coordinates":[-46.6487,-23.58308]}},{"type":"Feature","properties":{"id":"920015270","name":"R. Dr. Amâncio De Carvalho, 222","lines":["475R-10"]},"geometry":{"type":"Point","coordinates":[-46.64872,-23.58329]}},{"type":"Feature","properties":{"id":"920015272","name":"R. Tutoia, 941","lines":["475R-10"]},"geometry":{"type":"Point","coordinates":[-46.65114,-23.5792]}},{"type":"Feature","properties":{"id":"920015273","name":"R. Tutoia, 812","lines":["475R-10"]},"geometry":{"type":"Point","coordinates":[-46.65101,-23.57806]}},{"type":"Feature","properties":{"id":"920015274","name":"R. Tutoia, 699","lines":["475R-10"]},"geometry":{"type":"Point","coordinates":[-46.65071,-23.57696]}},{"type":"Feature","properties":{"id":"920015276","name":"R. Tutoia, 331","lines":["475R-10"]},"geometry":{"type":"Point","coordinates":[-46.6512,-23.57366]}},{"type":"Feature","properties":{"id":"920015293","name":"Jose Maria Lisboa","lines":["475R-10","477A-10","5111-10","5119-10","5178-10","7550-10"]},"geometry":{"type":"Point","coordinates":[-46.65329,-23.57179]}},{"type":"Feature","properties":{"id":"920015294","name":"Hospital Brigadeiro","lines":["475R-10","477A-10","5111-10","5119-10","5178-10","7550-10"]},"geometry":{"type":"Point","coordinates":[-46.65178,-23.5705]}},{"type":"Feature","properties":{"id":"920015297","name":"Avenida Paulista","lines":["475R-10","477A-10","5111-10","5119-10","5178-10","715M-10","7550-10"]},"geometry":{"type":"Point","coordinates":[-46.64949,-23.56834]}},{"type":"Feature","properties":{"id":"920016054","name":"R. Dr. Neto De Araújo, 303","lines":["477A-10"]},"geometry":{"type":"Point","coordinates":[-46.63209,-23.5876]}},{"type":"Feature","properties":{"id":"920016055","name":"R. Dr. Neto De Araújo, 47","lines":["477A-10"]},"geometry":{"type":"Point","coordinates":[-46.63447,-23.58642]}},{"type":"Feature","properties":{"id":"920016069","name":"Av. Lacerda Franco, 1855","lines":["477A-10"]},"geometry":{"type":"Point","coordinates":[-46.62566,-23.57896]}},{"type":"Feature","properties":{"id":"920016070","name":"Av. Lacerda Franco, 2080","lines":["477A-10"]},"geometry":{"type":"Point","coordinates":[-46.62609,-23.58088]}},{"type":"Feature","properties":{"id":"920016403","name":"R. Vergueiro, 2575","lines":["477A-10"]},"geometry":{"type":"Point","coordinates":[-46.63646,-23.58411]}},{"type":"Feature","properties":{"id":"920016404","name":"R. Vergueiro, 2223","lines":["477A-10"]},"geometry":{"type":"Point","coordinates":[-46.63814,-23.58148]}},{"type":"Feature","properties":{"id":"920016405","name":"R. Vergueiro, 1845","lines":["477A-10"]},"geometry":{"type":"Point","coordinates":[-46.64009,-23.57851]}},{"type":"Feature","properties":{"id":"920016409","name":"Viad. Sta. Generosa","lines":["477A-10","857R-10"]},"geometry":{"type":"Point","coordinates":[-46.64126,-23.57543]}},{"type":"Feature","properties":{"id":"920016410","name":"Pça. Dr. Afrodisio Vidigal","lines":["477A-10","857P-10","857R-10"]},"geometry":{"type":"Point","coordinates":[-46.64141,-23.57592]}},{"type":"Feature","properties":{"id":"920016411","name":"Av. Bernardino De Campos, 159","lines":["477A-10","857P-10","857R-10"]},"geometry":{"type":"Point","coordinates":[-46.64277,-23.5726]}},{"type":"Feature","properties":{"id":"920016702","name":"R. Vergueiro, 2157","lines":["477A-10"]},"geometry":{"type":"Point","coordinates":[-46.63905,-23.58061]}},{"type":"Feature","properties":{"id":"920016703","name":"R. Topázio, 596","lines":["857R-10"]},"geometry":{"type":"Point","coordinates":[-46.63471,-23.57556]}},{"type":"Feature","properties":{"id":"920016704","name":"R. Topázio, 591","lines":["857R-10"]},"geometry":{"type":"Point","coordinates":[-46.63464,-23.57554]}},{"type":"Feature","properties":{"id":"920016725","name":"R. Dr. Nicolau De Souza Queiroz, 473","lines":["857R-10"]},"geometry":{"type":"Point","coordinates":[-46.6376,-23.57937]}},{"type":"Feature","properties":{"id":"920016731","name":"Av. Paulista, 171","lines":["477A-10","857P-10","857R-10"]},"geometry":{"type":"Point","coordinates":[-46.64599,-23.57016]}},{"type":"Feature","properties":{"id":"930007447","name":"Av. Antônio Estevão De Carvalho, 1502","lines":["4310-10"]},"geometry":{"type":"Point","coordinates":[-46.50939,-23.5278]}},{"type":"Feature","properties":{"id":"930007501","name":"Av. Antônio Estevão De Carvalho, 1604","lines":["4310-10"]},"geometry":{"type":"Point","coordinates":[-46.50647,-23.52832]}},{"type":"Feature","properties":{"id":"930012483","name":"Av. Cde. De Frontin","lines":["4310-10"]},"geometry":{"type":"Point","coordinates":[-46.54457,-23.53442]}},{"type":"Feature","properties":{"id":"930012567","name":"Av. Cde. De Frontin","lines":["4310-10"]},"geometry":{"type":"Point","coordinates":[-46.53044,-23.53219]}},{"type":"Feature","properties":{"id":"930012615","name":"Av. Cde. De Frontin","lines":["4310-10"]},"geometry":{"type":"Point","coordinates":[-46.52836,-23.53215]}},{"type":"Feature","properties":{"id":"930012639","name":"Av. Aricanduva, 3575","lines":["4210-10","4311-10","4313-10"]},"geometry":{"type":"Point","coordinates":[-46.52291,-23.55039]}},{"type":"Feature","properties":{"id":"930012640","name":"Av. Aricanduva, 2969","lines":["4210-10","4311-10","4313-10"]},"geometry":{"type":"Point","coordinates":[-46.5252,-23.54815]}},{"type":"Feature","properties":{"id":"930012641","name":"Av. Aricanduva, 2663","lines":["4210-10","4311-10","4313-10"]},"geometry":{"type":"Point","coordinates":[-46.52749,-23.54637]}},{"type":"Feature","properties":{"id":"930012642","name":"Av. Aricanduva, 2111","lines":["4210-10","4311-10","4313-10"]},"geometry":{"type":"Point","coordinates":[-46.53042,-23.54383]}},{"type":"Feature","properties":{"id":"930012643","name":"Av. Aricanduva, 1771","lines":["4210-10","4311-10","4313-10"]},"geometry":{"type":"Point","coordinates":[-46.53449,-23.54166]}},{"type":"Feature","properties":{"id":"930012646","name":"Av. Aricanduva, 339","lines":["4210-10","4311-10","4313-10"]},"geometry":{"type":"Point","coordinates":[-46.54634,-23.53765]}},{"type":"Feature","properties":{"id":"930012776","name":"Av. Cde. De Frontin, 2000","lines":["4310-10"]},"geometry":{"type":"Point","coordinates":[-46.53689,-23.53274]}},{"type":"Feature","properties":{"id":"930012777","name":"Av. Cde. De Frontin, 2020","lines":["4310-10"]},"geometry":{"type":"Point","coordinates":[-46.53817,-23.53283]}},{"type":"Feature","properties":{"id":"950006615","name":"R. Ituverava, 444","lines":["3390-10"]},"geometry":{"type":"Point","coordinates":[-46.58572,-23.58524]}},{"type":"Feature","properties":{"id":"950006733","name":"Av. Vila Ema, 1040","lines":["3390-10"]},"geometry":{"type":"Point","coordinates":[-46.56639,-23.58131]}},{"type":"Feature","properties":{"id":"950006734","name":"Av. Vila Ema, 1039","lines":["3390-10"]},"geometry":{"type":"Point","coordinates":[-46.5666,-23.5812]}},{"type":"Feature","properties":{"id":"950006735","name":"Av. Vila Ema, 778","lines":["3390-10"]},"geometry":{"type":"Point","coordinates":[-46.56896,-23.58044]}},{"type":"Feature","properties":{"id":"950006736","name":"Av. Vila Ema, 719","lines":["3390-10"]},"geometry":{"type":"Point","coordinates":[-46.56945,-23.58011]}},{"type":"Feature","properties":{"id":"950006737","name":"Av. Vila Ema, 610","lines":["3390-10"]},"geometry":{"type":"Point","coordinates":[-46.57049,-23.57994]}},{"type":"Feature","properties":{"id":"950006738","name":"Av. Vila Ema, 575","lines":["3390-10"]},"geometry":{"type":"Point","coordinates":[-46.57089,-23.57974]}},{"type":"Feature","properties":{"id":"950012711","name":"Av. Prof. Luiz Ignácio Anhaia Mello, 2700","lines":["5110-24","5143-10"]},"geometry":{"type":"Point","coordinates":[-46.56785,-23.58307]}},{"type":"Feature","properties":{"id":"950012724","name":"Av. Prof. Luiz Ignácio Anhaia Mello, 3103","lines":["5110-24","5143-10"]},"geometry":{"type":"Point","coordinates":[-46.56408,-23.58241]}},{"type":"Feature","properties":{"id":"950012726","name":"Av. Prof. Luiz Ignácio Anhaia Mello, 2921","lines":["5110-24","5143-10"]},"geometry":{"type":"Point","coordinates":[-46.56581,-23.58253]}},{"type":"Feature","properties":{"id":"950012727","name":"Av. Prof. Luiz Ignácio Anhaia Mello, 2655","lines":["5110-24","5143-10"]},"geometry":{"type":"Point","coordinates":[-46.56823,-23.58273]}},{"type":"Feature","properties":{"id":"950014139","name":"R. Dianópolis, 4100","lines":["3390-10"]},"geometry":{"type":"Point","coordinates":[-46.59009,-23.5842]}},{"type":"Feature","properties":{"id":"950014190","name":"Parada Pça. Pe. Damião","lines":["3390-10"]},"geometry":{"type":"Point","coordinates":[-46.58537,-23.58161]}},{"type":"Feature","properties":{"id":"950014191","name":"R. Do Orfanato, 45","lines":["3390-10"]},"geometry":{"type":"Point","coordinates":[-46.58471,-23.58121]}},{"type":"Feature","properties":{"id":"950014192","name":"R. Do Orfanato, 250","lines":["3390-10"]},"geometry":{"type":"Point","coordinates":[-46.58289,-23.58045]}},{"type":"Feature","properties":{"id":"950014193","name":"R. Do Orfanato, 281","lines":["3390-10"]},"geometry":{"type":"Point","coordinates":[-46.58263,-23.58027]}},{"type":"Feature","properties":{"id":"950014194","name":"R. Do Orfanato, 422","lines":["3390-10"]},"geometry":{"type":"Point","coordinates":[-46.58134,-23.57978]}},{"type":"Feature","properties":{"id":"950014195","name":"R. Do Orfanato, 507","lines":["3390-10"]},"geometry":{"type":"Point","coordinates":[-46.58068,-23.57939]}},{"type":"Feature","properties":{"id":"950014198","name":"R. Do Orfanato, 825","lines":["3390-10"]},"geometry":{"type":"Point","coordinates":[-46.57768,-23.57811]}},{"type":"Feature","properties":{"id":"950014260","name":"Av. Prof. Luiz Ignácio Anhaia Mello, 673","lines":["5143-10"]},"geometry":{"type":"Point","coordinates":[-46.58869,-23.58557]}},{"type":"Feature","properties":{"id":"950014268","name":"Av. Prof. Luiz Ignácio Anhaia Mello, 1376","lines":["5110-24","5143-10"]},"geometry":{"type":"Point","coordinates":[-46.58007,-23.58488]}},{"type":"Feature","properties":{"id":"950014269","name":"Av. Prof. Luiz Ignácio Anhaia Mello, 2046","lines":["5110-24","5143-10"]},"geometry":{"type":"Point","coordinates":[-46.57409,-23.58326]}},{"type":"Feature","properties":{"id":"950014423","name":"R. Cap. Pacheco E Chaves, 887","lines":["3390-10"]},"geometry":{"type":"Point","coordinates":[-46.58942,-23.58188]}},{"type":"Feature","properties":{"id":"960011322","name":"Av. Giovanni Gronchi, 3478","lines":["5119-10"]},"geometry":{"type":"Point","coordinates":[-46.72783,-23.6112]}},{"type":"Feature","properties":{"id":"960011323","name":"Av. Giovanni Gronchi, 3360","lines":["5119-10"]},"geometry":{"type":"Point","coordinates":[-46.72656,-23.60927]}},{"type":"Feature","properties":{"id":"960011368","name":"Jorge João Saad C/B","lines":["809P-10","857P-10","857R-10","8700-1","8700-10"]},"geometry":{"type":"Point","coordinates":[-46.72395,-23.58642]}},{"type":"Feature","properties":{"id":"960011369","name":"Jorge João Saad B/C","lines":["809P-10","857P-10","857R-10","8700-1","8700-10"]},"geometry":{"type":"Point","coordinates":[-46.72522,-23.58695]}},{"type":"Feature","properties":{"id":"960011372","name":"Eden B/C","lines":["809P-10","857P-10","857R-10","8700-1","8700-10"]},"geometry":{"type":"Point","coordinates":[-46.72733,-23.58819]}},{"type":"Feature","properties":{"id":"960011373","name":"Eden C/B","lines":["809P-10","857P-10","857R-10","8700-1","8700-10"]},"geometry":{"type":"Point","coordinates":[-46.72777,-23.58843]}}]}