{"type":"FeatureCollection","features":[{"type":"Feature","properties":{"kind":"track","ref":"1"},"geometry":{"type":"MultiLineString","coordinates":[[[-46.64103,-23.64634],[-46.64118,-23.6456],[-46.64145,-23.64141],[-46.64126,-23.63844],[-46.64124,-23.63568],[-46.64133,-23.63454],[-46.64155,-23.63327],[-46.64161,-23.63223],[-46.64147,-23.6299]],[[-46.64147,-23.6299],[-46.64142,-23.62894],[-46.64134,-23.6284]],[[-46.64134,-23.6284],[-46.64107,-23.62636],[-46.641,-23.62608],[-46.64069,-23.6252],[-46.63924,-23.61853],[-46.63809,-23.61347],[-46.63792,-23.61224],[-46.63787,-23.60847],[-46.63783,-23.6081],[-46.63762,-23.60701],[-46.63691,-23.60495],[-46.63679,-23.60451],[-46.63675,-23.60422],[-46.63661,-23.59493],[-46.63662,-23.59319],[-46.63656,-23.59263],[-46.63642,-23.59224],[-46.6362,-23.59185],[-46.63555,-23.59114],[-46.63518,-23.59053],[-46.63484,-23.58974],[-46.63465,-23.58919],[-46.63454,-23.58836]],[[-46.63454,-23.58836],[-46.6346,-23.58763],[-46.63471,-23.58721],[-46.63504,-23.58638],[-46.63531,-23.5859],[-46.63873,-23.58067],[-46.63941,-23.57971],[-46.64059,-23.57789],[-46.64079,-23.5775],[-46.64091,-23.57706],[-46.64095,-23.57663],[-46.64087,-23.57577],[-46.64069,-23.57499],[-46.64003,-23.57273]],[[-46.64003,-23.57273],[-46.63984,-23.57182],[-46.63976,-23.5709],[-46.63991,-23.56836],[-46.63984,-23.5676],[-46.63978,-23.5672],[-46.63859,-23.56156],[-46.63841,-23.56084],[-46.63815,-23.56024],[-46.63665,-23.55757],[-46.63651,-23.55727],[-46.63633,-23.55676],[-46.63602,-23.55568],[-46.63587,-23.5553],[-46.63512,-23.55378],[-46.63483,-23.55327],[-46.63462,-23.55297],[-46.63441,-23.55272],[-46.63346,-23.55177],[-46.63326,-23.55152],[-46.6329,-23.55087],[-46.63274,-23.55043]],[[-46.63274,-23.55043],[-46.63264,-23.54989],[-46.63265,-23.5493],[-46.63275,-23.54879],[-46.63308,-23.54785]],[[-46.63308,-23.54785],[-46.63323,-23.5473],[-46.63347,-23.54593],[-46.63365,-23.5452],[-46.63404,-23.54443],[-46.63423,-23.54384],[-46.6343,-23.5435],[-46.63436,-23.54283],[-46.63434,-23.54232]],[[-46.63434,-23.54232],[-46.63434,-23.54207],[-46.63398,-23.54051],[-46.6336,-23.53666],[-46.63357,-23.53586],[-46.6335,-23.53548],[-46.63307,-23.53388],[-46.63153,-23.52882],[-46.63083,-23.52739]],[[-46.63083,-23.52739],[-46.63054,-23.52681],[-46.6303,-23.52644],[-46.62984,-23.52591],[-46.62935,-23.5255],[-46.62894,-23.52521],[-46.62856,-23.525],[-46.62825,-23.52488]],[[-46.62825,-23.52488],[-46.62703,-23.52439],[-46.62651,-23.52409],[-46.62624,-23.52389],[-46.626,-23.52365],[-46.6256,-23.52306],[-46.62539,-23.52244],[-46.62532,-23.52181],[-46.62526,-23.5202]],[[-46.62526,-23.5202],[-46.6252,-23.51808]],[[-46.6252,-23.51808],[-46.62472,-23.50182]],[[-46.62472,-23.50182],[-46.62466,-23.50013]],[[-46.62466,-23.50013],[-46.6246,-23.4995],[-46.62448,-23.49907],[-46.62429,-23.49868],[-46.62406,-23.49835],[-46.62113,-23.49531],[-46.62082,-23.49502],[-46.62026,-23.49457],[-46.61818,-23.49324],[-46.61453,-23.49083],[-46.61368,-23.49031],[-46.61313,-23.49005],[-46.61287,-23.48996],[-46.61164,-23.48971],[-46.61085,-23.48945]],[[-46.61085,-23.48945],[-46.61056,-23.48932],[-46.61014,-23.48906],[-46.60974,-23.48868],[-46.60957,-23.48847],[-46.60912,-23.48764],[-46.60824,-23.48578],[-46.6078,-23.485]],[[-46.6078,-23.485],[-46.60729,-23.48418],[-46.60694,-23.4837]],[[-46.60694,-23.4837],[-46.60584,-23.48252],[-46.60356,-23.48041],[-46.60325,-23.48008]],[[-46.60328,-23.48005],[-46.6036,-23.48038],[-46.60587,-23.48249],[-46.60697,-23.48367]],[[-46.60697,-23.48367],[-46.60733,-23.48415],[-46.60784,-23.48498]],[[-46.60784,-23.48498],[-46.60827,-23.48576],[-46.60907,-23.48745],[-46.6096,-23.48845],[-46.60995,-23.48885],[-46.61017,-23.48903],[-46.61058,-23.48929],[-46.61086,-23.48942]],[[-46.61086,-23.48942],[-46.61131,-23.48958],[-46.61178,-23.4897],[-46.6132,-23.49],[-46.61382,-23.49024],[-46.61414,-23.4904],[-46.61717,-23.49236],[-46.61827,-23.49311],[-46.62028,-23.49439],[-46.62078,-23.49476],[-46.6214,-23.49534],[-46.62257,-23.49674],[-46.62393,-23.49815],[-46.62421,-23.49849],[-46.62444,-23.49887],[-46.62458,-23.49926],[-46.62467,-23.49966],[-46.62471,-23.50012]],[[-46.62471,-23.50012],[-46.62476,-23.50182]],[[-46.62476,-23.50182],[-46.62524,-23.51808]],[[-46.62524,-23.51808],[-46.62529,-23.5202]],[[-46.62529,-23.5202],[-46.62537,-23.52182],[-46.62543,-23.52243],[-46.62563,-23.52304],[-46.62584,-23.52338],[-46.62626,-23.52387],[-46.62654,-23.52406],[-46.62706,-23.52437],[-46.62827,-23.52484]],[[-46.62827,-23.52484],[-46.62859,-23.52497],[-46.62896,-23.52517],[-46.62939,-23.52547],[-46.62989,-23.52589],[-46.63033,-23.52641],[-46.63057,-23.52679],[-46.63087,-23.52737]],[[-46.63087,-23.52737],[-46.63157,-23.5288],[-46.63299,-23.53342],[-46.63359,-23.53556],[-46.63364,-23.53585],[-46.63367,-23.53662],[-46.63379,-23.538],[-46.63403,-23.54024],[-46.63413,-23.541],[-46.63437,-23.54204],[-46.63439,-23.54251]],[[-46.63439,-23.54251],[-46.63439,-23.54284],[-46.63426,-23.54384],[-46.63406,-23.54444],[-46.63369,-23.54521],[-46.63351,-23.54593],[-46.63328,-23.54736],[-46.63285,-23.54896],[-46.63279,-23.54955],[-46.63283,-23.5501],[-46.63289,-23.55034]],[[-46.63289,-23.55034],[-46.63308,-23.55086],[-46.63337,-23.55143],[-46.63375,-23.55191],[-46.6344,-23.5526],[-46.63466,-23.55292],[-46.63502,-23.5535],[-46.63591,-23.55529],[-46.63616,-23.55598],[-46.63651,-23.5572],[-46.63668,-23.55756],[-46.63832,-23.56049],[-46.63845,-23.56082],[-46.63989,-23.56764],[-46.63994,-23.56842],[-46.63981,-23.57024],[-46.6398,-23.57116],[-46.63993,-23.57215],[-46.64059,-23.57425],[-46.6407,-23.57473],[-46.64078,-23.57531],[-46.6409,-23.57674],[-46.64083,-23.57732],[-46.64069,-23.57772]],[[-46.64069,-23.57772],[-46.64037,-23.57828],[-46.63681,-23.58385],[-46.63604,-23.58484],[-46.63533,-23.58594],[-46.6351,-23.58634],[-46.63478,-23.5871],[-46.63459,-23.5879],[-46.63457,-23.5883],[-46.63459,-23.58865],[-46.63469,-23.58918],[-46.63487,-23.58972],[-46.63521,-23.59052],[-46.63558,-23.59112],[-46.63622,-23.59183],[-46.63646,-23.59223],[-46.63659,-23.59262],[-46.63665,-23.59319],[-46.63665,-23.59493],[-46.63678,-23.60421],[-46.63694,-23.60494],[-46.63765,-23.607],[-46.63786,-23.6081],[-46.6379,-23.60847],[-46.63796,-23.61223],[-46.63804,-23.61299],[-46.63813,-23.61347],[-46.64073,-23.62519],[-46.64103,-23.62606],[-46.6411,-23.62635],[-46.64126,-23.62735],[-46.64137,-23.62839]],[[-46.64137,-23.62839],[-46.64148,-23.62928],[-46.6415,-23.6299]],[[-46.6415,-23.6299],[-46.64164,-23.63223],[-46.64158,-23.63327],[-46.64136,-23.63454],[-46.64127,-23.63568],[-46.6413,-23.63844],[-46.64148,-23.64141],[-46.64121,-23.64561],[-46.64114,-23.64608],[-46.64106,-23.64634]]]}},{"type":"Feature","properties":{"kind":"track","ref":"2"},"geometry":{"type":"MultiLineString","coordinates":[[[-46.58196,-23.58442],[-46.58308,-23.58647],[-46.58378,-23.58783],[-46.58401,-23.58812],[-46.58541,-23.5895],[-46.5864,-23.59029]],[[-46.5864,-23.59029],[-46.58755,-23.59112],[-46.58957,-23.59279],[-46.59003,-23.59324],[-46.59224,-23.59564],[-46.5928,-23.59611],[-46.59497,-23.59776]],[[-46.59497,-23.59776],[-46.59654,-23.59896],[-46.59799,-23.60028],[-46.59836,-23.60048],[-46.59882,-23.60067],[-46.60336,-23.60137],[-46.60467,-23.60183],[-46.6049,-23.60188],[-46.6075,-23.60225],[-46.6089,-23.60236],[-46.60989,-23.6024],[-46.61066,-23.60236],[-46.61246,-23.60221],[-46.61278,-23.60208],[-46.61443,-23.60113],[-46.61476,-23.6009],[-46.615,-23.60067],[-46.61752,-23.59776],[-46.61935,-23.5965],[-46.61999,-23.59618]],[[-46.61999,-23.59618],[-46.62146,-23.59551],[-46.62193,-23.59533],[-46.62231,-23.59524],[-46.62281,-23.59517],[-46.62334,-23.59517]],[[-46.62334,-23.59517],[-46.62486,-23.59533],[-46.62552,-23.59529],[-46.62732,-23.59491],[-46.62774,-23.59479],[-46.62846,-23.59446],[-46.62877,-23.59422],[-46.62984,-23.59309],[-46.63153,-23.59156],[-46.63308,-23.59008],[-46.63375,-23.58935],[-46.63403,-23.58899],[-46.63441,-23.5884],[-46.6358,-23.58554],[-46.64042,-23.5783],[-46.6407,-23.57781],[-46.64081,-23.57755],[-46.64093,-23.57686],[-46.6409,-23.57535],[-46.64092,-23.57494],[-46.64098,-23.57459],[-46.64105,-23.5743],[-46.64118,-23.57399],[-46.64156,-23.5734],[-46.64181,-23.57314],[-46.64218,-23.57283],[-46.6432,-23.57211],[-46.64494,-23.57069],[-46.64894,-23.56757],[-46.65571,-23.56198],[-46.65645,-23.56135],[-46.66294,-23.55556],[-46.66329,-23.5553],[-46.66369,-23.55509],[-46.66409,-23.55493],[-46.66495,-23.55477],[-46.66598,-23.55476],[-46.66791,-23.5549],[-46.6686,-23.55484],[-46.6689,-23.55477],[-46.66962,-23.55453],[-46.67595,-23.55197],[-46.67655,-23.55168],[-46.67703,-23.5514]],[[-46.67703,-23.5514],[-46.67812,-23.55061]],[[-46.67812,-23.55061],[-46.6793,-23.54984],[-46.67996,-23.54949],[-46.68076,-23.54914],[-46.68239,-23.54857],[-46.68389,-23.54816],[-46.68501,-23.548],[-46.68761,-23.54774],[-46.68861,-23.54759],[-46.68912,-23.54747],[-46.68933,-23.5474],[-46.68981,-23.54714],[-46.69078,-23.54643]],[[-46.69081,-23.54646],[-46.68984,-23.54718],[-46.68949,-23.54738],[-46.68914,-23.54752],[-46.68861,-23.54764],[-46.68753,-23.54781],[-46.68502,-23.54805],[-46.68394,-23.54821],[-46.68292,-23.54847],[-46.68209,-23.54873],[-46.68135,-23.54898],[-46.68036,-23.54938],[-46.67934,-23.54991],[-46.67815,-23.55065]],[[-46.67815,-23.55065],[-46.67706,-23.55144]],[[-46.67706,-23.55144],[-46.67649,-23.55176],[-46.67595,-23.552]],[[-46.67595,-23.552],[-46.66965,-23.55454],[-46.6689,-23.55479],[-46.66858,-23.55486],[-46.66786,-23.55492],[-46.66604,-23.55479],[-46.66563,-23.55478],[-46.66514,-23.55482],[-46.66457,-23.55494],[-46.6641,-23.55511],[-46.66332,-23.55553],[-46.66279,-23.55594],[-46.65581,-23.56209],[-46.64901,-23.56772],[-46.64505,-23.57077],[-46.64374,-23.57185],[-46.64335,-23.57214],[-46.64213,-23.57292],[-46.64184,-23.57316],[-46.64135,-23.57374],[-46.6412,-23.57403],[-46.64101,-23.5746],[-46.64094,-23.5753],[-46.64097,-23.57662],[-46.64094,-23.57712],[-46.64085,-23.57755],[-46.64076,-23.57778],[-46.64063,-23.57803],[-46.63931,-23.58008],[-46.63894,-23.58078],[-46.63598,-23.58548],[-46.63568,-23.58605],[-46.63452,-23.58852],[-46.63418,-23.5891],[-46.63377,-23.58967],[-46.63326,-23.59023],[-46.6289,-23.59427],[-46.62861,-23.59451],[-46.62826,-23.59472],[-46.62746,-23.595],[-46.62558,-23.59538],[-46.62522,-23.59542],[-46.62454,-23.5954],[-46.62333,-23.59526]],[[-46.62333,-23.59526],[-46.62263,-23.59529],[-46.62192,-23.59546],[-46.62096,-23.59585],[-46.62006,-23.59627]],[[-46.62006,-23.59627],[-46.61941,-23.59658],[-46.61763,-23.59781],[-46.61742,-23.59801],[-46.61483,-23.60094],[-46.61446,-23.60119],[-46.6126,-23.60229],[-46.61068,-23.60243],[-46.60988,-23.60247],[-46.60891,-23.60243],[-46.6075,-23.6023],[-46.6049,-23.60193],[-46.60463,-23.60187],[-46.60312,-23.60138],[-46.59876,-23.60071],[-46.5983,-23.6005],[-46.59794,-23.60029],[-46.59649,-23.599],[-46.59494,-23.59779]],[[-46.59494,-23.59779],[-46.59262,-23.59604],[-46.59217,-23.59565],[-46.59043,-23.59372],[-46.58953,-23.59283],[-46.58752,-23.59114],[-46.58636,-23.59033]],[[-46.58636,-23.59033],[-46.5851,-23.58927],[-46.58398,-23.58818],[-46.58372,-23.58786],[-46.58297,-23.58637],[-46.58192,-23.58444]]]}},{"type":"Feature","properties":{"kind":"track","ref":"3"},"geometry":{"type":"MultiLineString","coordinates":[[[-46.66746,-23.52603],[-46.66573,-23.5262],[-46.66541,-23.52625],[-46.66474,-23.52643]],[[-46.66474,-23.52643],[-46.66389,-23.52677],[-46.66332,-23.52708],[-46.66236,-23.52771],[-46.66184,-23.52815],[-46.66124,-23.52871],[-46.66095,-23.52905],[-46.65899,-23.53162]],[[-46.65899,-23.53162],[-46.65873,-23.53194],[-46.65846,-23.5322],[-46.65812,-23.53244],[-46.6569,-23.53313]],[[-46.6569,-23.53313],[-46.65635,-23.53348],[-46.65578,-23.53391]],[[-46.65578,-23.53391],[-46.65324,-23.53583]],[[-46.65324,-23.53583],[-46.64982,-23.53845],[-46.64897,-23.53934],[-46.64761,-23.54093]],[[-46.64761,-23.54093],[-46.64722,-23.54128],[-46.64701,-23.54142],[-46.64645,-23.54175],[-46.64526,-23.54237],[-46.64469,-23.54272],[-46.64403,-23.54324],[-46.64221,-23.54483]],[[-46.64221,-23.54483],[-46.64186,-23.5452],[-46.64073,-23.54671],[-46.64024,-23.54715],[-46.63869,-23.54824],[-46.63584,-23.54982],[-46.63511,-23.55015],[-46.63443,-23.55038],[-46.63187,-23.551],[-46.63133,-23.55103],[-46.63105,-23.55101],[-46.63043,-23.55091],[-46.63007,-23.55081]],[[-46.63007,-23.55081],[-46.62789,-23.55005],[-46.62717,-23.54991],[-46.62272,-23.54921],[-46.61892,-23.54832],[-46.61727,-23.54808],[-46.61437,-23.54775],[-46.61283,-23.54761],[-46.61241,-23.54754],[-46.61046,-23.54709]],[[-46.61046,-23.54709],[-46.60623,-23.54625]],[[-46.60623,-23.54625],[-46.60478,-23.54594]],[[-46.60478,-23.54594],[-46.59528,-23.544]],[[-46.59528,-23.544],[-46.59418,-23.54379]],[[-46.59418,-23.54379],[-46.59248,-23.54349],[-46.59139,-23.54334],[-46.58495,-23.54205],[-46.58297,-23.54177],[-46.58233,-23.54163]],[[-46.58233,-23.54163],[-46.57974,-23.54113]],[[-46.57974,-23.54113],[-46.5783,-23.54092],[-46.57738,-23.54073]],[[-46.57738,-23.54073],[-46.57554,-23.54036]],[[-46.57554,-23.54036],[-46.57454,-23.54016],[-46.57398,-23.54001],[-46.57275,-23.53955],[-46.57233,-23.53941],[-46.57189,-23.53931],[-46.56764,-23.53851],[-46.56638,-23.53833],[-46.56426,-23.53794],[-46.56242,-23.53756],[-46.56146,-23.53731],[-46.54831,-23.53459],[-46.54591,-23.53413],[-46.54249,-23.53359],[-46.53673,-23.53242],[-46.53372,-23.53184],[-46.53268,-23.53176],[-46.53184,-23.53183],[-46.52982,-23.5321],[-46.52936,-23.53214],[-46.52888,-23.53214],[-46.52773,-23.53205],[-46.52506,-23.53174],[-46.52288,-23.53158],[-46.52115,-23.53133],[-46.52004,-23.53101],[-46.51952,-23.5308],[-46.51517,-23.52871],[-46.51424,-23.52833],[-46.51341,-23.5281],[-46.51195,-23.52787],[-46.50958,-23.52752],[-46.50883,-23.52749],[-46.50841,-23.5275],[-46.5079,-23.52756],[-46.50704,-23.52777],[-46.50623,-23.52806],[-46.50375,-23.52968],[-46.50319,-23.5301],[-46.50156,-23.53119],[-46.49956,-23.53248],[-46.49879,-23.5329],[-46.49809,-23.53333],[-46.49667,-23.53447],[-46.49619,-23.53478],[-46.4952,-23.53524],[-46.49475,-23.53537],[-46.49402,-23.53548],[-46.49113,-23.53577],[-46.49034,-23.53577],[-46.48954,-23.53571],[-46.48907,-23.53571],[-46.48866,-23.53576],[-46.4879,-23.53602],[-46.48724,-23.53646],[-46.48698,-23.53672],[-46.48677,-23.537],[-46.48643,-23.53766],[-46.48606,-23.53857],[-46.48576,-23.53909],[-46.48547,-23.53951],[-46.48518,-23.53984],[-46.48472,-23.54031],[-46.48361,-23.54127],[-46.48271,-23.54173],[-46.48178,-23.54199],[-46.47835,-23.54275],[-46.47761,-23.5429],[-46.47653,-23.54305],[-46.476,-23.54308],[-46.47488,-23.54305],[-46.47437,-23.54299],[-46.47336,-23.54279]],[[-46.47336,-23.54279],[-46.47232,-23.54256],[-46.47107,-23.54234]],[[-46.47109,-23.54221],[-46.47235,-23.54242],[-46.47342,-23.54265]],[[-46.47342,-23.54265],[-46.47482,-23.54293],[-46.47544,-23.54299],[-46.47637,-23.54301],[-46.47683,-23.54297],[-46.47766,-23.54285],[-46.47865,-23.54264],[-46.48186,-23.54193],[-46.48248,-23.54173],[-46.48317,-23.5414],[-46.48346,-23.54121],[-46.48532,-23.53956],[-46.48571,-23.53908],[-46.48599,-23.53861],[-46.48646,-23.53746],[-46.48672,-23.53698],[-46.48709,-23.53654],[-46.48759,-23.53615],[-46.48816,-23.53587],[-46.48848,-23.53577],[-46.48905,-23.53567],[-46.49068,-23.53574],[-46.49146,-23.5357],[-46.49442,-23.53537],[-46.49487,-23.53528],[-46.49562,-23.53502],[-46.49593,-23.53488],[-46.49655,-23.53451],[-46.49808,-23.53328],[-46.50549,-23.52848],[-46.50621,-23.52803],[-46.50679,-23.52778],[-46.50732,-23.52762],[-46.50843,-23.52746],[-46.50901,-23.52744],[-46.50956,-23.52747],[-46.51378,-23.52813],[-46.51489,-23.52843],[-46.51585,-23.52886],[-46.51991,-23.53083],[-46.52058,-23.5311],[-46.52161,-23.53137],[-46.52213,-23.53145],[-46.5242,-23.53163]],[[-46.5242,-23.53163],[-46.52852,-23.53207],[-46.52915,-23.53205],[-46.53206,-23.53167],[-46.53276,-23.53163],[-46.53354,-23.53169],[-46.53805,-23.53255],[-46.54253,-23.53345],[-46.54741,-23.53436],[-46.55869,-23.53671],[-46.56713,-23.53837],[-46.56924,-23.53878],[-46.57164,-23.53917],[-46.57226,-23.5393],[-46.57318,-23.53955],[-46.57419,-23.53992],[-46.57557,-23.54023]],[[-46.57557,-23.54023],[-46.57743,-23.5406]],[[-46.57743,-23.5406],[-46.57975,-23.54107]],[[-46.57975,-23.54107],[-46.58234,-23.54158]],[[-46.58234,-23.54158],[-46.58322,-23.54174],[-46.5851,-23.542],[-46.58719,-23.54242],[-46.5887,-23.54264],[-46.5942,-23.54374]],[[-46.5942,-23.54374],[-46.5953,-23.54395]],[[-46.5953,-23.54395],[-46.6048,-23.54587]],[[-46.6048,-23.54587],[-46.60625,-23.54612]],[[-46.60625,-23.54612],[-46.6088,-23.54663],[-46.61048,-23.54704]],[[-46.61048,-23.54704],[-46.61245,-23.54751],[-46.61319,-23.54761],[-46.6147,-23.54765],[-46.61662,-23.54786],[-46.61785,-23.54804],[-46.61894,-23.54827],[-46.62257,-23.54913],[-46.62765,-23.54995],[-46.62863,-23.55024],[-46.62981,-23.55068]],[[-46.62981,-23.55068],[-46.63063,-23.55089],[-46.63112,-23.55093],[-46.63158,-23.55088],[-46.6321,-23.55073]],[[-46.6321,-23.55073],[-46.6357,-23.54947],[-46.63823,-23.54835],[-46.639,-23.54794],[-46.64017,-23.5471],[-46.64056,-23.54676],[-46.64205,-23.54483]],[[-46.64205,-23.54483],[-46.64269,-23.54422],[-46.64492,-23.54237],[-46.64529,-23.54215],[-46.64684,-23.54137],[-46.64738,-23.54101]],[[-46.64738,-23.54101],[-46.64784,-23.54057],[-46.64927,-23.53894],[-46.6498,-23.53842],[-46.65309,-23.53588],[-46.6539,-23.53533],[-46.65578,-23.53391]],[[-46.65578,-23.53391],[-46.6564,-23.53344],[-46.6569,-23.53313]],[[-46.6569,-23.53313],[-46.65812,-23.53244],[-46.65861,-23.53206],[-46.66098,-23.52896],[-46.66119,-23.52871],[-46.6617,-23.52822],[-46.6624,-23.52764],[-46.66332,-23.52704],[-46.66388,-23.52673],[-46.66471,-23.52639]],[[-46.66471,-23.52639],[-46.6653,-23.52621],[-46.66654,-23.52603],[-46.66745,-23.52595]]]}},{"type":"Feature","properties":{"kind":"track","ref":"4"},"geometry":{"type":"MultiLineString","coordinates":[[[-46.63455,-23.53624],[-46.63526,-23.53738],[-46.63597,-23.53871],[-46.63648,-23.53959],[-46.63682,-23.53999],[-46.637,-23.54015],[-46.63872,-23.54127],[-46.6397,-23.54195],[-46.64192,-23.54366],[-46.64247,-23.5439],[-46.64264,-23.54402],[-46.64431,-23.54548],[-46.64561,-23.54644],[-46.64613,-23.5467],[-46.6466,-23.54689],[-46.64708,-23.54715]],[[-46.64708,-23.54715],[-46.65016,-23.54823],[-46.6523,-23.54894],[-46.65491,-23.55035],[-46.65858,-23.5524],[-46.65985,-23.55322],[-46.66079,-23.5539],[-46.66231,-23.55522],[-46.66302,-23.5558],[-46.66335,-23.55603],[-46.66398,-23.55634],[-46.66491,-23.55657],[-46.66568,-23.55684],[-46.66635,-23.55713],[-46.66727,-23.55768],[-46.66795,-23.55818],[-46.67151,-23.56041],[-46.67621,-23.56322],[-46.67658,-23.56347],[-46.67779,-23.56404],[-46.67885,-23.56433],[-46.68003,-23.56452],[-46.6804,-23.56462],[-46.68465,-23.56642],[-46.6872,-23.56746],[-46.68779,-23.56763],[-46.68849,-23.56777],[-46.68947,-23.56786],[-46.69033,-23.56786],[-46.69092,-23.56782],[-46.69163,-23.56773],[-46.69402,-23.5672],[-46.69525,-23.56702],[-46.69613,-23.56698],[-46.69998,-23.56704],[-46.7015,-23.56713],[-46.70384,-23.56759],[-46.7043,-23.56773],[-46.70467,-23.56793],[-46.705,-23.56817],[-46.70564,-23.56877],[-46.70754,-23.57074],[-46.70809,-23.57182]],[[-46.70809,-23.57182],[-46.70859,-23.57297],[-46.71068,-23.57924],[-46.7109,-23.57972],[-46.7119,-23.58132],[-46.71234,-23.58177],[-46.71298,-23.58221],[-46.71352,-23.58251],[-46.71652,-23.58369],[-46.71698,-23.58392],[-46.71752,-23.58428],[-46.71802,-23.58456],[-46.71866,-23.5847],[-46.7196,-23.58479],[-46.72008,-23.5849],[-46.72152,-23.58538],[-46.72381,-23.58622]],[[-46.72381,-23.58622],[-46.72507,-23.58667],[-46.72578,-23.58698],[-46.72853,-23.58872],[-46.72896,-23.58905],[-46.72944,-23.58957]],[[-46.72944,-23.58957],[-46.73146,-23.59177],[-46.73172,-23.59202],[-46.73229,-23.59233],[-46.73482,-23.59342]],[[-46.7348,-23.59345],[-46.73211,-23.59228],[-46.73173,-23.59206],[-46.73134,-23.59169],[-46.72943,-23.58961]],[[-46.72943,-23.58961],[-46.72904,-23.58918],[-46.72863,-23.58883],[-46.72568,-23.58696]],[[-46.72568,-23.58696],[-46.7238,-23.58627]],[[-46.7238,-23.58627],[-46.7217,-23.5855],[-46.72006,-23.58496],[-46.71959,-23.58486],[-46.71865,-23.58477],[-46.71799,-23.58462],[-46.71748,-23.58434],[-46.71694,-23.58398],[-46.71649,-23.58375],[-46.71349,-23.58257],[-46.71294,-23.58227],[-46.71229,-23.58182],[-46.71184,-23.58136],[-46.71083,-23.57975],[-46.71061,-23.57926],[-46.70852,-23.5729],[-46.70804,-23.57186]],[[-46.70804,-23.57186],[-46.70748,-23.57075],[-46.70525,-23.56848],[-46.70493,-23.56818],[-46.70456,-23.56794],[-46.70428,-23.5678],[-46.70382,-23.56766],[-46.70149,-23.5672],[-46.69997,-23.56711],[-46.69613,-23.56705],[-46.69524,-23.56709],[-46.69404,-23.56727],[-46.69165,-23.5678],[-46.69092,-23.56789],[-46.69033,-23.56793],[-46.68947,-23.56793],[-46.68848,-23.56784],[-46.68777,-23.5677],[-46.68718,-23.56753],[-46.68416,-23.56629],[-46.6808,-23.56481],[-46.68001,-23.56456],[-46.67851,-23.56429],[-46.67798,-23.56414],[-46.67736,-23.5639],[-46.67674,-23.56361],[-46.67592,-23.56309],[-46.67192,-23.56074],[-46.66791,-23.55823],[-46.66723,-23.55774],[-46.66672,-23.55742],[-46.66632,-23.5572],[-46.66566,-23.5569],[-46.66463,-23.55656],[-46.66396,-23.5564],[-46.66331,-23.55609],[-46.66227,-23.55528],[-46.66075,-23.55396],[-46.65916,-23.55284],[-46.65855,-23.55245],[-46.65484,-23.55045],[-46.65423,-23.55007],[-46.65228,-23.54896],[-46.65101,-23.54853],[-46.65013,-23.54827],[-46.64706,-23.54718]],[[-46.64706,-23.54718],[-46.6461,-23.54677],[-46.64558,-23.5465],[-46.64517,-23.54621],[-46.64244,-23.54396],[-46.64203,-23.5438],[-46.64155,-23.5435],[-46.63925,-23.54168],[-46.63686,-23.54007],[-46.63647,-23.53963],[-46.63628,-23.53936],[-46.63517,-23.53729],[-46.63452,-23.53626]]]}},{"type":"Feature","properties":{"kind":"track","ref":"5"},"geometry":{"type":"MultiLineString","coordinates":[[[-46.76775,-23.65886],[-46.76683,-23.65747]],[[-46.76683,-23.65747],[-46.76637,-23.65678]],[[-46.76637,-23.65678],[-46.76549,-23.65556],[-46.76451,-23.6544],[-46.76382,-23.65364],[-46.76244,-23.65231],[-46.76187,-23.65183],[-46.76119,-23.65134]],[[-46.76119,-23.65134],[-46.75995,-23.65044]],[[-46.75995,-23.65044],[-46.75965,-23.65018]],[[-46.75965,-23.65018],[-46.75942,-23.64995],[-46.75896,-23.64936],[-46.75873,-23.64888],[-46.75865,-23.64862],[-46.7583,-23.64781],[-46.75815,-23.64755],[-46.75781,-23.64713],[-46.75711,-23.64655],[-46.75642,-23.64614],[-46.75587,-23.64592],[-46.75554,-23.64583],[-46.75524,-23.64577],[-46.75492,-23.64575],[-46.7531,-23.64576],[-46.75221,-23.64568],[-46.75132,-23.64549],[-46.75033,-23.64513],[-46.74955,-23.64469],[-46.74842,-23.64395],[-46.7478,-23.64349],[-46.74753,-23.64322],[-46.74737,-23.64303],[-46.74704,-23.64252],[-46.74639,-23.6411],[-46.74609,-23.64065],[-46.74577,-23.64028],[-46.74526,-23.63984],[-46.74499,-23.63965],[-46.74461,-23.63941],[-46.74421,-23.63923],[-46.74121,-23.63805],[-46.74061,-23.63793],[-46.7399,-23.63793],[-46.73949,-23.63801],[-46.73909,-23.63814],[-46.7387,-23.63833],[-46.73835,-23.63856],[-46.73808,-23.63881],[-46.73783,-23.63911],[-46.73741,-23.63978],[-46.73723,-23.64018],[-46.73709,-23.64062],[-46.73678,-23.6419],[-46.73663,-23.6423],[-46.73621,-23.64291],[-46.73577,-23.6433],[-46.73507,-23.64366],[-46.73447,-23.64388],[-46.73412,-23.64397],[-46.73345,-23.64407],[-46.73223,-23.64414],[-46.73179,-23.6442],[-46.72901,-23.64476],[-46.72845,-23.645],[-46.72816,-23.64517],[-46.72764,-23.64562],[-46.72717,-23.64643],[-46.727,-23.64705],[-46.72692,-23.6482],[-46.727,-23.65211],[-46.72699,-23.65263],[-46.72691,-23.65304],[-46.72653,-23.65389],[-46.72624,-23.65435],[-46.7259,-23.65474],[-46.72558,-23.65502],[-46.72521,-23.65527],[-46.72488,-23.65545],[-46.72408,-23.65572],[-46.72334,-23.65584],[-46.72275,-23.65586],[-46.72204,-23.65582],[-46.72012,-23.65562],[-46.71926,-23.65559],[-46.71884,-23.65554],[-46.71733,-23.65516],[-46.71545,-23.65493],[-46.71461,-23.65492],[-46.7141,-23.65495],[-46.71304,-23.65492]],[[-46.71304,-23.65492],[-46.71266,-23.65484],[-46.70764,-23.6541],[-46.70731,-23.65403],[-46.707,-23.65391],[-46.70673,-23.65371],[-46.70642,-23.65332],[-46.70454,-23.65067],[-46.70419,-23.65008]],[[-46.70419,-23.65008],[-46.69952,-23.64183],[-46.69669,-23.63746],[-46.69576,-23.63618],[-46.69489,-23.63551],[-46.69287,-23.63356],[-46.69148,-23.63177],[-46.68794,-23.62664]],[[-46.66851,-23.60976],[-46.66902,-23.61014],[-46.67006,-23.61083],[-46.67122,-23.61136],[-46.67269,-23.61189],[-46.67798,-23.61364],[-46.67823,-23.61375],[-46.67839,-23.61386],[-46.68225,-23.61875],[-46.6848,-23.62236],[-46.68794,-23.62664]],[[-46.66851,-23.60976],[-46.66755,-23.60898],[-46.66218,-23.60386]],[[-46.65784,-23.59942],[-46.66218,-23.60386]],[[-46.65784,-23.59942],[-46.65732,-23.59891],[-46.65688,-23.59855],[-46.65613,-23.59816],[-46.65536,-23.59786],[-46.65451,-23.59764],[-46.65399,-23.59766],[-46.65231,-23.59785]],[[-46.65231,-23.59785],[-46.65077,-23.59795],[-46.64949,-23.59791],[-46.64862,-23.59794],[-46.64557,-23.59821],[-46.64148,-23.5985],[-46.6366,-23.59853],[-46.63619,-23.59851],[-46.63569,-23.59842],[-46.63523,-23.59828],[-46.63474,-23.59806],[-46.63435,-23.59783],[-46.63389,-23.59735],[-46.63245,-23.59501],[-46.63204,-23.59441],[-46.63091,-23.59295]],[[-46.63094,-23.59293],[-46.63187,-23.59413],[-46.63249,-23.59499],[-46.63371,-23.59702],[-46.6339,-23.59732],[-46.63409,-23.59755],[-46.63436,-23.5978],[-46.63474,-23.59803],[-46.63522,-23.59825],[-46.63569,-23.5984],[-46.63618,-23.59849],[-46.63661,-23.5985],[-46.64142,-23.59848],[-46.64223,-23.59844],[-46.64863,-23.59791],[-46.64946,-23.59789],[-46.65076,-23.59792],[-46.6523,-23.5978]],[[-46.6523,-23.5978],[-46.65398,-23.59761],[-46.65452,-23.59759],[-46.65538,-23.59781],[-46.65616,-23.59811],[-46.65691,-23.59851],[-46.65736,-23.59887],[-46.65787,-23.59938]],[[-46.65787,-23.59938],[-46.66221,-23.60382]],[[-46.66221,-23.60382],[-46.66759,-23.60894],[-46.66855,-23.60972]],[[-46.66855,-23.60972],[-46.66905,-23.6101],[-46.67009,-23.61078],[-46.67124,-23.61132],[-46.67271,-23.61184],[-46.67801,-23.61359],[-46.67826,-23.6137],[-46.67843,-23.61382],[-46.6823,-23.61871],[-46.68485,-23.62233],[-46.68817,-23.62683],[-46.68864,-23.62752]],[[-46.68864,-23.62752],[-46.69153,-23.63174],[-46.69292,-23.6335],[-46.69495,-23.63547],[-46.69582,-23.63613],[-46.69674,-23.63742],[-46.69959,-23.6418],[-46.70422,-23.65006]],[[-46.70422,-23.65006],[-46.70646,-23.65329],[-46.70677,-23.65368],[-46.70697,-23.65384]],[[-46.70697,-23.65384],[-46.70732,-23.65398],[-46.70765,-23.65405],[-46.71221,-23.65472],[-46.71304,-23.65488]],[[-46.71304,-23.65488],[-46.71409,-23.65494],[-46.7147,-23.65491],[-46.71545,-23.65492],[-46.71733,-23.65514],[-46.71879,-23.6555],[-46.71933,-23.65556],[-46.72092,-23.65565],[-46.72205,-23.65579],[-46.72269,-23.65583],[-46.72332,-23.65581],[-46.72408,-23.65568],[-46.72484,-23.65541],[-46.72518,-23.65522],[-46.72554,-23.65498],[-46.72587,-23.65469],[-46.7262,-23.65432],[-46.72649,-23.65387],[-46.72684,-23.65301],[-46.72691,-23.65263],[-46.72693,-23.65193],[-46.72687,-23.64888],[-46.72691,-23.64737],[-46.72699,-23.64686],[-46.72714,-23.64644],[-46.72728,-23.64615],[-46.72765,-23.64554],[-46.72794,-23.64528],[-46.72822,-23.64509],[-46.72868,-23.64484],[-46.72899,-23.64472],[-46.73132,-23.64424],[-46.73186,-23.64416],[-46.73345,-23.64403],[-46.7341,-23.64394],[-46.735,-23.64367],[-46.73546,-23.64346],[-46.73575,-23.64329],[-46.73618,-23.64291],[-46.73649,-23.64248],[-46.73661,-23.64226],[-46.73674,-23.64193],[-46.73707,-23.64055],[-46.7372,-23.64017],[-46.7374,-23.63972],[-46.73791,-23.63896],[-46.73829,-23.63857],[-46.73884,-23.63822],[-46.73952,-23.63797],[-46.7401,-23.63789],[-46.74061,-23.6379],[-46.74092,-23.63795],[-46.74148,-23.63811],[-46.74424,-23.63918],[-46.74464,-23.63937],[-46.74519,-23.63972],[-46.74577,-23.64021],[-46.74619,-23.6407],[-46.74652,-23.64123],[-46.74705,-23.64247],[-46.74734,-23.64295],[-46.74749,-23.64314],[-46.74782,-23.64346],[-46.74842,-23.64392],[-46.74994,-23.64487],[-46.75035,-23.64509],[-46.75134,-23.64544],[-46.75222,-23.64564],[-46.7531,-23.64571],[-46.75492,-23.6457],[-46.75555,-23.64579],[-46.75589,-23.64588],[-46.75644,-23.6461],[-46.75714,-23.64651],[-46.75784,-23.6471],[-46.75818,-23.64752],[-46.7585,-23.64814],[-46.75877,-23.64886],[-46.759,-23.64933],[-46.75923,-23.64966],[-46.75968,-23.65014]],[[-46.75968,-23.65014],[-46.75998,-23.6504]],[[-46.75998,-23.6504],[-46.76121,-23.65131]],[[-46.76121,-23.65131],[-46.7619,-23.6518],[-46.76247,-23.65228],[-46.76385,-23.65361],[-46.76454,-23.65437],[-46.76552,-23.65553],[-46.76608,-23.65626],[-46.76641,-23.65675]],[[-46.76641,-23.65675],[-46.76743,-23.65829]],[[-46.76743,-23.65829],[-46.76835,-23.65965]]]}},{"type":"Feature","properties":{"kind":"track","ref":"6"},"geometry":{"type":"MultiLineString","coordinates":[[[-46.67662,-23.53211],[-46.67755,-23.53154],[-46.67799,-23.53123],[-46.67971,-23.52965],[-46.68184,-23.5283],[-46.68298,-23.52748],[-46.68445,-23.52659],[-46.68479,-23.52631],[-46.68506,-23.52601],[-46.68584,-23.5248],[-46.68654,-23.5236],[-46.68817,-23.52055],[-46.69032,-23.5164],[-46.69218,-23.51326],[-46.69263,-23.51242],[-46.69299,-23.51166],[-46.69326,-23.51091],[-46.69344,-23.51026],[-46.69363,-23.50937],[-46.69382,-23.50807],[-46.69394,-23.50642],[-46.69397,-23.50502],[-46.69391,-23.50369],[-46.69379,-23.50256],[-46.69349,-23.5005],[-46.69306,-23.49801],[-46.69282,-23.49682],[-46.69257,-23.49598],[-46.69226,-23.49518],[-46.69203,-23.49468],[-46.69144,-23.49358]],[[-46.6914,-23.4936],[-46.69205,-23.49484],[-46.69229,-23.49537],[-46.69273,-23.49666],[-46.69341,-23.50025],[-46.69366,-23.50194],[-46.69386,-23.50359],[-46.69392,-23.50513],[-46.69384,-23.50745],[-46.69368,-23.5088],[-46.69349,-23.50984],[-46.69306,-23.51136],[-46.69292,-23.51172],[-46.6926,-23.51236],[-46.69188,-23.5137],[-46.69107,-23.515],[-46.69028,-23.51637],[-46.68767,-23.5214],[-46.68646,-23.52366],[-46.68562,-23.52508],[-46.68494,-23.52609],[-46.68445,-23.52654],[-46.68303,-23.52739],[-46.68182,-23.52826],[-46.67971,-23.52959],[-46.67887,-23.53034],[-46.67805,-23.53113],[-46.67756,-23.53149],[-46.67661,-23.53207]]]}},{"type":"Feature","properties":{"kind":"track","ref":"7"},"geometry":{"type":"MultiLineString","coordinates":[[[-46.87246,-23.19475],[-46.87141,-23.19629]],[[-46.87141,-23.19629],[-46.8705,-23.19757],[-46.87001,-23.19815],[-46.86893,-23.19916],[-46.86822,-23.19971],[-46.86237,-23.2036],[-46.86176,-23.20392],[-46.86131,-23.20411],[-46.86078,-23.20428],[-46.86022,-23.2044],[-46.85959,-23.20447],[-46.85845,-23.20445],[-46.84751,-23.20285],[-46.84654,-23.20279],[-46.84611,-23.20282],[-46.84559,-23.20291],[-46.84511,-23.20303],[-46.84454,-23.20324],[-46.84421,-23.20339],[-46.84339,-23.20391],[-46.84295,-23.2043],[-46.84256,-23.20472],[-46.84121,-23.20649],[-46.84043,-23.20729],[-46.83997,-23.20764],[-46.83655,-23.20966],[-46.83604,-23.20988],[-46.8355,-23.21004],[-46.83471,-23.21017],[-46.83419,-23.2102],[-46.83346,-23.21017],[-46.83305,-23.2101],[-46.83232,-23.20991],[-46.82743,-23.2083],[-46.82662,-23.20794],[-46.82355,-23.206],[-46.82278,-23.20545],[-46.82205,-23.20475],[-46.81977,-23.20217],[-46.81939,-23.20184],[-46.81896,-23.20157],[-46.81843,-23.2013],[-46.81751,-23.20103],[-46.81701,-23.20097],[-46.81657,-23.20097],[-46.81571,-23.20111],[-46.81529,-23.20125],[-46.81476,-23.2015],[-46.81415,-23.20191],[-46.81386,-23.20218],[-46.8136,-23.20248],[-46.81316,-23.20319],[-46.81302,-23.20347],[-46.81271,-23.2049],[-46.81247,-23.20557],[-46.81226,-23.20597],[-46.8118,-23.20667],[-46.8115,-23.20712],[-46.81122,-23.20746],[-46.81095,-23.20776],[-46.81058,-23.20807],[-46.80991,-23.20846],[-46.80949,-23.20863],[-46.8089,-23.20881],[-46.80836,-23.20889],[-46.80798,-23.20891],[-46.80747,-23.20887],[-46.80705,-23.20879],[-46.80665,-23.20867],[-46.80629,-23.20854],[-46.80441,-23.20769],[-46.80397,-23.20741],[-46.80112,-23.20483],[-46.80079,-23.20454],[-46.80044,-23.20429],[-46.80009,-23.20408],[-46.79933,-23.20375],[-46.79788,-23.20339],[-46.79703,-23.20306],[-46.79647,-23.20276],[-46.79582,-23.20231],[-46.79467,-23.20128],[-46.79434,-23.20104],[-46.79388,-23.20078],[-46.79347,-23.2006],[-46.79306,-23.20048],[-46.7922,-23.20037],[-46.79142,-23.20041],[-46.79099,-23.20051],[-46.7905,-23.20067],[-46.79015,-23.20085],[-46.78957,-23.2012],[-46.78901,-23.20171],[-46.78849,-23.20243],[-46.78642,-23.20562],[-46.78609,-23.20606],[-46.78558,-23.20654],[-46.78421,-23.20758],[-46.78381,-23.20797],[-46.78315,-23.20876],[-46.78174,-23.21064],[-46.78017,-23.21257],[-46.77875,-23.2144],[-46.77835,-23.21503],[-46.77806,-23.21572],[-46.77783,-23.21655],[-46.77755,-23.21782],[-46.77719,-23.21886],[-46.777,-23.21918],[-46.77625,-23.22024],[-46.77583,-23.22096],[-46.77417,-23.22414],[-46.77396,-23.2245],[-46.77371,-23.22484],[-46.77319,-23.22537],[-46.77295,-23.22555],[-46.77062,-23.22689],[-46.7694,-23.22779],[-46.76859,-23.2285],[-46.76833,-23.22877],[-46.7681,-23.22907],[-46.76779,-23.22961],[-46.76768,-23.22986],[-46.76757,-23.23024],[-46.7675,-23.23067],[-46.76748,-23.23104],[-46.76751,-23.23149],[-46.76758,-23.23188],[-46.76792,-23.23264],[-46.76818,-23.23342],[-46.76823,-23.23387],[-46.76821,-23.23425],[-46.76814,-23.2347],[-46.76804,-23.23502],[-46.7678,-23.23552],[-46.76731,-23.23623],[-46.76704,-23.23648],[-46.76615,-23.23717],[-46.76585,-23.23749],[-46.7655,-23.23794],[-46.76517,-23.2387],[-46.76508,-23.23906],[-46.76502,-23.23952],[-46.76503,-23.23999],[-46.7651,-23.2405],[-46.76512,-23.24105],[-46.76508,-23.24142],[-46.76498,-23.24187],[-46.76479,-23.24239],[-46.76439,-23.24316],[-46.76427,-23.24349],[-46.76409,-23.24431],[-46.76367,-23.24761],[-46.76365,-23.24806],[-46.7638,-23.24928],[-46.76371,-23.25007],[-46.7636,-23.25042],[-46.76342,-23.25081],[-46.76287,-23.25167],[-46.76265,-23.25221],[-46.76213,-23.25438]],[[-46.76213,-23.25438],[-46.76207,-23.25501],[-46.76194,-23.2597]],[[-46.76194,-23.2597],[-46.76182,-23.26025],[-46.76166,-23.2607],[-46.76147,-23.26104],[-46.76109,-23.26146],[-46.76071,-23.26174],[-46.76031,-23.26196],[-46.75994,-23.26209],[-46.75949,-23.26222],[-46.75885,-23.26231],[-46.75797,-23.26222],[-46.75712,-23.2619],[-46.75659,-23.26164],[-46.75617,-23.26151],[-46.75538,-23.2614],[-46.75486,-23.26142],[-46.75446,-23.26147],[-46.75398,-23.26158],[-46.75347,-23.26179],[-46.75303,-23.26201],[-46.75265,-23.26228],[-46.75225,-23.26263],[-46.75188,-23.26304],[-46.75165,-23.26337],[-46.75147,-23.26373],[-46.75132,-23.26413],[-46.75122,-23.26454],[-46.75118,-23.26503],[-46.7512,-23.26544],[-46.75145,-23.26697],[-46.75106,-23.2706],[-46.75097,-23.27096],[-46.7506,-23.27189],[-46.74996,-23.27318],[-46.74966,-23.27361],[-46.74933,-23.27396],[-46.74897,-23.27424],[-46.74855,-23.27448],[-46.74812,-23.27466],[-46.74732,-23.27487],[-46.74644,-23.27488],[-46.74559,-23.27497],[-46.74509,-23.27512],[-46.74464,-23.2753],[-46.74394,-23.27582],[-46.74365,-23.27611],[-46.74336,-23.27648],[-46.74318,-23.27679],[-46.74291,-23.2775],[-46.74274,-23.27893],[-46.74267,-23.28005]],[[-46.7425,-23.28073],[-46.74267,-23.28005]],[[-46.74239,-23.28206],[-46.7425,-23.28073]],[[-46.74235,-23.28267],[-46.74239,-23.28206]],[[-46.74235,-23.28267],[-46.7423,-23.28402],[-46.74219,-23.28465],[-46.74203,-23.28514],[-46.74057,-23.28806],[-46.73738,-23.29416],[-46.73719,-23.2946],[-46.73675,-23.29604],[-46.73627,-23.29699],[-46.73604,-23.29734],[-46.73555,-23.29788],[-46.73526,-23.29815],[-46.73344,-23.2994],[-46.73282,-23.29991],[-46.73251,-23.30026],[-46.7322,-23.30068],[-46.73078,-23.30297],[-46.73024,-23.30372],[-46.72988,-23.3041],[-46.72951,-23.30441],[-46.72804,-23.30547],[-46.72775,-23.30571],[-46.72726,-23.30623],[-46.72634,-23.30764],[-46.72605,-23.30803],[-46.7258,-23.30828],[-46.7253,-23.30871],[-46.72483,-23.30905],[-46.72253,-23.31065],[-46.7215,-23.31133],[-46.72068,-23.31196],[-46.72018,-23.31253],[-46.71994,-23.31295],[-46.71977,-23.31336],[-46.71967,-23.31377],[-46.7196,-23.31429],[-46.71968,-23.3151],[-46.71983,-23.31557],[-46.71999,-23.31592],[-46.72052,-23.31665],[-46.72086,-23.317],[-46.72173,-23.31774],[-46.72203,-23.31808],[-46.7222,-23.31831],[-46.72257,-23.31899],[-46.72272,-23.31936],[-46.72348,-23.32239],[-46.72388,-23.32416],[-46.72417,-23.32509],[-46.7244,-23.32569],[-46.72584,-23.32888],[-46.72688,-23.33084],[-46.72725,-23.3314],[-46.72762,-23.33182],[-46.72786,-23.33206],[-46.72844,-23.33253],[-46.72907,-23.33289],[-46.73075,-23.33362]],[[-46.73075,-23.33362],[-46.73108,-23.33378]],[[-46.73108,-23.33378],[-46.73262,-23.33453],[-46.73341,-23.33497],[-46.73408,-23.33548],[-46.73442,-23.33583],[-46.7347,-23.33619],[-46.73499,-23.33664],[-46.73772,-23.34128],[-46.73794,-23.34192],[-46.73827,-23.34346],[-46.73839,-23.34416],[-46.73852,-23.34459],[-46.73922,-23.34675],[-46.73954,-23.34759],[-46.73978,-23.34841],[-46.74091,-23.35179],[-46.7415,-23.35338],[-46.74321,-23.35732],[-46.74373,-23.35831],[-46.74401,-23.35869],[-46.74429,-23.35899],[-46.74459,-23.35925],[-46.74525,-23.35973],[-46.74625,-23.36036],[-46.74661,-23.36063],[-46.74709,-23.36108],[-46.74732,-23.36132],[-46.74755,-23.36163],[-46.7478,-23.36202],[-46.74831,-23.36298],[-46.749,-23.36393],[-46.7497,-23.36459],[-46.75075,-23.36547],[-46.75159,-23.36612],[-46.75241,-23.36685],[-46.75368,-23.36811],[-46.75453,-23.36903],[-46.75485,-23.36946],[-46.75531,-23.37028],[-46.75573,-23.37139],[-46.75586,-23.3719],[-46.756,-23.37295],[-46.75593,-23.37384],[-46.75539,-23.37596],[-46.75531,-23.3771],[-46.75546,-23.37964],[-46.75557,-23.38256],[-46.75552,-23.38335],[-46.75547,-23.38374],[-46.75491,-23.38538],[-46.75482,-23.386],[-46.75481,-23.38634],[-46.75492,-23.38708],[-46.75513,-23.38763],[-46.75528,-23.38788],[-46.75618,-23.38909],[-46.75642,-23.38946],[-46.75731,-23.39121],[-46.75764,-23.39194],[-46.75789,-23.39261],[-46.75798,-23.39337],[-46.75809,-23.39667],[-46.75805,-23.39746],[-46.75791,-23.39803],[-46.75776,-23.39841],[-46.75744,-23.39893],[-46.75707,-23.39939],[-46.75565,-23.40074],[-46.75514,-23.40144],[-46.75479,-23.40209],[-46.7544,-23.40343],[-46.75423,-23.40394],[-46.75407,-23.40428],[-46.7538,-23.40474],[-46.75344,-23.40524],[-46.75262,-23.40624],[-46.75194,-23.40742],[-46.75156,-23.40798],[-46.75107,-23.40854],[-46.75064,-23.4089],[-46.75023,-23.40919],[-46.74856,-23.41015],[-46.74822,-23.41039],[-46.74766,-23.41093],[-46.74559,-23.41346],[-46.74519,-23.41415],[-46.7449,-23.41497],[-46.74484,-23.41535],[-46.7448,-23.416],[-46.74499,-23.41788],[-46.74496,-23.41835],[-46.74479,-23.41916],[-46.74443,-23.42017],[-46.74371,-23.42199],[-46.74361,-23.42244],[-46.74361,-23.42319],[-46.74373,-23.42384],[-46.74399,-23.42447],[-46.74415,-23.42474],[-46.74511,-23.426],[-46.74546,-23.42669],[-46.74555,-23.427],[-46.74586,-23.42887],[-46.7461,-23.42976],[-46.74634,-23.43043],[-46.74733,-23.43272],[-46.74749,-23.43317],[-46.74768,-23.43399],[-46.74771,-23.43441],[-46.7477,-23.43517],[-46.74764,-23.43569],[-46.74742,-23.43671],[-46.74702,-23.439],[-46.74688,-23.4395],[-46.74672,-23.43984],[-46.74632,-23.44044],[-46.74571,-23.44104],[-46.74423,-23.44186],[-46.74381,-23.4422],[-46.74348,-23.44252],[-46.74322,-23.44284],[-46.74298,-23.44327],[-46.74234,-23.44487],[-46.74212,-23.44573],[-46.74202,-23.44643],[-46.74197,-23.44753],[-46.74206,-23.44859],[-46.7422,-23.44936],[-46.74241,-23.45023],[-46.7425,-23.45104],[-46.74239,-23.45165],[-46.74228,-23.45201],[-46.74214,-23.45233],[-46.74199,-23.4526],[-46.74165,-23.45308],[-46.74135,-23.4534],[-46.74096,-23.45369],[-46.73949,-23.45449],[-46.7388,-23.45507],[-46.7382,-23.45597],[-46.73793,-23.45674],[-46.73788,-23.45735],[-46.7379,-23.45784],[-46.73797,-23.45815],[-46.73818,-23.45877],[-46.73875,-23.45963],[-46.739,-23.4599],[-46.73921,-23.46012],[-46.73995,-23.46064]],[[-46.73995,-23.46064],[-46.74017,-23.46077]],[[-46.74017,-23.46077],[-46.74074,-23.46116],[-46.74144,-23.46171],[-46.74418,-23.46395],[-46.74489,-23.46458],[-46.74518,-23.4649],[-46.74537,-23.46521],[-46.74566,-23.46586],[-46.74577,-23.46629],[-46.74582,-23.46665],[-46.74584,-23.46689],[-46.74579,-23.46753],[-46.74571,-23.46795],[-46.74561,-23.46824],[-46.74541,-23.46863],[-46.7451,-23.46909],[-46.74467,-23.46955],[-46.74424,-23.4699],[-46.74398,-23.47007],[-46.7437,-23.4702],[-46.74204,-23.47086],[-46.74164,-23.47106],[-46.74104,-23.47144],[-46.7394,-23.4726],[-46.73811,-23.47358],[-46.73718,-23.47424],[-46.7368,-23.47458],[-46.73624,-23.47523],[-46.73592,-23.47566],[-46.73571,-23.47603],[-46.73351,-23.4801],[-46.73313,-23.4809],[-46.73255,-23.48235],[-46.73216,-23.48306],[-46.73193,-23.48336],[-46.73141,-23.48388],[-46.72955,-23.48547],[-46.72731,-23.48768],[-46.72669,-23.48815],[-46.7261,-23.48853]],[[-46.7261,-23.48853],[-46.72601,-23.48859]],[[-46.72601,-23.48859],[-46.72514,-23.48915],[-46.72441,-23.48971],[-46.72407,-23.49004],[-46.7229,-23.49151],[-46.72241,-23.49204],[-46.72213,-23.4923],[-46.7204,-23.49369],[-46.71949,-23.49456],[-46.71736,-23.49696],[-46.71663,-23.49789],[-46.71627,-23.49842],[-46.7156,-23.49959],[-46.71525,-23.50032],[-46.71508,-23.50078],[-46.71495,-23.50128],[-46.7149,-23.50187],[-46.715,-23.50439],[-46.71499,-23.50506],[-46.71487,-23.50587],[-46.71473,-23.50643]],[[-46.71473,-23.50643],[-46.71383,-23.50932]],[[-46.71383,-23.50932],[-46.71343,-23.51044],[-46.71314,-23.51113],[-46.71275,-23.51182],[-46.71227,-23.51254],[-46.71181,-23.51311],[-46.71148,-23.51348],[-46.71081,-23.51412],[-46.71044,-23.51443],[-46.70953,-23.51506],[-46.7087,-23.51551],[-46.69978,-23.51938],[-46.69926,-23.51955],[-46.69661,-23.5207],[-46.69573,-23.52102],[-46.69533,-23.52113],[-46.69447,-23.52128],[-46.69351,-23.52137],[-46.68846,-23.52131]],[[-46.68846,-23.52131],[-46.68841,-23.52131]],[[-46.67321,-23.5249],[-46.6769,-23.52463],[-46.67794,-23.52446],[-46.67857,-23.5243],[-46.67946,-23.52396],[-46.68355,-23.522],[-46.68437,-23.52168],[-46.68478,-23.52156],[-46.68588,-23.52135],[-46.68672,-23.52129],[-46.68841,-23.52131]],[[-46.67321,-23.5249],[-46.66889,-23.52524]],[[-46.66889,-23.52524],[-46.6674,-23.52536]],[[-46.6674,-23.5254],[-46.6689,-23.52528]],[[-46.6689,-23.52528],[-46.6719,-23.52504]],[[-46.67278,-23.52503],[-46.6719,-23.52504]],[[-46.67278,-23.52503],[-46.67692,-23.52473],[-46.67808,-23.52453],[-46.67847,-23.52443],[-46.6792,-23.52417],[-46.6799,-23.52387],[-46.68315,-23.52229],[-46.68409,-23.52189],[-46.68478,-23.52166],[-46.68549,-23.52151],[-46.68631,-23.52142],[-46.6884,-23.52139]],[[-46.6884,-23.52139],[-46.68846,-23.52139]],[[-46.68846,-23.52139],[-46.69339,-23.52145],[-46.69434,-23.5214],[-46.69549,-23.5212],[-46.69663,-23.52078],[-46.7044,-23.51741],[-46.70631,-23.51662],[-46.70852,-23.51564],[-46.70929,-23.51526],[-46.71025,-23.51463],[-46.71114,-23.51385],[-46.71183,-23.51313],[-46.71231,-23.51254],[-46.71273,-23.51193],[-46.71297,-23.51152],[-46.71332,-23.51079],[-46.71387,-23.50932]],[[-46.71387,-23.50932],[-46.71477,-23.50644]],[[-46.71477,-23.50644],[-46.71496,-23.50565],[-46.71503,-23.50506],[-46.71504,-23.50439],[-46.71495,-23.50187],[-46.715,-23.50129],[-46.71513,-23.50078],[-46.71535,-23.50022],[-46.71593,-23.49912],[-46.71675,-23.49785],[-46.71741,-23.49698],[-46.71827,-23.496]],[[-46.71827,-23.496],[-46.71831,-23.49595]],[[-46.71831,-23.49595],[-46.71951,-23.49459],[-46.71993,-23.49418],[-46.72042,-23.49372],[-46.72214,-23.49233],[-46.72268,-23.49182],[-46.72411,-23.49006],[-46.72482,-23.48943],[-46.72605,-23.48861]],[[-46.72605,-23.48861],[-46.7261,-23.48858]],[[-46.7261,-23.48858],[-46.72664,-23.48824],[-46.72713,-23.48788]],[[-46.72713,-23.48788],[-46.72721,-23.4878]],[[-46.72721,-23.4878],[-46.72722,-23.48779]],[[-46.72722,-23.48779],[-46.72729,-23.48774]],[[-46.72729,-23.48774],[-46.72808,-23.487],[-46.72888,-23.48616],[-46.7294,-23.48567],[-46.73146,-23.4839],[-46.73196,-23.48338],[-46.73219,-23.48308],[-46.73237,-23.48278],[-46.73276,-23.48198],[-46.73316,-23.48091],[-46.73354,-23.48011],[-46.73574,-23.47605],[-46.73595,-23.47568],[-46.73627,-23.47525],[-46.73683,-23.4746],[-46.73721,-23.47427],[-46.73942,-23.47264],[-46.74139,-23.47125],[-46.74207,-23.47088],[-46.74321,-23.47045],[-46.7439,-23.47015],[-46.74449,-23.46977],[-46.74495,-23.46932],[-46.74546,-23.46867],[-46.74571,-23.46816],[-46.74581,-23.46775],[-46.74587,-23.46707],[-46.74586,-23.46665],[-46.74569,-23.46586],[-46.74556,-23.46552],[-46.74521,-23.46488],[-46.74492,-23.46456],[-46.7442,-23.46393],[-46.74146,-23.46168],[-46.74019,-23.46074]],[[-46.74019,-23.46074],[-46.73998,-23.4606]],[[-46.73998,-23.4606],[-46.73951,-23.4603],[-46.73903,-23.45988],[-46.73855,-23.45929],[-46.73822,-23.45876],[-46.73794,-23.45783],[-46.73792,-23.45735],[-46.73797,-23.45675],[-46.73824,-23.45599],[-46.73855,-23.45546],[-46.73883,-23.45509],[-46.73951,-23.45452],[-46.73995,-23.45426],[-46.74098,-23.45373],[-46.74138,-23.45343],[-46.74169,-23.45311],[-46.74203,-23.45263],[-46.74233,-23.45202],[-46.74255,-23.45105],[-46.74245,-23.45022],[-46.7421,-23.44858],[-46.74202,-23.44753],[-46.74207,-23.44644],[-46.74217,-23.44574],[-46.74238,-23.44488],[-46.74302,-23.44329],[-46.74327,-23.44287],[-46.74352,-23.44255],[-46.74384,-23.44224],[-46.74426,-23.4419],[-46.74574,-23.44107],[-46.74635,-23.44047],[-46.74661,-23.44015],[-46.7468,-23.43984],[-46.74703,-23.43927],[-46.74725,-23.43847],[-46.74755,-23.43674],[-46.74776,-23.43516],[-46.74776,-23.43441],[-46.74766,-23.43355],[-46.74737,-23.4327],[-46.74678,-23.43136],[-46.74615,-23.42975],[-46.74591,-23.42886],[-46.7456,-23.42699],[-46.74551,-23.42667],[-46.74515,-23.42597],[-46.74419,-23.42471],[-46.74404,-23.42445],[-46.7439,-23.42418],[-46.74378,-23.42383],[-46.74366,-23.42319],[-46.74366,-23.42244],[-46.74376,-23.422],[-46.74448,-23.42018],[-46.74483,-23.41918],[-46.74494,-23.41878],[-46.74501,-23.41835],[-46.74504,-23.41788],[-46.74485,-23.416],[-46.74489,-23.41536],[-46.74495,-23.41498],[-46.74508,-23.41454],[-46.74523,-23.41417],[-46.74563,-23.41349],[-46.7477,-23.41096],[-46.74826,-23.41042],[-46.74859,-23.41018],[-46.74903,-23.4099],[-46.75026,-23.40923],[-46.75067,-23.40893],[-46.7511,-23.40857],[-46.7516,-23.408],[-46.75198,-23.40744],[-46.75266,-23.40626],[-46.75359,-23.40509],[-46.75388,-23.40469],[-46.75411,-23.4043],[-46.75428,-23.40396],[-46.75484,-23.40211],[-46.75518,-23.40146],[-46.75569,-23.40077],[-46.75595,-23.40049],[-46.75711,-23.39942],[-46.75748,-23.39896],[-46.75764,-23.39871],[-46.7578,-23.39843],[-46.75796,-23.39805],[-46.7581,-23.39747],[-46.75814,-23.39667],[-46.75803,-23.39336],[-46.75799,-23.39287],[-46.75793,-23.3926],[-46.75769,-23.39192],[-46.75687,-23.39022],[-46.75646,-23.38944],[-46.75623,-23.38907],[-46.75554,-23.38817],[-46.75518,-23.38761],[-46.75497,-23.38707],[-46.75486,-23.38634],[-46.75489,-23.38576],[-46.75495,-23.38539],[-46.75552,-23.38375],[-46.75557,-23.38336],[-46.75562,-23.38256],[-46.75551,-23.37963],[-46.75536,-23.3771],[-46.75544,-23.37596],[-46.75598,-23.37385],[-46.75605,-23.37295],[-46.75591,-23.37189],[-46.75578,-23.37138],[-46.75555,-23.37071],[-46.75535,-23.37026],[-46.75515,-23.36985],[-46.75489,-23.36944],[-46.75457,-23.369],[-46.75416,-23.36853],[-46.75245,-23.36682],[-46.7516,-23.36608],[-46.74973,-23.36456],[-46.74904,-23.3639],[-46.74835,-23.36296],[-46.74784,-23.362],[-46.74759,-23.36161],[-46.74736,-23.36129],[-46.74713,-23.36105],[-46.74664,-23.3606],[-46.74628,-23.36033],[-46.74528,-23.35969],[-46.74462,-23.35921],[-46.74432,-23.35895],[-46.74405,-23.35866],[-46.74377,-23.35829],[-46.74326,-23.3573],[-46.74155,-23.35337],[-46.74096,-23.35177],[-46.73857,-23.34457],[-46.73845,-23.34415],[-46.73799,-23.34191],[-46.73777,-23.34126],[-46.73677,-23.33952],[-46.73503,-23.33661],[-46.73475,-23.33616],[-46.73446,-23.3358],[-46.73412,-23.33544],[-46.73344,-23.33493],[-46.73264,-23.33448],[-46.73111,-23.33373]],[[-46.73111,-23.33373],[-46.73077,-23.33358]],[[-46.73077,-23.33358],[-46.72915,-23.33287],[-46.72843,-23.33247],[-46.72795,-23.33209],[-46.72768,-23.3318],[-46.72733,-23.33135],[-46.72715,-23.33106],[-46.72604,-23.32899],[-46.72531,-23.32755],[-46.72445,-23.32567],[-46.72422,-23.32508],[-46.72394,-23.32415],[-46.72278,-23.31934],[-46.72244,-23.31863],[-46.72207,-23.31805],[-46.72177,-23.31771],[-46.7209,-23.31696],[-46.72056,-23.31662],[-46.72003,-23.31589],[-46.71988,-23.31555],[-46.71974,-23.31509],[-46.71968,-23.31468],[-46.71966,-23.31429],[-46.71972,-23.31377],[-46.71982,-23.31337],[-46.71999,-23.31297],[-46.72023,-23.31255],[-46.72071,-23.312],[-46.72153,-23.31137],[-46.72277,-23.31055],[-46.72486,-23.30909],[-46.72533,-23.30875],[-46.72584,-23.30831],[-46.72609,-23.30806],[-46.72639,-23.30767],[-46.72731,-23.30626],[-46.72755,-23.30599],[-46.72807,-23.3055],[-46.72955,-23.30445],[-46.72992,-23.30413],[-46.73028,-23.30375],[-46.73083,-23.303],[-46.73191,-23.30122],[-46.73225,-23.30071],[-46.73255,-23.30029],[-46.73286,-23.29995],[-46.73347,-23.29943],[-46.73501,-23.29841],[-46.73529,-23.29819],[-46.73559,-23.29791],[-46.73608,-23.29737],[-46.73632,-23.29702],[-46.7368,-23.29605],[-46.73724,-23.29462],[-46.73743,-23.29417],[-46.741,-23.28727],[-46.74125,-23.28684],[-46.7419,-23.28552],[-46.74222,-23.28474],[-46.74235,-23.2842],[-46.74245,-23.28306]],[[-46.74249,-23.28267],[-46.74245,-23.28306]],[[-46.74254,-23.28207],[-46.74249,-23.28267]],[[-46.74265,-23.28074],[-46.74254,-23.28207]],[[-46.74265,-23.28074],[-46.74265,-23.2807]],[[-46.74265,-23.2807],[-46.74283,-23.27854],[-46.74296,-23.27751],[-46.74323,-23.2768],[-46.7434,-23.2765],[-46.74369,-23.27614],[-46.74397,-23.27586],[-46.7443,-23.27559],[-46.74467,-23.27534],[-46.74511,-23.27517],[-46.74561,-23.27502],[-46.74601,-23.27496],[-46.74732,-23.27492],[-46.74814,-23.27471],[-46.74857,-23.27453],[-46.749,-23.27428],[-46.74937,-23.274],[-46.7497,-23.27364],[-46.75001,-23.2732],[-46.75065,-23.27191],[-46.75088,-23.27137],[-46.75103,-23.27098],[-46.75111,-23.27061],[-46.75148,-23.26735],[-46.7515,-23.26697],[-46.75148,-23.26669],[-46.75125,-23.26544],[-46.75123,-23.26503],[-46.75128,-23.26455],[-46.75137,-23.26415],[-46.75152,-23.26375],[-46.7517,-23.26339],[-46.75192,-23.26307],[-46.75229,-23.26266],[-46.75268,-23.26231],[-46.75306,-23.26205],[-46.7535,-23.26184],[-46.754,-23.26163],[-46.75447,-23.26152],[-46.75486,-23.26147],[-46.75538,-23.26145],[-46.75615,-23.26156],[-46.75657,-23.26168],[-46.75756,-23.26213],[-46.75796,-23.26226],[-46.7584,-23.26232],[-46.75885,-23.26236],[-46.7595,-23.26227],[-46.75996,-23.26214],[-46.76034,-23.26201],[-46.76074,-23.26178],[-46.76113,-23.2615],[-46.76152,-23.26108],[-46.76171,-23.26072],[-46.76187,-23.26027],[-46.76199,-23.25969]],[[-46.76199,-23.25969],[-46.76216,-23.255],[-46.76222,-23.25437]],[[-46.76222,-23.25437],[-46.7627,-23.25221],[-46.76292,-23.2517],[-46.76345,-23.25082],[-46.76364,-23.25043],[-46.76374,-23.25008],[-46.76381,-23.24971],[-46.76384,-23.24928],[-46.76371,-23.2484],[-46.76371,-23.24761],[-46.76413,-23.24432],[-46.76419,-23.24393],[-46.7643,-23.2435],[-46.76443,-23.24317],[-46.76483,-23.2424],[-46.76502,-23.24188],[-46.76512,-23.24143],[-46.76516,-23.24105],[-46.76514,-23.2405],[-46.76507,-23.23999],[-46.76506,-23.23952],[-46.76512,-23.23907],[-46.76521,-23.23871],[-46.76554,-23.23795],[-46.76588,-23.23751],[-46.76618,-23.2372],[-46.76707,-23.23651],[-46.76734,-23.23625],[-46.76758,-23.23595],[-46.76798,-23.23526],[-46.76818,-23.23471],[-46.76825,-23.23425],[-46.76827,-23.23387],[-46.76822,-23.23342],[-46.76795,-23.23263],[-46.76762,-23.23187],[-46.76755,-23.23149],[-46.76752,-23.23104],[-46.76754,-23.23067],[-46.76761,-23.23024],[-46.76772,-23.22988],[-46.76796,-23.22937],[-46.76836,-23.22879],[-46.76862,-23.22852],[-46.76943,-23.22782],[-46.77064,-23.22692],[-46.77298,-23.22558],[-46.77349,-23.22514],[-46.77374,-23.22486],[-46.77399,-23.22452],[-46.7742,-23.22415],[-46.77587,-23.22098],[-46.77628,-23.22026],[-46.77704,-23.2192],[-46.77722,-23.21887],[-46.77736,-23.21854],[-46.77759,-23.21783],[-46.77787,-23.21656],[-46.7781,-23.21573],[-46.77839,-23.21505],[-46.77878,-23.21442],[-46.78021,-23.21259],[-46.78178,-23.21066],[-46.78318,-23.20878],[-46.78384,-23.20799],[-46.78463,-23.20729],[-46.78561,-23.20657],[-46.78612,-23.20608],[-46.78645,-23.20564],[-46.78852,-23.20245],[-46.78905,-23.20173],[-46.78959,-23.20123],[-46.79017,-23.20088],[-46.79051,-23.20071],[-46.791,-23.20054],[-46.79143,-23.20045],[-46.7922,-23.20041],[-46.79257,-23.20043],[-46.79305,-23.20052],[-46.79345,-23.20063],[-46.79386,-23.20081],[-46.79432,-23.20107],[-46.79464,-23.2013],[-46.79579,-23.20234],[-46.79645,-23.20279],[-46.79701,-23.20309],[-46.79786,-23.20342],[-46.79931,-23.20379],[-46.79976,-23.20396],[-46.80042,-23.20432],[-46.8011,-23.20485],[-46.80395,-23.20743],[-46.80438,-23.20772],[-46.80483,-23.20795],[-46.80627,-23.20858],[-46.80704,-23.20882],[-46.80746,-23.2089],[-46.80798,-23.20894],[-46.80836,-23.20893],[-46.80891,-23.20884],[-46.8095,-23.20867],[-46.80993,-23.2085],[-46.81061,-23.20809],[-46.81097,-23.20778],[-46.81125,-23.20748],[-46.81153,-23.20714],[-46.81183,-23.20669],[-46.81229,-23.20598],[-46.8125,-23.20558],[-46.81275,-23.2049],[-46.81296,-23.20385],[-46.81306,-23.20348],[-46.81319,-23.2032],[-46.81363,-23.2025],[-46.81418,-23.20194],[-46.81478,-23.20153],[-46.81531,-23.20128],[-46.81572,-23.20115],[-46.81658,-23.20101],[-46.81701,-23.201],[-46.8175,-23.20107],[-46.81797,-23.20118],[-46.81841,-23.20134],[-46.81893,-23.2016],[-46.81936,-23.20187],[-46.81974,-23.2022],[-46.82202,-23.20477],[-46.82276,-23.20548],[-46.82352,-23.20603],[-46.8266,-23.20797],[-46.82742,-23.20834],[-46.8323,-23.20994],[-46.83304,-23.21013],[-46.83345,-23.2102],[-46.83419,-23.21024],[-46.83471,-23.21021],[-46.83551,-23.21008],[-46.83605,-23.20991],[-46.83657,-23.20969],[-46.83999,-23.20767],[-46.84046,-23.20732],[-46.84085,-23.20694],[-46.84124,-23.20651],[-46.84259,-23.20474],[-46.84298,-23.20432],[-46.84342,-23.20394],[-46.84423,-23.20342],[-46.84512,-23.20306],[-46.84559,-23.20294],[-46.84611,-23.20285],[-46.84654,-23.20283],[-46.8475,-23.20288],[-46.85292,-23.2037],[-46.85845,-23.20448],[-46.85903,-23.20452],[-46.85959,-23.20451],[-46.86022,-23.20443],[-46.86079,-23.20431],[-46.86132,-23.20415],[-46.86178,-23.20396],[-46.86239,-23.20363],[-46.86824,-23.19974],[-46.86896,-23.19918],[-46.86966,-23.19856],[-46.87004,-23.19818],[-46.87053,-23.19759],[-46.87145,-23.19631]],[[-46.87145,-23.19631],[-46.87249,-23.19478]]]}},{"type":"Feature","properties":{"kind":"track","ref":"8"},"geometry":{"type":"MultiLineString","coordinates":[[[-46.9424,-23.54664],[-46.94132,-23.54732],[-46.94045,-23.54797],[-46.94002,-23.54821],[-46.93959,-23.5484],[-46.93932,-23.54847],[-46.93872,-23.54853],[-46.9385,-23.54851],[-46.93794,-23.54838],[-46.93746,-23.54817],[-46.93724,-23.54803],[-46.93651,-23.54725],[-46.93601,-23.54666]],[[-46.93601,-23.54666],[-46.9345,-23.54489]],[[-46.9345,-23.54489],[-46.93391,-23.54416]],[[-46.93391,-23.54416],[-46.93381,-23.54405]],[[-46.93381,-23.54405],[-46.93342,-23.54353],[-46.9333,-23.54328],[-46.93312,-23.54259],[-46.93305,-23.54189],[-46.93303,-23.54141],[-46.93306,-23.54104],[-46.93348,-23.53705],[-46.93345,-23.53659],[-46.93334,-23.53619],[-46.93326,-23.536],[-46.93302,-23.53565],[-46.93268,-23.53532],[-46.93221,-23.53502],[-46.93154,-23.5348],[-46.93109,-23.53476],[-46.93049,-23.53482],[-46.92755,-23.53553],[-46.92665,-23.53571],[-46.92603,-23.53571],[-46.9256,-23.53565],[-46.92492,-23.53545],[-46.9246,-23.53529],[-46.92419,-23.53505],[-46.92361,-23.53454],[-46.92308,-23.53373],[-46.92162,-23.5306],[-46.92137,-23.53019],[-46.92112,-23.52987],[-46.92087,-23.52964],[-46.92061,-23.52944],[-46.92028,-23.52927],[-46.91981,-23.52913],[-46.91936,-23.5291],[-46.91601,-23.52927],[-46.91525,-23.52934],[-46.91481,-23.52944],[-46.91426,-23.52963],[-46.91282,-23.53036],[-46.91217,-23.53055],[-46.91131,-23.53062],[-46.91099,-23.53061],[-46.91031,-23.53049],[-46.90969,-23.53028],[-46.90817,-23.52946],[-46.90746,-23.5292],[-46.90707,-23.52909],[-46.9046,-23.52872],[-46.90414,-23.52862],[-46.90363,-23.52839],[-46.90293,-23.52802],[-46.90145,-23.52715],[-46.89988,-23.52637],[-46.89929,-23.52623],[-46.89863,-23.52623],[-46.89751,-23.52648],[-46.89683,-23.52655],[-46.89648,-23.5265],[-46.89587,-23.52631],[-46.89533,-23.52608],[-46.8949,-23.52582],[-46.89457,-23.52557],[-46.8943,-23.52531],[-46.8941,-23.52503],[-46.89391,-23.52469],[-46.89344,-23.52349],[-46.893,-23.52221],[-46.89275,-23.52166],[-46.89225,-23.52095],[-46.89071,-23.51932],[-46.89047,-23.51901],[-46.89007,-23.51827],[-46.88992,-23.51781],[-46.88964,-23.51637],[-46.88903,-23.51296],[-46.88897,-23.51231],[-46.8889,-23.51192],[-46.8887,-23.51141],[-46.88838,-23.51096],[-46.88776,-23.51047],[-46.88735,-23.51032],[-46.88696,-23.51021],[-46.88661,-23.51019],[-46.88589,-23.51027],[-46.88126,-23.51209],[-46.87955,-23.51272],[-46.87904,-23.51286],[-46.87851,-23.51295],[-46.87674,-23.51293],[-46.87424,-23.51259],[-46.87317,-23.51241],[-46.87274,-23.51229],[-46.87236,-23.51214],[-46.87208,-23.51199],[-46.8717,-23.51172],[-46.87051,-23.5105],[-46.87023,-23.51023],[-46.86993,-23.51],[-46.86963,-23.50984],[-46.86897,-23.50965],[-46.86829,-23.50964],[-46.86796,-23.50969],[-46.86769,-23.50977],[-46.86735,-23.50992],[-46.86704,-23.51012],[-46.86673,-23.5104],[-46.86654,-23.51062],[-46.86639,-23.51086],[-46.86564,-23.51241],[-46.86519,-23.51307],[-46.8647,-23.51358],[-46.86394,-23.51413],[-46.86006,-23.51619],[-46.85715,-23.51769],[-46.85672,-23.51784],[-46.85615,-23.51792],[-46.85566,-23.51788],[-46.85538,-23.51781]],[[-46.85538,-23.51781],[-46.85516,-23.51775]],[[-46.85516,-23.51775],[-46.85317,-23.51712],[-46.85217,-23.51689],[-46.84912,-23.51675],[-46.84803,-23.51668],[-46.84481,-23.51638],[-46.84396,-23.51637],[-46.842,-23.51652],[-46.83984,-23.51678],[-46.83937,-23.51688],[-46.83814,-23.5172],[-46.83714,-23.51755],[-46.83621,-23.51807],[-46.83555,-23.51855]],[[-46.83555,-23.51855],[-46.83545,-23.51861]],[[-46.83545,-23.51861],[-46.83344,-23.52],[-46.83268,-23.52037],[-46.83194,-23.52061],[-46.83149,-23.52072],[-46.83089,-23.5208],[-46.82864,-23.52099],[-46.82811,-23.52107],[-46.82736,-23.52131],[-46.82599,-23.52209],[-46.82569,-23.5222],[-46.82529,-23.5223],[-46.82495,-23.52234],[-46.82335,-23.52239],[-46.82298,-23.52245],[-46.82239,-23.52264],[-46.82111,-23.52323],[-46.82073,-23.52333],[-46.81993,-23.52338],[-46.818,-23.52339],[-46.81761,-23.52342]],[[-46.81761,-23.52342],[-46.81743,-23.52343]],[[-46.81743,-23.52343],[-46.81266,-23.52373],[-46.81187,-23.52371],[-46.81144,-23.52364],[-46.8081,-23.52285],[-46.80726,-23.52276],[-46.80651,-23.52278],[-46.8058,-23.5229],[-46.80533,-23.52304],[-46.80466,-23.5233],[-46.80191,-23.52477],[-46.80087,-23.52516],[-46.79981,-23.52535],[-46.79744,-23.52564]],[[-46.79744,-23.52564],[-46.79498,-23.52586]],[[-46.79498,-23.52586],[-46.79454,-23.52587],[-46.7929,-23.52602],[-46.79226,-23.52599]],[[-46.79226,-23.52599],[-46.79206,-23.52596]],[[-46.79206,-23.52596],[-46.7912,-23.52563],[-46.79079,-23.52533],[-46.79054,-23.52509],[-46.7895,-23.52383],[-46.78899,-23.52345],[-46.78852,-23.52322],[-46.78823,-23.52314],[-46.788,-23.52309],[-46.78748,-23.52307],[-46.78687,-23.52317],[-46.78505,-23.52371],[-46.78105,-23.52492],[-46.77984,-23.52536],[-46.77911,-23.5257],[-46.77796,-23.52637],[-46.77592,-23.52783]],[[-46.77592,-23.52783],[-46.77503,-23.52841],[-46.77379,-23.52937]],[[-46.77379,-23.52937],[-46.7737,-23.52943]],[[-46.7737,-23.52943],[-46.77172,-23.53096],[-46.7711,-23.53139],[-46.77046,-23.53175],[-46.76604,-23.53331],[-46.76532,-23.53345],[-46.76467,-23.53342],[-46.76443,-23.53336],[-46.7638,-23.53316],[-46.76343,-23.53294],[-46.76309,-23.53268],[-46.76259,-23.53223],[-46.76032,-23.53004],[-46.75996,-23.52973],[-46.75958,-23.52949],[-46.75922,-23.52932],[-46.75831,-23.52899],[-46.75772,-23.52886],[-46.75731,-23.52885],[-46.75691,-23.52891],[-46.75668,-23.52896],[-46.75567,-23.52931],[-46.7547,-23.5297]],[[-46.7547,-23.5297],[-46.7535,-23.53012]],[[-46.7535,-23.53012],[-46.75313,-23.53027],[-46.75217,-23.53056],[-46.7509,-23.53077]],[[-46.7509,-23.53077],[-46.74957,-23.53081],[-46.74806,-23.53079],[-46.74752,-23.53074]],[[-46.74752,-23.53074],[-46.74685,-23.5306],[-46.74628,-23.5304],[-46.74567,-23.53009],[-46.7453,-23.52985],[-46.74259,-23.52769],[-46.73672,-23.5231],[-46.73285,-23.51998],[-46.73251,-23.51977],[-46.73197,-23.51954],[-46.73173,-23.51948],[-46.73113,-23.51941],[-46.729,-23.51949],[-46.72856,-23.51948],[-46.72563,-23.51897],[-46.7239,-23.51889],[-46.72266,-23.51889],[-46.72025,-23.51882],[-46.71878,-23.51874],[-46.71811,-23.51875],[-46.71767,-23.51884],[-46.71729,-23.51898],[-46.71545,-23.51987],[-46.71492,-23.52003],[-46.7124,-23.52035],[-46.71183,-23.52032],[-46.71163,-23.52026]],[[-46.71163,-23.52026],[-46.71152,-23.52023]],[[-46.71152,-23.52023],[-46.71117,-23.5201],[-46.70687,-23.51738],[-46.70671,-23.51731],[-46.70633,-23.51722],[-46.70594,-23.51719],[-46.7056,-23.51722],[-46.70529,-23.51729],[-46.7049,-23.51744],[-46.70263,-23.51848],[-46.69569,-23.52156],[-46.69466,-23.52191],[-46.69421,-23.522],[-46.69361,-23.52206],[-46.68393,-23.52256],[-46.68317,-23.52272],[-46.68249,-23.52295],[-46.68147,-23.52346],[-46.68,-23.52428],[-46.67935,-23.52456],[-46.67851,-23.52481],[-46.67765,-23.52493],[-46.67581,-23.52493],[-46.67051,-23.52532],[-46.66993,-23.52541],[-46.66916,-23.52564],[-46.66868,-23.52574]],[[-46.66868,-23.52574],[-46.66605,-23.52595]],[[-46.66605,-23.52595],[-46.66474,-23.52594],[-46.6608,-23.52624],[-46.65968,-23.52636],[-46.65893,-23.52651],[-46.65139,-23.52869],[-46.65037,-23.52888],[-46.64974,-23.52892],[-46.64942,-23.52891],[-46.64614,-23.52857],[-46.64558,-23.52857],[-46.64513,-23.52862],[-46.64445,-23.52879],[-46.64384,-23.52904],[-46.64315,-23.52949],[-46.64278,-23.52981],[-46.64249,-23.53013]],[[-46.64249,-23.53013],[-46.64237,-23.5303]],[[-46.64237,-23.5303],[-46.64175,-23.53116],[-46.64164,-23.53134],[-46.64151,-23.53166]],[[-46.64132,-23.53208],[-46.64151,-23.53166]],[[-46.64027,-23.53354],[-46.64129,-23.53216],[-46.64132,-23.53208]],[[-46.98443,-23.53076],[-46.98308,-23.53036],[-46.98237,-23.53007]],[[-46.98237,-23.53007],[-46.98156,-23.52977],[-46.98134,-23.52962],[-46.98083,-23.52909],[-46.98042,-23.52846],[-46.98023,-23.52822],[-46.98007,-23.52806],[-46.97974,-23.52783],[-46.97952,-23.5277],[-46.97916,-23.52756],[-46.97886,-23.52748],[-46.97825,-23.52743],[-46.97779,-23.5275],[-46.97749,-23.52759],[-46.97432,-23.52867],[-46.97387,-23.52888],[-46.97359,-23.52907],[-46.97324,-23.52944],[-46.97266,-23.53048],[-46.97236,-23.53094]],[[-46.97236,-23.53094],[-46.97227,-23.53105]],[[-46.97227,-23.53105],[-46.97202,-23.53131],[-46.97145,-23.53163],[-46.97087,-23.53179],[-46.96924,-23.532],[-46.9682,-23.53229],[-46.96764,-23.53241],[-46.96644,-23.53255],[-46.96604,-23.53267],[-46.96573,-23.53284],[-46.9655,-23.53299],[-46.96526,-23.53321],[-46.96506,-23.53344],[-46.9648,-23.53394],[-46.96463,-23.53448],[-46.96457,-23.53495],[-46.9646,-23.53536],[-46.96472,-23.53583],[-46.96523,-23.53737],[-46.96525,-23.53815],[-46.96512,-23.53869],[-46.96502,-23.53892],[-46.96476,-23.53933],[-46.96433,-23.5398],[-46.96321,-23.54059],[-46.96252,-23.54103],[-46.96203,-23.54122],[-46.96179,-23.54128],[-46.95887,-23.54164],[-46.95811,-23.54178],[-46.95756,-23.54204],[-46.95729,-23.54221],[-46.95578,-23.5435],[-46.95526,-23.54384],[-46.95487,-23.54401],[-46.95421,-23.54414],[-46.95119,-23.54414],[-46.95072,-23.54417],[-46.95032,-23.54424],[-46.94986,-23.54434],[-46.94843,-23.54478],[-46.94656,-23.54526],[-46.94494,-23.54562],[-46.94347,-23.54603],[-46.94311,-23.5462],[-46.9424,-23.54664]],[[-46.9424,-23.54664],[-46.942,-23.54682],[-46.94015,-23.54803],[-46.93979,-23.54823],[-46.93915,-23.54846],[-46.93873,-23.54847],[-46.93793,-23.54833],[-46.93762,-23.54817],[-46.93725,-23.5479],[-46.93697,-23.54764],[-46.93661,-23.54718]],[[-46.93661,-23.54718],[-46.93651,-23.54696]],[[-46.93615,-23.54654],[-46.93651,-23.54696]],[[-46.93542,-23.5457],[-46.93615,-23.54654]],[[-46.64019,-23.5335],[-46.64125,-23.53203]],[[-46.64125,-23.53203],[-46.64152,-23.53143],[-46.64233,-23.53027]],[[-46.64233,-23.53027],[-46.64245,-23.53011]],[[-46.64245,-23.53011],[-46.64276,-23.52976],[-46.64313,-23.52945],[-46.64335,-23.52928],[-46.64383,-23.52899],[-46.64444,-23.52874],[-46.64515,-23.52856],[-46.64615,-23.52853],[-46.64848,-23.52879],[-46.64963,-23.52887],[-46.65003,-23.52887],[-46.65067,-23.5288],[-46.65112,-23.52872],[-46.65323,-23.52809],[-46.65916,-23.52641],[-46.6599,-23.52628],[-46.66211,-23.52611],[-46.66456,-23.52587]],[[-46.66456,-23.52587],[-46.66527,-23.52574],[-46.6658,-23.52569]],[[-46.6658,-23.52569],[-46.66895,-23.52545]],[[-46.66895,-23.52545],[-46.67036,-23.52529]],[[-46.67036,-23.52529],[-46.67539,-23.52491],[-46.67609,-23.52487],[-46.67764,-23.52488],[-46.67824,-23.52481],[-46.67876,-23.5247],[-46.67937,-23.52451],[-46.67971,-23.52437],[-46.68023,-23.52412],[-46.68181,-23.52322],[-46.68248,-23.5229],[-46.68293,-23.52274],[-46.68391,-23.52251],[-46.69346,-23.52203],[-46.69451,-23.5219],[-46.69518,-23.52171],[-46.69584,-23.52145],[-46.69798,-23.52052],[-46.70508,-23.51732],[-46.7055,-23.51719],[-46.7058,-23.51715],[-46.70647,-23.51721],[-46.7069,-23.51735],[-46.7074,-23.51764],[-46.71101,-23.51995],[-46.71154,-23.5202]],[[-46.71154,-23.5202],[-46.71164,-23.52023]],[[-46.71164,-23.52023],[-46.7119,-23.52029],[-46.71249,-23.52029],[-46.71475,-23.52002],[-46.71503,-23.51996],[-46.71549,-23.51981],[-46.71725,-23.51894],[-46.71781,-23.51876],[-46.71837,-23.51869],[-46.72084,-23.5187],[-46.72548,-23.51891],[-46.72606,-23.51898],[-46.72859,-23.51943],[-46.72883,-23.51945],[-46.73114,-23.51937],[-46.73144,-23.51939],[-46.73186,-23.51947],[-46.73229,-23.51961],[-46.73293,-23.51999],[-46.739,-23.52476],[-46.74425,-23.52897],[-46.74534,-23.52981],[-46.74569,-23.53005],[-46.7463,-23.53036],[-46.74686,-23.53055],[-46.74753,-23.53069]],[[-46.74753,-23.53069],[-46.74776,-23.53073],[-46.74903,-23.53077],[-46.75012,-23.53077],[-46.7509,-23.53072]],[[-46.7509,-23.53072],[-46.75177,-23.53057],[-46.75251,-23.53035],[-46.75635,-23.52869],[-46.75671,-23.5286],[-46.7571,-23.52855],[-46.75767,-23.52857],[-46.75815,-23.52868],[-46.75966,-23.52925],[-46.76013,-23.52953],[-46.76294,-23.53221],[-46.76334,-23.53258],[-46.76369,-23.53285],[-46.76408,-23.53305],[-46.76451,-23.5332],[-46.765,-23.53328],[-46.76535,-23.53329],[-46.76589,-23.53321],[-46.76734,-23.53272],[-46.76934,-23.53199],[-46.77051,-23.53152],[-46.77115,-23.53118],[-46.77154,-23.53091],[-46.77375,-23.52923]],[[-46.77375,-23.52923],[-46.77384,-23.52916]],[[-46.77384,-23.52916],[-46.77579,-23.5277]],[[-46.77579,-23.5277],[-46.77601,-23.52753]],[[-46.77601,-23.52753],[-46.77693,-23.52686],[-46.77803,-23.52618],[-46.78023,-23.5251],[-46.7813,-23.52474],[-46.78644,-23.52321],[-46.78686,-23.52309],[-46.78738,-23.523],[-46.78808,-23.52303],[-46.78848,-23.52313],[-46.78879,-23.52325],[-46.78917,-23.52346],[-46.78964,-23.52385],[-46.79081,-23.52521],[-46.79106,-23.52541],[-46.79136,-23.52558],[-46.79171,-23.52573],[-46.79212,-23.52585]],[[-46.79212,-23.52585],[-46.7923,-23.52588]],[[-46.7923,-23.52588],[-46.79284,-23.5259],[-46.79329,-23.52587],[-46.79495,-23.52569]],[[-46.79495,-23.52569],[-46.7975,-23.52543]],[[-46.7975,-23.52543],[-46.79841,-23.52538],[-46.80025,-23.5252],[-46.80058,-23.52514],[-46.80122,-23.52495],[-46.80195,-23.52464],[-46.80462,-23.52318],[-46.80543,-23.52288],[-46.80629,-23.5227],[-46.80679,-23.52265],[-46.80754,-23.52265],[-46.80799,-23.5227],[-46.81137,-23.52349],[-46.81214,-23.52361],[-46.81744,-23.52329]],[[-46.81744,-23.52329],[-46.81761,-23.52328]],[[-46.81761,-23.52328],[-46.81977,-23.52328],[-46.82078,-23.52321],[-46.82135,-23.52304],[-46.82246,-23.52253],[-46.8229,-23.52238],[-46.82374,-23.52228],[-46.82512,-23.52224],[-46.82557,-23.52215],[-46.82614,-23.52193],[-46.82721,-23.52129],[-46.8279,-23.52101],[-46.82845,-23.5209],[-46.83135,-23.5206],[-46.83188,-23.52048],[-46.8324,-23.52031]],[[-46.83806,-23.51695],[-46.83717,-23.51726],[-46.83635,-23.51771],[-46.83322,-23.51989],[-46.83292,-23.52007],[-46.8324,-23.52031]],[[-46.83806,-23.51695],[-46.8386,-23.51678],[-46.83905,-23.51668],[-46.84036,-23.51645],[-46.8432,-23.51622],[-46.84384,-23.51621],[-46.84922,-23.51667],[-46.85186,-23.51682],[-46.85243,-23.51689],[-46.8532,-23.51709],[-46.85518,-23.51772]],[[-46.85518,-23.51772],[-46.8554,-23.51777]],[[-46.8554,-23.51777],[-46.85566,-23.51784],[-46.85615,-23.51788],[-46.8567,-23.5178],[-46.85706,-23.51769],[-46.85976,-23.51631],[-46.86385,-23.51414],[-46.8641,-23.51398],[-46.86435,-23.51381],[-46.86485,-23.51338],[-46.86509,-23.51313],[-46.86545,-23.51267],[-46.86593,-23.51173],[-46.86618,-23.51117],[-46.86651,-23.51062],[-46.86678,-23.51028],[-46.86697,-23.51011],[-46.86733,-23.50987],[-46.86779,-23.50968],[-46.8683,-23.50959],[-46.86882,-23.50958],[-46.86908,-23.50961],[-46.86961,-23.50977],[-46.86987,-23.5099],[-46.87035,-23.51024],[-46.87112,-23.51101],[-46.87183,-23.51163],[-46.87239,-23.51196],[-46.87278,-23.5121],[-46.87342,-23.51223],[-46.87594,-23.51263],[-46.8779,-23.51287],[-46.87862,-23.51284],[-46.8793,-23.51271],[-46.88583,-23.51025],[-46.88635,-23.51016],[-46.88682,-23.51015],[-46.88734,-23.51026],[-46.8878,-23.51043],[-46.88824,-23.51073],[-46.88842,-23.5109],[-46.88864,-23.51115],[-46.88878,-23.51137],[-46.88899,-23.51188],[-46.88912,-23.51276],[-46.88954,-23.51505],[-46.88971,-23.51635],[-46.89002,-23.51789],[-46.89011,-23.51818],[-46.89055,-23.519],[-46.89077,-23.51928],[-46.89237,-23.52098],[-46.89279,-23.52159],[-46.89324,-23.52248],[-46.89408,-23.52479],[-46.89439,-23.5253],[-46.89484,-23.5257],[-46.89533,-23.52601],[-46.89577,-23.52623],[-46.89628,-23.52642],[-46.89656,-23.52647],[-46.89705,-23.5265],[-46.89879,-23.52618],[-46.89939,-23.5262],[-46.89998,-23.52634],[-46.90147,-23.52702],[-46.90237,-23.52753],[-46.90368,-23.52833],[-46.90418,-23.52856],[-46.90435,-23.52862],[-46.907,-23.52904],[-46.90762,-23.5292],[-46.90849,-23.52957],[-46.90958,-23.53019],[-46.9103,-23.53044],[-46.91064,-23.53051],[-46.91136,-23.53057],[-46.91173,-23.53056],[-46.91261,-23.53037],[-46.91291,-23.53025],[-46.91459,-23.52943],[-46.91488,-23.52933],[-46.91561,-23.52918],[-46.91912,-23.52902],[-46.91973,-23.52907],[-46.92028,-23.52922],[-46.92046,-23.5293],[-46.92063,-23.52938],[-46.921,-23.52964],[-46.92132,-23.52999],[-46.92144,-23.53018],[-46.9234,-23.53415],[-46.92363,-23.53447],[-46.92408,-23.5349],[-46.92479,-23.53535],[-46.92511,-23.53548],[-46.92579,-23.53565],[-46.92605,-23.53568],[-46.92669,-23.53565],[-46.93004,-23.53483],[-46.93061,-23.53473],[-46.93112,-23.53471],[-46.93132,-23.53472],[-46.93176,-23.53481],[-46.93221,-23.53497],[-46.93279,-23.53538],[-46.93298,-23.53558],[-46.93332,-23.53606],[-46.93348,-23.5366],[-46.93351,-23.53703],[-46.93314,-23.54061],[-46.93311,-23.54144],[-46.93315,-23.54203],[-46.93336,-23.54306],[-46.93352,-23.54347],[-46.93389,-23.54399]],[[-46.93389,-23.54399],[-46.93402,-23.54415]],[[-46.93402,-23.54415],[-46.93464,-23.54485]],[[-46.93464,-23.54485],[-46.93611,-23.54658]],[[-46.93611,-23.54658],[-46.93637,-23.54688]],[[-46.93651,-23.54696],[-46.93728,-23.54786],[-46.93784,-23.54822],[-46.93854,-23.54839],[-46.93905,-23.54838],[-46.93932,-23.54834],[-46.93963,-23.54825],[-46.9399,-23.54812],[-46.9425,-23.54646],[-46.94312,-23.54611],[-46.94359,-23.54593],[-46.94775,-23.54487],[-46.94916,-23.54448],[-46.95046,-23.54417],[-46.95114,-23.54411],[-46.95394,-23.54411],[-46.95456,-23.54406],[-46.95499,-23.54392],[-46.95536,-23.54374],[-46.95585,-23.54339],[-46.95722,-23.54221],[-46.95759,-23.54197],[-46.958,-23.54178],[-46.95848,-23.54165],[-46.96182,-23.54123],[-46.96241,-23.54102],[-46.96302,-23.54066],[-46.96402,-23.53998],[-46.96441,-23.53968],[-46.96463,-23.53944],[-46.96484,-23.53913],[-46.96511,-23.53858],[-46.96521,-23.53817],[-46.96521,-23.53756],[-46.96512,-23.53713],[-46.96461,-23.53556],[-46.96453,-23.53508],[-46.96453,-23.53476],[-46.96473,-23.53395],[-46.96488,-23.53362],[-46.96522,-23.53318],[-46.96564,-23.53283],[-46.9662,-23.53256],[-46.96656,-23.53249],[-46.9678,-23.53235],[-46.96939,-23.53193],[-46.97086,-23.53175],[-46.97133,-23.53163],[-46.97153,-23.53155],[-46.97195,-23.5313],[-46.97223,-23.53103]],[[-46.97223,-23.53103],[-46.97233,-23.53092]],[[-46.97233,-23.53092],[-46.97247,-23.53072],[-46.9732,-23.52941],[-46.97334,-23.52923],[-46.97369,-23.52892],[-46.97403,-23.52874],[-46.97446,-23.52858],[-46.97742,-23.52757],[-46.97807,-23.52741],[-46.97829,-23.5274],[-46.97853,-23.5274],[-46.97901,-23.52747],[-46.97949,-23.52764],[-46.97991,-23.52788],[-46.98012,-23.52804],[-46.98042,-23.52837],[-46.98091,-23.52913],[-46.98137,-23.52958],[-46.98159,-23.52973],[-46.98199,-23.52989],[-46.9831,-23.53025],[-46.98447,-23.53065]]]}},{"type":"Feature","properties":{"kind":"track","ref":"9"},"geometry":{"type":"MultiLineString","coordinates":[[[-46.71189,-23.76867],[-46.71188,-23.7702]],[[-46.7119,-23.76842],[-46.71189,-23.76867]],[[-46.71192,-23.76165],[-46.71193,-23.76655],[-46.7119,-23.76842]],[[-46.71105,-23.75838],[-46.71152,-23.75945],[-46.71173,-23.76011],[-46.71186,-23.76082],[-46.71192,-23.76165]],[[-46.70983,-23.7557],[-46.71028,-23.75674],[-46.71105,-23.75838]],[[-46.70962,-23.75524],[-46.70983,-23.7557]],[[-46.70962,-23.75524],[-46.70886,-23.7535]],[[-46.70886,-23.7535],[-46.70867,-23.75309]],[[-46.69745,-23.73701],[-46.70509,-23.74629],[-46.70566,-23.747],[-46.70624,-23.74779],[-46.70673,-23.74873],[-46.70867,-23.75309]],[[-46.69745,-23.73701],[-46.69589,-23.73511]],[[-46.69589,-23.73511],[-46.69569,-23.73486]],[[-46.69569,-23.73486],[-46.69432,-23.73319]],[[-46.69432,-23.73319],[-46.69318,-23.7318],[-46.69231,-23.73053],[-46.69177,-23.72931],[-46.69154,-23.72843],[-46.69144,-23.72733],[-46.69144,-23.72583],[-46.69164,-23.72387],[-46.69175,-23.72222]],[[-46.69175,-23.72222],[-46.6918,-23.72195]],[[-46.6918,-23.72195],[-46.69199,-23.71886],[-46.69198,-23.71848],[-46.69192,-23.71799],[-46.69179,-23.71734],[-46.69008,-23.71174],[-46.68909,-23.70811],[-46.68875,-23.70726]],[[-46.68875,-23.70726],[-46.68867,-23.70705]],[[-46.68867,-23.70705],[-46.68788,-23.70502],[-46.68714,-23.70235],[-46.68658,-23.70052]],[[-46.68658,-23.70052],[-46.68605,-23.69881]],[[-46.68605,-23.69881],[-46.6857,-23.69755],[-46.6856,-23.69707],[-46.6855,-23.69621],[-46.68549,-23.69582],[-46.68561,-23.69505],[-46.6858,-23.69442],[-46.68605,-23.69383],[-46.68641,-23.69321]],[[-46.68641,-23.69321],[-46.68687,-23.69259]],[[-46.68687,-23.69259],[-46.68709,-23.69235],[-46.68755,-23.69194],[-46.68814,-23.69149],[-46.68844,-23.69131],[-46.68903,-23.69102],[-46.68982,-23.69071],[-46.69066,-23.69044],[-46.69189,-23.68996],[-46.69291,-23.68941],[-46.69359,-23.68896],[-46.69442,-23.68825],[-46.6948,-23.68788],[-46.69511,-23.68753],[-46.69546,-23.68699],[-46.6959,-23.68578],[-46.69608,-23.68539],[-46.69719,-23.6834],[-46.69787,-23.6823],[-46.69876,-23.68113],[-46.70127,-23.67844]],[[-46.70127,-23.67844],[-46.70167,-23.67806],[-46.70191,-23.67778],[-46.7026,-23.67685],[-46.70423,-23.6741],[-46.7053,-23.67246],[-46.7059,-23.67147],[-46.70865,-23.66686],[-46.70907,-23.66625],[-46.70998,-23.66512],[-46.71027,-23.66467],[-46.7109,-23.66322],[-46.71117,-23.66269],[-46.71138,-23.66235],[-46.71157,-23.66211],[-46.71204,-23.66157],[-46.71288,-23.66076],[-46.71404,-23.65973],[-46.71484,-23.65917],[-46.71713,-23.65768],[-46.71829,-23.65686],[-46.71881,-23.65644],[-46.71946,-23.65577],[-46.72441,-23.65007],[-46.72461,-23.6498],[-46.72508,-23.64899],[-46.72527,-23.64854],[-46.72553,-23.64765],[-46.72586,-23.64579],[-46.72593,-23.645],[-46.72592,-23.64464],[-46.7258,-23.64402],[-46.7257,-23.64369],[-46.72554,-23.64332],[-46.72508,-23.64239],[-46.72448,-23.64133],[-46.72372,-23.64028],[-46.72154,-23.63779],[-46.71724,-23.63317],[-46.71674,-23.63258],[-46.71625,-23.63211],[-46.71426,-23.63001],[-46.71382,-23.62959],[-46.71155,-23.62716],[-46.71085,-23.62646],[-46.71007,-23.62585],[-46.70918,-23.62533],[-46.70804,-23.62486],[-46.70527,-23.62398],[-46.70439,-23.62367],[-46.70348,-23.62321],[-46.70277,-23.62275]],[[-46.70277,-23.62275],[-46.70232,-23.62241]],[[-46.70232,-23.62241],[-46.70187,-23.62199],[-46.70162,-23.62171]],[[-46.70162,-23.62171],[-46.70146,-23.62152]],[[-46.70146,-23.62152],[-46.70095,-23.62082],[-46.7008,-23.62053],[-46.70058,-23.61998],[-46.70037,-23.61834],[-46.70015,-23.61765],[-46.69974,-23.61673],[-46.69962,-23.61633],[-46.69821,-23.60991],[-46.69781,-23.60829],[-46.69775,-23.60789],[-46.69738,-23.60654],[-46.69699,-23.60553],[-46.69608,-23.60283],[-46.69554,-23.60143],[-46.69541,-23.6009],[-46.69529,-23.60056],[-46.69501,-23.59997],[-46.69482,-23.59968],[-46.69363,-23.59806],[-46.69348,-23.59781],[-46.69329,-23.59748],[-46.69291,-23.59649],[-46.69276,-23.5958],[-46.69272,-23.5952],[-46.69269,-23.59358],[-46.69261,-23.59311],[-46.69253,-23.59276],[-46.69214,-23.59154],[-46.69108,-23.58853],[-46.69096,-23.58795],[-46.6909,-23.58742],[-46.6909,-23.5867],[-46.69104,-23.58545]],[[-46.69104,-23.58545],[-46.69111,-23.58521]],[[-46.69111,-23.58521],[-46.69124,-23.58474],[-46.69141,-23.58433],[-46.69599,-23.57635],[-46.69636,-23.57583],[-46.69706,-23.57499],[-46.69743,-23.5746],[-46.69842,-23.57369],[-46.69893,-23.5733],[-46.70015,-23.57256],[-46.70047,-23.57228],[-46.70084,-23.57185],[-46.70122,-23.57108],[-46.70195,-23.56927],[-46.70218,-23.56856],[-46.70344,-23.56513],[-46.70413,-23.5634],[-46.7046,-23.56255],[-46.70502,-23.56195],[-46.70537,-23.5615],[-46.70616,-23.56069],[-46.70712,-23.55991],[-46.70829,-23.55924],[-46.70902,-23.55891],[-46.71035,-23.55838],[-46.71194,-23.55751],[-46.72923,-23.54904],[-46.72985,-23.54872],[-46.73014,-23.54852],[-46.7306,-23.54811],[-46.73193,-23.54673],[-46.73343,-23.54542],[-46.7351,-23.54405],[-46.73695,-23.54245],[-46.74058,-23.53923],[-46.74175,-23.53812],[-46.74335,-23.53671],[-46.74366,-23.5364],[-46.74413,-23.53576],[-46.74534,-23.53264],[-46.74559,-23.53223],[-46.74598,-23.53181],[-46.74641,-23.53151],[-46.74693,-23.5313],[-46.74751,-23.53119]],[[-46.74751,-23.53119],[-46.75087,-23.53084]],[[-46.75087,-23.53084],[-46.75213,-23.53069],[-46.75292,-23.53045],[-46.75606,-23.52892],[-46.75641,-23.52879],[-46.75695,-23.52867],[-46.75734,-23.52865],[-46.75775,-23.52868],[-46.75813,-23.52878],[-46.7595,-23.52931],[-46.76006,-23.52963],[-46.76273,-23.53216],[-46.76341,-23.53276],[-46.76366,-23.53293],[-46.76412,-23.53317],[-46.76439,-23.53326],[-46.76524,-23.53336],[-46.76592,-23.53325],[-46.77041,-23.53164],[-46.77111,-23.53128],[-46.77327,-23.52964],[-46.77372,-23.52933]],[[-46.77372,-23.52933],[-46.77379,-23.5293]],[[-46.77379,-23.5293],[-46.77379,-23.52929]],[[-46.77587,-23.52776],[-46.77512,-23.52826],[-46.77379,-23.52929]],[[-46.77379,-23.52929],[-46.77379,-23.5293]],[[-46.77379,-23.5293],[-46.77372,-23.52934]],[[-46.77372,-23.52934],[-46.77128,-23.53123],[-46.77063,-23.5316],[-46.76914,-23.53216],[-46.76603,-23.53326],[-46.76547,-23.53339],[-46.7651,-23.53341],[-46.76459,-23.53335],[-46.76412,-23.53322],[-46.7637,-23.53303],[-46.76318,-23.53263],[-46.76095,-23.5305],[-46.7599,-23.52956],[-46.75926,-23.52925],[-46.75851,-23.52896],[-46.75811,-23.52882],[-46.75772,-23.52873],[-46.75748,-23.5287],[-46.75704,-23.52871],[-46.75656,-23.52879],[-46.75583,-23.52907],[-46.75345,-23.53026],[-46.75287,-23.53051],[-46.75245,-23.53065],[-46.75187,-23.53078],[-46.75087,-23.53088]],[[-46.75087,-23.53088],[-46.74751,-23.53123]],[[-46.74751,-23.53123],[-46.74695,-23.53134],[-46.74642,-23.53154],[-46.746,-23.53184],[-46.74579,-23.53204],[-46.74561,-23.53227],[-46.74537,-23.53267],[-46.74439,-23.53528],[-46.74417,-23.53578],[-46.74385,-23.53628],[-46.74351,-23.53667],[-46.73632,-23.54307],[-46.73146,-23.54728],[-46.73046,-23.5483],[-46.73012,-23.54858],[-46.72979,-23.54881],[-46.7292,-23.54912],[-46.72238,-23.55241],[-46.71462,-23.55624],[-46.71077,-23.55829],[-46.70911,-23.55892],[-46.70827,-23.55933],[-46.70789,-23.55954],[-46.70715,-23.56002],[-46.70667,-23.56038],[-46.70592,-23.56106],[-46.70532,-23.56172],[-46.70493,-23.56224],[-46.70444,-23.56304],[-46.70431,-23.56331],[-46.70406,-23.56389],[-46.7028,-23.56738],[-46.7023,-23.56857],[-46.70189,-23.56974],[-46.7012,-23.57137],[-46.70093,-23.57187],[-46.70048,-23.57237],[-46.70017,-23.57264],[-46.69887,-23.57348],[-46.69759,-23.57459],[-46.69689,-23.57526],[-46.69616,-23.57618],[-46.69586,-23.57665],[-46.69201,-23.58338],[-46.69154,-23.58434],[-46.69124,-23.58524]],[[-46.69124,-23.58524],[-46.69118,-23.58548]],[[-46.69118,-23.58548],[-46.69107,-23.58617],[-46.691,-23.58688],[-46.691,-23.58745],[-46.69106,-23.58796],[-46.69126,-23.58882],[-46.69219,-23.59152],[-46.69258,-23.59253],[-46.69274,-23.59313],[-46.69283,-23.5938],[-46.69278,-23.59535],[-46.69286,-23.59609],[-46.69297,-23.59653],[-46.69326,-23.59727],[-46.69352,-23.59777],[-46.69379,-23.59819],[-46.69475,-23.59948],[-46.69514,-23.60009],[-46.69536,-23.60059],[-46.69574,-23.60184],[-46.69612,-23.60276],[-46.69699,-23.60511],[-46.6975,-23.60664],[-46.69765,-23.60723],[-46.69827,-23.60996],[-46.69957,-23.616],[-46.69983,-23.61683],[-46.70035,-23.61809],[-46.70044,-23.61844],[-46.70064,-23.61994],[-46.70087,-23.62047],[-46.70118,-23.62097],[-46.70155,-23.62145]],[[-46.70155,-23.62145],[-46.70171,-23.62163]],[[-46.70171,-23.62163],[-46.7024,-23.62233]],[[-46.7024,-23.62233],[-46.70282,-23.6227]],[[-46.70282,-23.6227],[-46.70351,-23.62318],[-46.7044,-23.62364],[-46.70767,-23.6247],[-46.70852,-23.62501],[-46.7092,-23.6253],[-46.70965,-23.62554],[-46.71036,-23.626],[-46.71091,-23.62642],[-46.71148,-23.62692],[-46.71349,-23.62904],[-46.71487,-23.63058],[-46.71628,-23.63208],[-46.71678,-23.63257],[-46.72089,-23.63704],[-46.72356,-23.63988],[-46.72431,-23.64087],[-46.7247,-23.6415],[-46.72558,-23.64331],[-46.72574,-23.64368],[-46.72591,-23.6442],[-46.72598,-23.64464],[-46.72599,-23.6452],[-46.72594,-23.64579],[-46.72552,-23.64797],[-46.7254,-23.64839],[-46.72515,-23.64901],[-46.72474,-23.64969],[-46.72446,-23.65006],[-46.72164,-23.65331],[-46.71964,-23.65577],[-46.71902,-23.65646],[-46.71826,-23.65705],[-46.71658,-23.65809],[-46.71486,-23.65921],[-46.71411,-23.65975],[-46.71313,-23.66061],[-46.7124,-23.66132],[-46.71181,-23.66199],[-46.71165,-23.66219],[-46.71116,-23.663],[-46.71031,-23.6647],[-46.71002,-23.66516],[-46.70912,-23.66627],[-46.70868,-23.66689],[-46.70524,-23.67264],[-46.70415,-23.67429],[-46.70264,-23.67688],[-46.70218,-23.67751],[-46.70178,-23.67797],[-46.70067,-23.67914]],[[-46.70067,-23.67914],[-46.69872,-23.68124],[-46.69791,-23.68233],[-46.69762,-23.68277],[-46.6961,-23.68542],[-46.69601,-23.6856],[-46.69555,-23.68691],[-46.6954,-23.68719],[-46.69502,-23.68771],[-46.69455,-23.6882],[-46.69361,-23.68899],[-46.69265,-23.68963],[-46.69206,-23.68993],[-46.69138,-23.69022],[-46.68907,-23.69105],[-46.68821,-23.6915],[-46.68751,-23.69202],[-46.68714,-23.69236],[-46.68691,-23.69262]],[[-46.68691,-23.69262],[-46.68645,-23.69323]],[[-46.68645,-23.69323],[-46.68615,-23.69373],[-46.68586,-23.6944],[-46.68568,-23.69498],[-46.68556,-23.69578],[-46.68555,-23.6961],[-46.68565,-23.69704],[-46.68581,-23.69773],[-46.68613,-23.69879]],[[-46.68613,-23.69879],[-46.68666,-23.70048]],[[-46.68666,-23.70048],[-46.68801,-23.70504],[-46.6888,-23.70704]],[[-46.6888,-23.70704],[-46.68888,-23.70723]],[[-46.68888,-23.70723],[-46.68918,-23.70809],[-46.68979,-23.7105],[-46.69036,-23.71251],[-46.69175,-23.71699],[-46.69192,-23.71767],[-46.69198,-23.71799],[-46.69205,-23.71886],[-46.69191,-23.72197]],[[-46.69191,-23.72197],[-46.69189,-23.72225]],[[-46.69189,-23.72225],[-46.69177,-23.72388],[-46.69152,-23.72583],[-46.69154,-23.72608],[-46.69149,-23.72664],[-46.6915,-23.72734],[-46.69155,-23.72803],[-46.6917,-23.72888],[-46.69195,-23.72962],[-46.69238,-23.73052],[-46.69268,-23.731],[-46.69319,-23.7317],[-46.69473,-23.73362]],[[-46.69473,-23.73362],[-46.69572,-23.73483]],[[-46.69572,-23.73483],[-46.69592,-23.73508]],[[-46.69592,-23.73508],[-46.69614,-23.73537],[-46.69693,-23.73621],[-46.69754,-23.73695]],[[-46.69754,-23.73695],[-46.69764,-23.73707]],[[-46.69764,-23.73707],[-46.69836,-23.73807],[-46.69931,-23.73918],[-46.70521,-23.74634],[-46.7061,-23.74749],[-46.70627,-23.74774],[-46.70659,-23.74833],[-46.70791,-23.75126],[-46.70877,-23.75306]],[[-46.70877,-23.75306],[-46.70896,-23.75346]],[[-46.70896,-23.75346],[-46.70974,-23.7552]],[[-46.70974,-23.7552],[-46.70995,-23.75565]],[[-46.70995,-23.75565],[-46.7112,-23.75833]],[[-46.7112,-23.75833],[-46.71158,-23.75926],[-46.7118,-23.76006],[-46.71196,-23.76105],[-46.71197,-23.76166]],[[-46.71197,-23.76166],[-46.71199,-23.76842]],[[-46.71199,-23.76842],[-46.71198,-23.76867]],[[-46.71198,-23.76867],[-46.71202,-23.77019]]]}},{"type":"Feature","properties":{"kind":"track","ref":"10"},"geometry":{"type":"MultiLineString","coordinates":[[[-46.6658,-23.52565],[-46.6674,-23.52553]],[[-46.6629,-23.52581],[-46.66419,-23.5257],[-46.6658,-23.52565]],[[-46.6629,-23.52581],[-46.66222,-23.52581]],[[-46.64218,-23.52993],[-46.64242,-23.52965],[-46.64289,-23.52922],[-46.64358,-23.52872],[-46.64404,-23.52845],[-46.64437,-23.5283],[-46.64502,-23.52806],[-46.64556,-23.52791],[-46.64621,-23.5278],[-46.64721,-23.52776],[-46.65133,-23.52807],[-46.6518,-23.5281],[-46.65236,-23.52809],[-46.65343,-23.52791],[-46.65948,-23.52619],[-46.66069,-23.52595],[-46.66222,-23.52581]],[[-46.64206,-23.53009],[-46.64218,-23.52993]],[[-46.64183,-23.53043],[-46.64206,-23.53009]],[[-46.63604,-23.53504],[-46.63738,-23.53469],[-46.63811,-23.53445],[-46.63873,-23.53416],[-46.63946,-23.53369],[-46.63977,-23.53345],[-46.64027,-23.53294],[-46.64075,-23.53232],[-46.64169,-23.53063],[-46.64183,-23.53043]],[[-46.6349,-23.53533],[-46.63604,-23.53504]],[[-46.6349,-23.53533],[-46.63467,-23.53538]],[[-46.63467,-23.53538],[-46.62816,-23.53705]],[[-46.62816,-23.53705],[-46.62799,-23.53709]],[[-46.62799,-23.53709],[-46.62697,-23.53735]],[[-46.62697,-23.53735],[-46.62619,-23.53755]],[[-46.62619,-23.53755],[-46.62496,-23.53788],[-46.62381,-23.53827],[-46.62336,-23.53845],[-46.6221,-23.53913],[-46.62157,-23.53947],[-46.62084,-23.54],[-46.62011,-23.54063],[-46.61923,-23.54158],[-46.6187,-23.54226]],[[-46.6187,-23.54226],[-46.61748,-23.54392],[-46.61709,-23.5445]],[[-46.61709,-23.5445],[-46.61648,-23.5454]],[[-46.61648,-23.5454],[-46.61571,-23.54653]],[[-46.61571,-23.54653],[-46.61533,-23.54708]],[[-46.61533,-23.54708],[-46.61316,-23.5503],[-46.6106,-23.55394],[-46.60964,-23.55536],[-46.60908,-23.55627],[-46.60826,-23.55793],[-46.60192,-23.57125],[-46.59956,-23.57609],[-46.59682,-23.582],[-46.59545,-23.58485],[-46.59458,-23.58642],[-46.59423,-23.58691],[-46.59361,-23.58766]],[[-46.59361,-23.58766],[-46.5934,-23.58791]],[[-46.5934,-23.58791],[-46.59148,-23.59021],[-46.58984,-23.59205]],[[-46.58984,-23.59205],[-46.58877,-23.59333]],[[-46.58877,-23.59333],[-46.58743,-23.595],[-46.57944,-23.60444]],[[-46.57944,-23.60444],[-46.57915,-23.6048]],[[-46.57915,-23.6048],[-46.57829,-23.60582],[-46.57731,-23.60687],[-46.57694,-23.60722],[-46.57625,-23.6077],[-46.57541,-23.60811],[-46.57484,-23.60834],[-46.57004,-23.60997],[-46.56881,-23.6104],[-46.56795,-23.61075],[-46.56332,-23.61232],[-46.552,-23.6163],[-46.55169,-23.61642],[-46.55091,-23.6168],[-46.55039,-23.61711],[-46.54985,-23.6175],[-46.54934,-23.61793],[-46.5491,-23.61818],[-46.5486,-23.61873],[-46.54812,-23.6194],[-46.52958,-23.65009],[-46.52927,-23.65055],[-46.5273,-23.653],[-46.52688,-23.65344],[-46.52664,-23.65363],[-46.52624,-23.6539],[-46.52543,-23.65434],[-46.52026,-23.65644],[-46.51918,-23.65679],[-46.51839,-23.65699],[-46.51147,-23.65863]],[[-46.51147,-23.65863],[-46.5112,-23.6587]],[[-46.5112,-23.6587],[-46.50253,-23.66075],[-46.50189,-23.66086],[-46.50107,-23.66094],[-46.50048,-23.66096],[-46.49935,-23.66087],[-46.49846,-23.6607],[-46.49556,-23.6599],[-46.48667,-23.65736],[-46.48566,-23.65717],[-46.48521,-23.65713],[-46.48442,-23.65709],[-46.48366,-23.65712],[-46.48297,-23.65719],[-46.48213,-23.65735],[-46.48097,-23.65772],[-46.47173,-23.66161],[-46.47071,-23.66215],[-46.45999,-23.66922],[-46.45967,-23.66947],[-46.45861,-23.67044],[-46.45546,-23.67366],[-46.4549,-23.67432],[-46.45451,-23.67491],[-46.45421,-23.67556],[-46.45398,-23.6762],[-46.4538,-23.67698],[-46.45334,-23.68019],[-46.4532,-23.6809],[-46.45298,-23.68162],[-46.45231,-23.68335],[-46.45187,-23.68555],[-46.45149,-23.68667],[-46.44966,-23.69056],[-46.44928,-23.69121],[-46.44851,-23.69239],[-46.44731,-23.69421],[-46.44709,-23.69447],[-46.44684,-23.6947],[-46.44625,-23.69513],[-46.44568,-23.69542],[-46.44505,-23.69564],[-46.44426,-23.69577],[-46.44347,-23.69576],[-46.44184,-23.69565],[-46.44106,-23.69571],[-46.4402,-23.69592],[-46.43967,-23.69614],[-46.43913,-23.69643],[-46.43865,-23.69676],[-46.43842,-23.69697],[-46.43652,-23.69897],[-46.4362,-23.69936],[-46.43571,-23.70017],[-46.43488,-23.7019],[-46.43468,-23.7022],[-46.4342,-23.70276],[-46.43347,-23.70339],[-46.43266,-23.70388],[-46.43233,-23.70403],[-46.4316,-23.70427],[-46.43045,-23.70454]],[[-46.43045,-23.70454],[-46.4296,-23.70474]],[[-46.4296,-23.70474],[-46.42406,-23.70604],[-46.42295,-23.70632],[-46.42252,-23.70646],[-46.42205,-23.70666],[-46.42162,-23.70689],[-46.42082,-23.70744],[-46.41951,-23.70871]],[[-46.41951,-23.70871],[-46.41937,-23.70886]],[[-46.41937,-23.70886],[-46.41263,-23.71585],[-46.41126,-23.71731],[-46.41068,-23.71783],[-46.40981,-23.71843],[-46.40571,-23.72096],[-46.40524,-23.72132],[-46.40501,-23.72155]],[[-46.40501,-23.72155],[-46.40482,-23.72175]],[[-46.40482,-23.72175],[-46.40437,-23.7224],[-46.40409,-23.72294],[-46.40395,-23.72338],[-46.40385,-23.7239],[-46.40382,-23.72509],[-46.40373,-23.72624],[-46.40367,-23.72761],[-46.40373,-23.72831],[-46.4041,-23.72998],[-46.40414,-23.73046],[-46.40413,-23.73087],[-46.40399,-23.73167],[-46.40352,-23.73297],[-46.40334,-23.73357],[-46.40326,-23.73397],[-46.40311,-23.73572],[-46.40293,-23.7365],[-46.40276,-23.73695],[-46.40249,-23.73753],[-46.40205,-23.73823],[-46.40174,-23.73859],[-46.40096,-23.73931],[-46.40046,-23.73965],[-46.39975,-23.74004],[-46.39898,-23.74035]],[[-46.39898,-23.74035],[-46.39868,-23.74047]],[[-46.39868,-23.74047],[-46.39787,-23.74076]],[[-46.39787,-23.74076],[-46.39725,-23.74098],[-46.39449,-23.74179],[-46.39377,-23.74205],[-46.39314,-23.74235],[-46.39262,-23.74266],[-46.39205,-23.7431],[-46.39173,-23.74343]],[[-46.39787,-23.74076],[-46.39829,-23.74064]],[[-46.39829,-23.74064],[-46.3987,-23.74049]],[[-46.3987,-23.74049],[-46.399,-23.74038]],[[-46.399,-23.74038],[-46.39978,-23.74006],[-46.40038,-23.73974],[-46.40082,-23.73944],[-46.40138,-23.739],[-46.40199,-23.73836],[-46.40233,-23.73789],[-46.40263,-23.73734],[-46.40301,-23.73638],[-46.40312,-23.73589],[-46.40332,-23.73387],[-46.40353,-23.73305],[-46.4039,-23.7321],[-46.40401,-23.73174],[-46.40417,-23.7309],[-46.40418,-23.73043],[-46.40415,-23.73],[-46.40381,-23.72847],[-46.40372,-23.72779],[-46.40372,-23.72712],[-46.40385,-23.72528],[-46.40387,-23.72398],[-46.40401,-23.72328],[-46.40419,-23.7228],[-46.40456,-23.72217],[-46.40485,-23.72179]],[[-46.40485,-23.72179],[-46.40504,-23.72158]],[[-46.40504,-23.72158],[-46.40533,-23.7213],[-46.4058,-23.72094],[-46.41015,-23.71826],[-46.41106,-23.71754],[-46.4118,-23.71681],[-46.41311,-23.71542],[-46.41519,-23.7133],[-46.4194,-23.70889]],[[-46.4194,-23.70889],[-46.41954,-23.70873]],[[-46.41954,-23.70873],[-46.42086,-23.70744],[-46.42148,-23.70701],[-46.42232,-23.70657],[-46.42321,-23.70628],[-46.42962,-23.70477]],[[-46.42962,-23.70477],[-46.43047,-23.70458]],[[-46.43047,-23.70458],[-46.43163,-23.70429],[-46.43237,-23.70405],[-46.43322,-23.70359],[-46.43383,-23.70315],[-46.43435,-23.70264],[-46.43483,-23.70203],[-46.43503,-23.7017],[-46.43593,-23.69984],[-46.43635,-23.69922],[-46.43832,-23.69713],[-46.43872,-23.69677],[-46.43922,-23.69642],[-46.43972,-23.69616],[-46.44034,-23.69592],[-46.44125,-23.69572],[-46.44195,-23.69568],[-46.44411,-23.6958],[-46.44494,-23.6957],[-46.44559,-23.69549],[-46.44608,-23.69528],[-46.44668,-23.69487],[-46.44716,-23.69445],[-46.44773,-23.69367],[-46.44956,-23.69081],[-46.44976,-23.69044],[-46.45149,-23.68676],[-46.4517,-23.68625],[-46.45181,-23.68595],[-46.452,-23.68518],[-46.45215,-23.68422],[-46.45235,-23.68335],[-46.453,-23.68165],[-46.45325,-23.68082],[-46.45337,-23.68023],[-46.45385,-23.67694],[-46.45397,-23.67638],[-46.45408,-23.67601],[-46.45441,-23.6752],[-46.45493,-23.67436],[-46.45561,-23.67356],[-46.45817,-23.67094],[-46.45932,-23.66983],[-46.46,-23.66927],[-46.46241,-23.66764],[-46.47088,-23.66209],[-46.47151,-23.66175],[-46.47225,-23.66142],[-46.47898,-23.65857],[-46.48115,-23.65769],[-46.48218,-23.65737],[-46.48283,-23.65725],[-46.48351,-23.65717],[-46.48478,-23.65713],[-46.48563,-23.6572],[-46.48631,-23.65731],[-46.49061,-23.65849],[-46.49846,-23.66075],[-46.49952,-23.66093],[-46.50015,-23.66098],[-46.50125,-23.66097],[-46.5019,-23.6609],[-46.50254,-23.66079],[-46.51121,-23.65874]],[[-46.51121,-23.65874],[-46.51148,-23.65868]],[[-46.51148,-23.65868],[-46.51957,-23.65672],[-46.52133,-23.65606],[-46.52562,-23.65433],[-46.52643,-23.65388],[-46.527,-23.65348],[-46.52715,-23.65334],[-46.52776,-23.65266],[-46.52891,-23.65122],[-46.52991,-23.64974],[-46.54801,-23.61975],[-46.5485,-23.61901],[-46.5489,-23.61853],[-46.54937,-23.61804],[-46.54986,-23.61761],[-46.55044,-23.61719],[-46.55093,-23.61689],[-46.5515,-23.6166],[-46.55208,-23.61636],[-46.55668,-23.61474],[-46.56146,-23.6131],[-46.5634,-23.6124],[-46.56714,-23.61116],[-46.56797,-23.61082],[-46.57532,-23.60826],[-46.57627,-23.6078],[-46.5771,-23.60722],[-46.57769,-23.60664],[-46.57919,-23.60492]],[[-46.57919,-23.60492],[-46.5795,-23.60456]],[[-46.5795,-23.60456],[-46.58149,-23.60216],[-46.5889,-23.59342]],[[-46.5889,-23.59342],[-46.58998,-23.59215]],[[-46.58998,-23.59215],[-46.59091,-23.591],[-46.59353,-23.58794]],[[-46.59353,-23.58794],[-46.5937,-23.58773]],[[-46.5937,-23.58773],[-46.59433,-23.58694],[-46.5948,-23.58624],[-46.59575,-23.58441],[-46.59969,-23.57602],[-46.60199,-23.57132],[-46.60379,-23.56748],[-46.60653,-23.56185],[-46.60834,-23.55795],[-46.60916,-23.55631],[-46.61032,-23.55453],[-46.61303,-23.55062],[-46.61559,-23.54678]],[[-46.61559,-23.54678],[-46.61573,-23.54657]],[[-46.61573,-23.54657],[-46.61651,-23.54542]],[[-46.61651,-23.54542],[-46.61712,-23.54452]],[[-46.61712,-23.54452],[-46.61751,-23.54394],[-46.61905,-23.54186]],[[-46.61905,-23.54186],[-46.62031,-23.54048],[-46.62141,-23.53961],[-46.62189,-23.53931],[-46.62252,-23.53894],[-46.62338,-23.53849],[-46.62382,-23.5383],[-46.62477,-23.53799],[-46.62621,-23.53761]],[[-46.62621,-23.53761],[-46.62699,-23.53741]],[[-46.62699,-23.53741],[-46.62801,-23.53716]],[[-46.62801,-23.53716],[-46.6282,-23.53711]],[[-46.6282,-23.53711],[-46.63184,-23.53614],[-46.63468,-23.53542]],[[-46.63468,-23.53542],[-46.63596,-23.5351]],[[-46.63596,-23.5351],[-46.63605,-23.53507]],[[-46.63605,-23.53507],[-46.6375,-23.53469],[-46.63814,-23.53446],[-46.63868,-23.53422],[-46.63895,-23.53406],[-46.63976,-23.53349],[-46.6404,-23.53285],[-46.64078,-23.53234],[-46.6417,-23.53071],[-46.64209,-23.53011]],[[-46.64221,-23.52995],[-46.64209,-23.53011]],[[-46.64221,-23.52995],[-46.64246,-23.52966],[-46.64291,-23.52923],[-46.64355,-23.52876],[-46.64422,-23.52839],[-46.64486,-23.52815],[-46.64572,-23.52791],[-46.64637,-23.52782],[-46.64719,-23.52779],[-46.65134,-23.52811],[-46.65198,-23.52813],[-46.65248,-23.52811],[-46.65328,-23.52799],[-46.6595,-23.52622],[-46.6607,-23.52599],[-46.6629,-23.52581]],[[-46.52816,-23.65209],[-46.52916,-23.65082],[-46.52986,-23.64973],[-46.54796,-23.61976],[-46.54861,-23.6188],[-46.54935,-23.618],[-46.55001,-23.61744],[-46.55056,-23.61707],[-46.5515,-23.61656],[-46.55201,-23.61635],[-46.56672,-23.61124],[-46.56993,-23.61008],[-46.57524,-23.60826],[-46.57596,-23.60793],[-46.5764,-23.60769],[-46.5771,-23.60718],[-46.57766,-23.60663],[-46.57919,-23.60484]],[[-46.57946,-23.60452],[-46.57919,-23.60484]],[[-46.58888,-23.59339],[-46.58778,-23.59464],[-46.57946,-23.60452]],[[-46.58949,-23.59267],[-46.58888,-23.59339]],[[-46.58996,-23.59213],[-46.58949,-23.59267]]]}},{"type":"Feature","properties":{"kind":"track","ref":"11"},"geometry":{"type":"MultiLineString","coordinates":[[[-46.6674,-23.52536],[-46.66588,-23.52548]],[[-46.66588,-23.52548],[-46.66369,-23.52564]],[[-46.66369,-23.52564],[-46.66111,-23.52585],[-46.66068,-23.5259],[-46.65971,-23.52609],[-46.65603,-23.52711],[-46.65353,-23.52784],[-46.65295,-23.52797],[-46.6524,-23.52804],[-46.65174,-23.52806],[-46.65122,-23.52803],[-46.64748,-23.52773],[-46.64637,-23.52774],[-46.64585,-23.52781],[-46.64468,-23.52813],[-46.64385,-23.52852],[-46.64329,-23.52887],[-46.64287,-23.52918],[-46.64241,-23.52961],[-46.64214,-23.52991]],[[-46.64214,-23.52991],[-46.64202,-23.53007]],[[-46.64202,-23.53007],[-46.64147,-23.53092],[-46.64066,-23.5323],[-46.64036,-23.53271],[-46.63992,-23.5332],[-46.63964,-23.53344],[-46.6392,-23.53376],[-46.63841,-23.53419],[-46.63715,-23.5346],[-46.63599,-23.53488]],[[-46.63599,-23.53488],[-46.63485,-23.53517]],[[-46.63485,-23.53517],[-46.63373,-23.53546]],[[-46.63373,-23.53546],[-46.63126,-23.53617],[-46.62812,-23.53696]],[[-46.62812,-23.53696],[-46.62795,-23.537]],[[-46.62795,-23.537],[-46.62692,-23.53726]],[[-46.62692,-23.53726],[-46.62616,-23.53747]],[[-46.62616,-23.53747],[-46.62494,-23.53779],[-46.62333,-23.53838],[-46.62209,-23.53904],[-46.62144,-23.53945],[-46.62089,-23.53985],[-46.61998,-23.54067],[-46.61939,-23.54129],[-46.61853,-23.54229],[-46.61719,-23.54404]],[[-46.61719,-23.54404],[-46.61692,-23.54441]],[[-46.61692,-23.54441],[-46.61631,-23.5453]],[[-46.61631,-23.5453],[-46.61596,-23.54578]],[[-46.61596,-23.54578],[-46.61566,-23.54614],[-46.61523,-23.54649],[-46.61496,-23.54659],[-46.61409,-23.54711],[-46.61369,-23.54724],[-46.61346,-23.54728],[-46.61269,-23.54724],[-46.61017,-23.54678],[-46.60614,-23.54593],[-46.58647,-23.54205]],[[-46.58647,-23.54205],[-46.58178,-23.54112]],[[-46.58178,-23.54112],[-46.5798,-23.54073]],[[-46.5798,-23.54073],[-46.57842,-23.54055],[-46.57749,-23.54036]],[[-46.57749,-23.54036],[-46.57561,-23.53999]],[[-46.57561,-23.53999],[-46.57472,-23.53984],[-46.57205,-23.53918],[-46.56909,-23.53862],[-46.55676,-23.53618],[-46.55439,-23.53564],[-46.55356,-23.53551],[-46.54773,-23.53434],[-46.54603,-23.53398],[-46.54552,-23.53384],[-46.5448,-23.53355],[-46.54404,-23.53338],[-46.54196,-23.53297],[-46.54169,-23.53294],[-46.54079,-23.53294],[-46.54054,-23.5329],[-46.53395,-23.5316],[-46.53293,-23.53147],[-46.53222,-23.53148],[-46.53045,-23.53167],[-46.52877,-23.53191],[-46.52841,-23.5319],[-46.52725,-23.53179],[-46.52091,-23.53101],[-46.52023,-23.53081],[-46.51565,-23.52858],[-46.51501,-23.52828],[-46.51457,-23.52812],[-46.51415,-23.528],[-46.51361,-23.5279],[-46.50914,-23.52725],[-46.50864,-23.52722],[-46.50813,-23.52723],[-46.50735,-23.52737],[-46.50687,-23.52751],[-46.50643,-23.52769],[-46.50587,-23.52797],[-46.50134,-23.53089],[-46.49766,-23.53332],[-46.49735,-23.53355],[-46.49661,-23.53423],[-46.49634,-23.53444],[-46.49598,-23.53468],[-46.4954,-23.53497],[-46.49494,-23.53513],[-46.49425,-23.53526],[-46.49117,-23.53561],[-46.49047,-23.53562],[-46.48971,-23.53555],[-46.48907,-23.53553],[-46.48873,-23.53555],[-46.4882,-23.53566],[-46.48768,-23.53586],[-46.48731,-23.53607],[-46.48705,-23.53628],[-46.48678,-23.53653],[-46.48654,-23.53682],[-46.48644,-23.53699],[-46.48599,-23.53828],[-46.48577,-23.53872],[-46.48548,-23.53911],[-46.485,-23.53962],[-46.48376,-23.54081],[-46.48317,-23.54123],[-46.48249,-23.54158],[-46.48195,-23.54177],[-46.4812,-23.54195],[-46.47812,-23.54262],[-46.47693,-23.54281],[-46.47599,-23.54279],[-46.47489,-23.54261],[-46.47336,-23.54231]],[[-46.47336,-23.54231],[-46.47,-23.54174]],[[-46.47,-23.54174],[-46.46792,-23.54144],[-46.4653,-23.54101],[-46.4647,-23.54082],[-46.46336,-23.54028],[-46.46278,-23.54014],[-46.46236,-23.54009],[-46.46159,-23.54012],[-46.46104,-23.5402],[-46.45655,-23.54112]],[[-46.45655,-23.54112],[-46.45583,-23.54125],[-46.45404,-23.54148],[-46.45177,-23.54165],[-46.45054,-23.54171]],[[-46.45054,-23.54171],[-46.44895,-23.54174]],[[-46.44895,-23.54174],[-46.44749,-23.54178]],[[-46.44749,-23.54178],[-46.44545,-23.54181],[-46.44507,-23.54178]],[[-46.44507,-23.54178],[-46.44269,-23.54156],[-46.44096,-23.54127],[-46.4396,-23.54099],[-46.43251,-23.53934]],[[-46.43251,-23.53934],[-46.43063,-23.53881],[-46.4301,-23.53869]],[[-46.4301,-23.53869],[-46.42949,-23.53857],[-46.42839,-23.53848],[-46.42734,-23.53847],[-46.42682,-23.53851],[-46.4264,-23.53859]],[[-46.4264,-23.53859],[-46.42372,-23.53932],[-46.42317,-23.53952],[-46.42262,-23.53978],[-46.42165,-23.54037],[-46.42115,-23.54062],[-46.4193,-23.54144],[-46.41883,-23.54161],[-46.41827,-23.54175],[-46.41724,-23.54187]],[[-46.41724,-23.54187],[-46.41608,-23.5421]],[[-46.41608,-23.5421],[-46.41549,-23.54223]],[[-46.41549,-23.54223],[-46.41508,-23.54231]],[[-46.41508,-23.54231],[-46.41433,-23.54246],[-46.41402,-23.54256],[-46.41295,-23.543],[-46.41251,-23.54315],[-46.4116,-23.54335],[-46.41024,-23.54371],[-46.40894,-23.54407],[-46.40772,-23.54449],[-46.40181,-23.54607],[-46.40106,-23.54637],[-46.39856,-23.54792],[-46.39814,-23.54822],[-46.3978,-23.54856],[-46.39591,-23.55075],[-46.39559,-23.55103],[-46.39517,-23.55134],[-46.39319,-23.55255]],[[-46.39319,-23.55255],[-46.39307,-23.55265]],[[-46.39307,-23.55265],[-46.39263,-23.55308],[-46.39194,-23.55409],[-46.39175,-23.55431],[-46.3912,-23.5548],[-46.39088,-23.55499],[-46.39056,-23.55512],[-46.38992,-23.55528],[-46.38951,-23.55532],[-46.38901,-23.55532],[-46.38844,-23.55525],[-46.38379,-23.55442]],[[-46.38379,-23.55442],[-46.38352,-23.55436]],[[-46.38352,-23.55436],[-46.38269,-23.55421],[-46.3821,-23.55406],[-46.38175,-23.5539],[-46.38135,-23.55366],[-46.38106,-23.55336],[-46.38079,-23.55292],[-46.38072,-23.55274],[-46.38057,-23.55221],[-46.38024,-23.55054],[-46.37999,-23.54998],[-46.37968,-23.54951],[-46.37843,-23.54827],[-46.37808,-23.54785],[-46.37782,-23.54744],[-46.37727,-23.54642],[-46.37705,-23.54609],[-46.37685,-23.54582],[-46.37639,-23.54535],[-46.37595,-23.54501],[-46.37539,-23.54472],[-46.37511,-23.5446],[-46.37301,-23.54389],[-46.37248,-23.54367],[-46.37223,-23.54353],[-46.37044,-23.54226],[-46.3688,-23.54103]],[[-46.3688,-23.54103],[-46.36783,-23.54034]],[[-46.36783,-23.54034],[-46.36701,-23.53977]],[[-46.36701,-23.53977],[-46.36691,-23.53969]],[[-46.36691,-23.53969],[-46.36553,-23.53874],[-46.36151,-23.53584],[-46.3602,-23.53493],[-46.34995,-23.52904]],[[-46.34995,-23.52904],[-46.34986,-23.52899]],[[-46.34986,-23.52899],[-46.34086,-23.52382],[-46.34042,-23.5236],[-46.33991,-23.52346],[-46.33962,-23.52342],[-46.33903,-23.52343],[-46.33879,-23.52346],[-46.33815,-23.52362],[-46.33346,-23.52527]],[[-46.33346,-23.52527],[-46.33268,-23.52553]],[[-46.33268,-23.52553],[-46.32997,-23.52647]],[[-46.32997,-23.52647],[-46.32951,-23.52663]],[[-46.32951,-23.52663],[-46.30718,-23.53434]],[[-46.30718,-23.53434],[-46.30318,-23.53574],[-46.30219,-23.53605],[-46.30143,-23.5362],[-46.30059,-23.53623],[-46.29768,-23.53595],[-46.28252,-23.53425],[-46.28168,-23.53419],[-46.28098,-23.53424],[-46.2801,-23.53448],[-46.27935,-23.53484],[-46.27901,-23.53507],[-46.2731,-23.53983],[-46.27275,-23.54008],[-46.27237,-23.54031],[-46.27197,-23.54049],[-46.27162,-23.54059],[-46.27081,-23.54075]],[[-46.27081,-23.54075],[-46.2706,-23.54078]],[[-46.2706,-23.54078],[-46.2541,-23.54334],[-46.25281,-23.54352],[-46.25181,-23.54359],[-46.25123,-23.54359],[-46.25051,-23.54354],[-46.24909,-23.54338],[-46.24778,-23.54307],[-46.24491,-23.54223]],[[-46.24491,-23.54223],[-46.24471,-23.54217]],[[-46.24471,-23.54217],[-46.22885,-23.53736]],[[-46.22885,-23.53736],[-46.22866,-23.5373]],[[-46.22866,-23.5373],[-46.21995,-23.53464],[-46.21934,-23.53444],[-46.218,-23.53385],[-46.21664,-23.53307],[-46.20483,-23.52504],[-46.20371,-23.52429],[-46.20281,-23.52377],[-46.20115,-23.52296],[-46.19532,-23.52032],[-46.19234,-23.51901],[-46.18523,-23.51576]],[[-46.18518,-23.51583],[-46.18621,-23.5163],[-46.18736,-23.51677],[-46.19232,-23.51904],[-46.19689,-23.52107],[-46.20114,-23.523],[-46.20279,-23.5238],[-46.20369,-23.52432],[-46.20424,-23.52469],[-46.21611,-23.53277],[-46.21704,-23.53337],[-46.21796,-23.53388],[-46.21893,-23.53433],[-46.21995,-23.53468],[-46.2225,-23.53549],[-46.22865,-23.53735]],[[-46.22865,-23.53735],[-46.22883,-23.5374]],[[-46.22883,-23.5374],[-46.24469,-23.54222]],[[-46.24469,-23.54222],[-46.24489,-23.54229]],[[-46.24489,-23.54229],[-46.24769,-23.54309],[-46.24909,-23.54342],[-46.25051,-23.54359],[-46.25155,-23.54364],[-46.25208,-23.54363],[-46.25283,-23.54356],[-46.25407,-23.54339],[-46.25963,-23.54251],[-46.26447,-23.54181],[-46.2706,-23.54083]],[[-46.2706,-23.54083],[-46.27082,-23.5408]],[[-46.27082,-23.5408],[-46.27169,-23.54063],[-46.27204,-23.54052],[-46.27244,-23.54033],[-46.27282,-23.5401],[-46.27894,-23.53517],[-46.27928,-23.53493],[-46.27989,-23.53462],[-46.28051,-23.5344],[-46.28085,-23.53433],[-46.28151,-23.53424],[-46.28255,-23.5343],[-46.3001,-23.53626],[-46.30059,-23.53629],[-46.30144,-23.53625],[-46.30221,-23.5361],[-46.30321,-23.53578],[-46.30554,-23.53496],[-46.30635,-23.53476],[-46.30707,-23.53451]],[[-46.30707,-23.53451],[-46.30882,-23.5339]],[[-46.30882,-23.5339],[-46.31017,-23.53344],[-46.31176,-23.5328],[-46.32952,-23.52666]],[[-46.32952,-23.52666],[-46.32998,-23.5265]],[[-46.32998,-23.5265],[-46.33272,-23.52556]],[[-46.33272,-23.52556],[-46.33828,-23.52364],[-46.3387,-23.52353],[-46.33937,-23.52346],[-46.34006,-23.52355],[-46.34065,-23.52376],[-46.34985,-23.52904]],[[-46.34985,-23.52904],[-46.34992,-23.52907]],[[-46.34992,-23.52907],[-46.36024,-23.53502],[-46.36687,-23.53973]],[[-46.36687,-23.53973],[-46.36697,-23.5398]],[[-46.36697,-23.5398],[-46.36739,-23.54014],[-46.36772,-23.54046]],[[-46.36772,-23.54046],[-46.3687,-23.54114]],[[-46.3687,-23.54114],[-46.36956,-23.54166],[-46.372,-23.54345],[-46.3723,-23.54363],[-46.37313,-23.54398],[-46.37512,-23.54466],[-46.3759,-23.54504],[-46.3763,-23.54533],[-46.3767,-23.54573],[-46.37695,-23.54603],[-46.37724,-23.54647],[-46.37791,-23.54772],[-46.37821,-23.54812],[-46.37963,-23.54953],[-46.37993,-23.54996],[-46.38016,-23.55047],[-46.38024,-23.55076],[-46.38051,-23.55215],[-46.38073,-23.55293],[-46.38101,-23.55338],[-46.38132,-23.55369],[-46.38173,-23.55397],[-46.38211,-23.55413],[-46.38438,-23.5546],[-46.38583,-23.55483],[-46.38843,-23.55532],[-46.38899,-23.55538],[-46.38946,-23.55539],[-46.38987,-23.55535],[-46.39028,-23.55528],[-46.39066,-23.55515],[-46.39102,-23.55498],[-46.39137,-23.55476],[-46.39187,-23.55428],[-46.39265,-23.55313],[-46.3931,-23.55268]],[[-46.3931,-23.55268],[-46.39321,-23.55259]],[[-46.39321,-23.55259],[-46.39497,-23.55153],[-46.39564,-23.55107],[-46.39585,-23.55088],[-46.39774,-23.54868],[-46.3982,-23.54824],[-46.3985,-23.54802],[-46.40078,-23.54659],[-46.40118,-23.54638],[-46.40181,-23.54612],[-46.40758,-23.54458],[-46.40801,-23.54445],[-46.40877,-23.54415],[-46.41133,-23.54347],[-46.41236,-23.54324],[-46.414,-23.54277],[-46.41513,-23.54253]],[[-46.41513,-23.54253],[-46.41552,-23.54244]],[[-46.41552,-23.54244],[-46.41613,-23.54231]],[[-46.41613,-23.54231],[-46.41727,-23.54206]],[[-46.41727,-23.54206],[-46.41872,-23.5417],[-46.41975,-23.54129],[-46.42074,-23.54087],[-46.42162,-23.54043],[-46.42275,-23.53976],[-46.42344,-23.53946],[-46.42572,-23.53879],[-46.42637,-23.53864]],[[-46.42637,-23.53864],[-46.42682,-23.53855],[-46.42786,-23.5385],[-46.42948,-23.53861],[-46.43007,-23.53873]],[[-46.43007,-23.53873],[-46.43069,-23.53887],[-46.4325,-23.53938]],[[-46.4325,-23.53938],[-46.4396,-23.54105],[-46.44094,-23.54133],[-46.4418,-23.54149],[-46.44268,-23.54161],[-46.44506,-23.54182]],[[-46.44506,-23.54182],[-46.44545,-23.54185],[-46.44749,-23.54181]],[[-46.44749,-23.54181],[-46.44895,-23.54177]],[[-46.44895,-23.54177],[-46.45055,-23.54175]],[[-46.45055,-23.54175],[-46.45173,-23.54172],[-46.45413,-23.54152],[-46.45582,-23.5413],[-46.45655,-23.54116]],[[-46.45655,-23.54116],[-46.46111,-23.54025],[-46.4619,-23.54015],[-46.46246,-23.54016],[-46.46323,-23.54029],[-46.46361,-23.54041],[-46.46453,-23.5408],[-46.4652,-23.54104],[-46.46693,-23.54137],[-46.46998,-23.54188]],[[-46.46998,-23.54188],[-46.47333,-23.54245]],[[-46.47333,-23.54245],[-46.476,-23.54284],[-46.47648,-23.54288],[-46.47701,-23.54287],[-46.47752,-23.5428],[-46.48183,-23.54183],[-46.4822,-23.54172],[-46.48284,-23.54146],[-46.48363,-23.54097],[-46.48532,-23.53937],[-46.48575,-23.53884],[-46.486,-23.53837],[-46.48618,-23.53783],[-46.48659,-23.53687],[-46.48689,-23.5365],[-46.48733,-23.53613],[-46.48762,-23.53596],[-46.48823,-23.53574],[-46.48867,-23.53563],[-46.48919,-23.53558],[-46.49065,-23.53567],[-46.49166,-23.5356],[-46.49446,-23.53529],[-46.49482,-23.53522],[-46.49545,-23.53501],[-46.49621,-23.53459],[-46.49794,-23.53317],[-46.49963,-23.5321],[-46.5011,-23.5311],[-46.50589,-23.528],[-46.50646,-23.52774],[-46.50736,-23.52742],[-46.50811,-23.52728],[-46.50914,-23.52729],[-46.50964,-23.52735],[-46.51359,-23.52795],[-46.51454,-23.52817],[-46.51499,-23.52834],[-46.51564,-23.52864],[-46.52022,-23.53084],[-46.52047,-23.53094],[-46.52091,-23.53105],[-46.52724,-23.53183],[-46.52841,-23.53195],[-46.52921,-23.53192],[-46.53182,-23.53155],[-46.53222,-23.53152],[-46.5334,-23.53157],[-46.54052,-23.53295],[-46.54195,-23.53301],[-46.54403,-23.53342],[-46.54479,-23.53359],[-46.54551,-23.53389],[-46.54596,-23.53403],[-46.55446,-23.53571],[-46.55492,-23.53583],[-46.55858,-23.5366],[-46.56074,-23.53703],[-46.56845,-23.53854],[-46.57127,-23.53906],[-46.57267,-23.53936],[-46.57472,-23.53996],[-46.57558,-23.54013]],[[-46.57558,-23.54013],[-46.57746,-23.54051]],[[-46.57746,-23.54051],[-46.57797,-23.5406],[-46.57928,-23.5407],[-46.57979,-23.54077]],[[-46.57979,-23.54077],[-46.58177,-23.54115]],[[-46.58177,-23.54115],[-46.58677,-23.54216],[-46.59315,-23.54339],[-46.6064,-23.54602],[-46.60988,-23.54676],[-46.61159,-23.54706],[-46.61286,-23.54732],[-46.61347,-23.54736],[-46.61374,-23.54732],[-46.61416,-23.54717],[-46.61541,-23.54641],[-46.61575,-23.54611],[-46.616,-23.54581]],[[-46.616,-23.54581],[-46.61635,-23.54532]],[[-46.61635,-23.54532],[-46.61697,-23.54443]],[[-46.61697,-23.54443],[-46.61747,-23.54376]],[[-46.61747,-23.54376],[-46.61908,-23.5417],[-46.61955,-23.54117],[-46.62038,-23.54033],[-46.62115,-23.53971],[-46.62207,-23.53909],[-46.62336,-23.53841],[-46.62418,-23.53809],[-46.62493,-23.53785],[-46.62616,-23.53753]],[[-46.62616,-23.53753],[-46.62695,-23.53732]],[[-46.62695,-23.53732],[-46.62797,-23.53706]],[[-46.62797,-23.53706],[-46.62815,-23.53702]],[[-46.62815,-23.53702],[-46.63253,-23.53587],[-46.63407,-23.5354],[-46.63463,-23.53526]],[[-46.63463,-23.53526],[-46.63589,-23.53494]],[[-46.63589,-23.53494],[-46.636,-23.53491]],[[-46.636,-23.53491],[-46.63721,-23.53462],[-46.63815,-23.53434],[-46.63874,-23.53408],[-46.63933,-23.53372],[-46.64011,-23.53307],[-46.64052,-23.53259],[-46.64091,-23.532],[-46.64149,-23.53092],[-46.64183,-23.53043]],[[-46.64183,-23.53043],[-46.64206,-23.53009]],[[-46.64206,-23.53009],[-46.64218,-23.52993]],[[-46.64218,-23.52993],[-46.64242,-23.52965],[-46.64289,-23.52922],[-46.64358,-23.52872],[-46.64404,-23.52845],[-46.64437,-23.5283],[-46.64502,-23.52806],[-46.64556,-23.52791],[-46.64621,-23.5278],[-46.64721,-23.52776],[-46.65133,-23.52807],[-46.6518,-23.5281],[-46.65236,-23.52809],[-46.65343,-23.52791],[-46.65948,-23.52619],[-46.66069,-23.52595],[-46.66222,-23.52581]],[[-46.66222,-23.52581],[-46.66588,-23.52552]],[[-46.66588,-23.52552],[-46.6674,-23.5254]]]}},{"type":"Feature","properties":{"kind":"track","ref":"12"},"geometry":{"type":"MultiLineString","coordinates":[[[-46.61663,-23.54435],[-46.61546,-23.54601],[-46.61503,-23.54642],[-46.61424,-23.54694],[-46.61391,-23.5471],[-46.61344,-23.5472],[-46.61297,-23.54718],[-46.61205,-23.54705],[-46.61019,-23.54669],[-46.60826,-23.54626],[-46.58498,-23.54168]],[[-46.58498,-23.54168],[-46.58179,-23.54104]],[[-46.58179,-23.54104],[-46.57982,-23.54066]],[[-46.57982,-23.54066],[-46.57752,-23.54019]],[[-46.57752,-23.54019],[-46.57566,-23.53983]],[[-46.57566,-23.53983],[-46.57204,-23.53909],[-46.56191,-23.53711],[-46.55962,-23.53663],[-46.55691,-23.53613]],[[-46.55691,-23.53613],[-46.55626,-23.53599],[-46.55567,-23.53577],[-46.55516,-23.53547],[-46.55472,-23.53503],[-46.55441,-23.53455],[-46.55419,-23.53413],[-46.55357,-23.53277],[-46.55349,-23.53245],[-46.5534,-23.53171]],[[-46.5534,-23.53171],[-46.55338,-23.53122]],[[-46.55338,-23.53122],[-46.55339,-23.52962]],[[-46.55339,-23.52962],[-46.55338,-23.52919]],[[-46.55338,-23.52919],[-46.55335,-23.52666]],[[-46.55335,-23.52666],[-46.55335,-23.52616]],[[-46.55335,-23.52616],[-46.55332,-23.52533],[-46.55317,-23.52462],[-46.55297,-23.52418],[-46.55117,-23.52116],[-46.55103,-23.52084],[-46.55086,-23.52018],[-46.5508,-23.51931],[-46.55075,-23.51744],[-46.55076,-23.51651],[-46.55079,-23.51623],[-46.5509,-23.51581],[-46.55106,-23.51544],[-46.55222,-23.51354],[-46.55246,-23.51309],[-46.55261,-23.51255],[-46.55264,-23.51223],[-46.55261,-23.51185],[-46.55255,-23.51162],[-46.55234,-23.51104],[-46.55218,-23.51077],[-46.55201,-23.51052],[-46.5518,-23.51029],[-46.55154,-23.51007],[-46.55089,-23.50963]],[[-46.55089,-23.50963],[-46.55067,-23.50949]],[[-46.55067,-23.50949],[-46.5504,-23.50933],[-46.54991,-23.50912],[-46.54964,-23.50905],[-46.54899,-23.50896],[-46.54562,-23.50919],[-46.54487,-23.50912],[-46.54455,-23.50902],[-46.54392,-23.50872],[-46.54347,-23.50837],[-46.54325,-23.50815],[-46.54232,-23.507],[-46.5419,-23.50653],[-46.54145,-23.5061],[-46.54086,-23.50567],[-46.53138,-23.50013],[-46.53064,-23.49978],[-46.53015,-23.49965],[-46.52972,-23.49959],[-46.5294,-23.49958],[-46.52707,-23.4997]],[[-46.52707,-23.4997],[-46.52529,-23.49978],[-46.52456,-23.49972],[-46.52415,-23.49964],[-46.52341,-23.4994],[-46.52147,-23.49869]],[[-46.52147,-23.49869],[-46.51528,-23.49642],[-46.51462,-23.49624],[-46.51424,-23.49617],[-46.51207,-23.49603],[-46.51153,-23.49595],[-46.51067,-23.49569],[-46.51022,-23.49548],[-46.50963,-23.49506],[-46.50895,-23.49444],[-46.50764,-23.49316],[-46.50736,-23.49285],[-46.50698,-23.49232]],[[-46.50698,-23.49232],[-46.50684,-23.49202],[-46.50575,-23.48918],[-46.50487,-23.48703],[-46.50453,-23.4865],[-46.50403,-23.48603],[-46.50345,-23.48569],[-46.50277,-23.48548],[-46.5021,-23.48543],[-46.49855,-23.48543],[-46.49819,-23.48539],[-46.49788,-23.48531],[-46.49746,-23.48516],[-46.49698,-23.48488],[-46.49541,-23.4835],[-46.49506,-23.48326],[-46.49448,-23.48293],[-46.49378,-23.48268],[-46.49335,-23.48259],[-46.4925,-23.48254],[-46.49166,-23.48267],[-46.49113,-23.48289],[-46.4888,-23.48433],[-46.48807,-23.4847],[-46.48751,-23.48488],[-46.48677,-23.48505],[-46.48531,-23.48537],[-46.48494,-23.48541],[-46.48427,-23.4854],[-46.48136,-23.48491],[-46.47949,-23.48464],[-46.47554,-23.484],[-46.47498,-23.48383],[-46.47272,-23.48287],[-46.47183,-23.48254],[-46.47127,-23.48247],[-46.47099,-23.48247],[-46.47044,-23.48255],[-46.46913,-23.48291],[-46.46725,-23.48348],[-46.46699,-23.48358],[-46.46652,-23.48384],[-46.46616,-23.48414],[-46.46587,-23.48446],[-46.46415,-23.48685],[-46.46383,-23.4875],[-46.46337,-23.48907],[-46.46308,-23.48976],[-46.46281,-23.49015],[-46.46247,-23.49047],[-46.46216,-23.49069],[-46.46169,-23.49092],[-46.46008,-23.49151],[-46.45942,-23.49173],[-46.45886,-23.49186],[-46.45806,-23.49195],[-46.45591,-23.49208],[-46.45511,-23.49208],[-46.45418,-23.492]],[[-46.45418,-23.492],[-46.45402,-23.49197]],[[-46.45402,-23.49197],[-46.45361,-23.49189]],[[-46.45361,-23.49189],[-46.45323,-23.49181]],[[-46.45323,-23.49181],[-46.44841,-23.4907],[-46.44686,-23.49039],[-46.44576,-23.49033],[-46.4446,-23.49041]],[[-46.4446,-23.49041],[-46.44399,-23.49048]],[[-46.44399,-23.49048],[-46.44272,-23.49061]],[[-46.44272,-23.49061],[-46.44056,-23.49077],[-46.43992,-23.49078]],[[-46.43992,-23.49078],[-46.43607,-23.49118]],[[-46.43607,-23.49118],[-46.4357,-23.49122]],[[-46.4357,-23.49122],[-46.42129,-23.49267]],[[-46.42129,-23.49267],[-46.42077,-23.49272]],[[-46.42077,-23.49272],[-46.41672,-23.49316],[-46.41442,-23.49335],[-46.40714,-23.49408],[-46.40566,-23.49414]],[[-46.40566,-23.49414],[-46.40539,-23.49412]],[[-46.40539,-23.49412],[-46.39763,-23.49365],[-46.39706,-23.49357],[-46.3964,-23.49337],[-46.39558,-23.49291],[-46.39497,-23.49236],[-46.39111,-23.48824],[-46.39028,-23.48745],[-46.38978,-23.48707],[-46.38915,-23.4867],[-46.3815,-23.48282],[-46.38031,-23.48229],[-46.37937,-23.48196],[-46.37848,-23.48169],[-46.37738,-23.48142],[-46.37546,-23.48087],[-46.37333,-23.48035],[-46.36661,-23.47894],[-46.36566,-23.47876],[-46.36478,-23.47867],[-46.36346,-23.47844],[-46.36318,-23.47842],[-46.36225,-23.47852],[-46.35446,-23.47985]],[[-46.35446,-23.47985],[-46.35376,-23.47997],[-46.35298,-23.48018],[-46.35236,-23.48051],[-46.35188,-23.48088],[-46.35164,-23.48114],[-46.35147,-23.48139],[-46.35121,-23.48203],[-46.35079,-23.48323],[-46.35064,-23.48356],[-46.35049,-23.48383],[-46.3501,-23.48433],[-46.34925,-23.48505],[-46.34606,-23.48742],[-46.34539,-23.48786],[-46.34505,-23.48802],[-46.34442,-23.48823],[-46.34412,-23.48829],[-46.34345,-23.48832],[-46.34263,-23.48817],[-46.33981,-23.48734],[-46.33909,-23.48722],[-46.33847,-23.48724],[-46.33782,-23.48742],[-46.3375,-23.48757],[-46.33715,-23.48779],[-46.33688,-23.488],[-46.33662,-23.48826],[-46.33628,-23.48878],[-46.33609,-23.48931],[-46.33603,-23.4896],[-46.33602,-23.49017],[-46.33615,-23.49072],[-46.33639,-23.49126],[-46.33806,-23.49428],[-46.3382,-23.49458],[-46.33845,-23.49537],[-46.33874,-23.49752],[-46.33914,-23.50102],[-46.33914,-23.50185],[-46.33909,-23.50222],[-46.33901,-23.50261],[-46.33788,-23.50651],[-46.33767,-23.50773],[-46.33762,-23.50847],[-46.33765,-23.50948],[-46.33777,-23.51042],[-46.3386,-23.51552],[-46.3386,-23.51617],[-46.33857,-23.51647],[-46.33846,-23.51697],[-46.33826,-23.51749],[-46.33727,-23.51945]],[[-46.33727,-23.51945],[-46.33704,-23.51991]],[[-46.33704,-23.51991],[-46.33688,-23.5203],[-46.33514,-23.52384]],[[-46.33514,-23.52384],[-46.3348,-23.52429],[-46.33441,-23.52465],[-46.33397,-23.52493],[-46.33349,-23.52513]],[[-46.33349,-23.52513],[-46.33258,-23.52543]],[[-46.33533,-23.52353],[-46.33514,-23.52384]],[[-46.33533,-23.52353],[-46.33709,-23.51993]],[[-46.33709,-23.51993],[-46.33731,-23.51946]],[[-46.33731,-23.51946],[-46.33784,-23.51844],[-46.33839,-23.51725],[-46.33853,-23.51689],[-46.33861,-23.51652],[-46.33866,-23.51604],[-46.33866,-23.51566],[-46.33854,-23.51472],[-46.33786,-23.51076],[-46.33771,-23.50962],[-46.33767,-23.5092],[-46.33767,-23.5083],[-46.33777,-23.50738],[-46.3379,-23.50659],[-46.33911,-23.50236],[-46.33923,-23.50159],[-46.33924,-23.50067],[-46.33898,-23.4985],[-46.33881,-23.49762],[-46.33854,-23.49565],[-46.33845,-23.49524],[-46.33813,-23.49433],[-46.33639,-23.49117],[-46.33623,-23.49081],[-46.33608,-23.49025],[-46.33606,-23.48992],[-46.33607,-23.48962],[-46.33625,-23.48894],[-46.33662,-23.48833],[-46.33689,-23.48804],[-46.33713,-23.48784],[-46.3375,-23.4876],[-46.33788,-23.48743],[-46.33846,-23.48728],[-46.33907,-23.48725],[-46.33978,-23.48736],[-46.34232,-23.48813],[-46.34321,-23.48832],[-46.34357,-23.48835],[-46.34433,-23.48828],[-46.34496,-23.48811],[-46.3453,-23.48797],[-46.3477,-23.48636],[-46.3489,-23.48547],[-46.35014,-23.48444],[-46.35053,-23.48389],[-46.3507,-23.48356],[-46.35137,-23.48174],[-46.35152,-23.48141],[-46.35169,-23.48114],[-46.35213,-23.48071],[-46.35268,-23.48036],[-46.35299,-23.48022],[-46.35376,-23.48001],[-46.35593,-23.47962],[-46.36225,-23.47856],[-46.36282,-23.47848],[-46.36319,-23.47847],[-46.36376,-23.47852],[-46.36526,-23.47881],[-46.37489,-23.48076],[-46.37731,-23.48144],[-46.37843,-23.48171],[-46.37985,-23.48216],[-46.38029,-23.48233],[-46.38144,-23.48285],[-46.38395,-23.48409],[-46.38508,-23.48474],[-46.38703,-23.48575],[-46.38799,-23.48616],[-46.38953,-23.48697],[-46.39015,-23.48743],[-46.39081,-23.48803],[-46.39522,-23.49268],[-46.39573,-23.49307],[-46.39622,-23.49336],[-46.39669,-23.49353],[-46.3971,-23.49363],[-46.39758,-23.49369],[-46.39914,-23.49379],[-46.40093,-23.49397],[-46.40217,-23.49406],[-46.4043,-23.49417],[-46.40541,-23.49419]],[[-46.40541,-23.49419],[-46.40568,-23.4942]],[[-46.40568,-23.4942],[-46.40739,-23.49412],[-46.41309,-23.49352],[-46.41665,-23.49325],[-46.42077,-23.49283]],[[-46.42077,-23.49283],[-46.4213,-23.49277]],[[-46.4213,-23.49277],[-46.42398,-23.4925],[-46.42592,-23.49224],[-46.43568,-23.49127]],[[-46.43568,-23.49127],[-46.43605,-23.49123]],[[-46.43605,-23.49123],[-46.43993,-23.49084],[-46.44273,-23.49071]],[[-46.44273,-23.49071],[-46.44448,-23.49054]],[[-46.44448,-23.49054],[-46.44461,-23.49052]],[[-46.44461,-23.49052],[-46.44548,-23.49044],[-46.44644,-23.4904],[-46.44726,-23.49049],[-46.45323,-23.49185]],[[-46.45323,-23.49185],[-46.45361,-23.49193]],[[-46.45361,-23.49193],[-46.45403,-23.492]],[[-46.45403,-23.492],[-46.45417,-23.49203]],[[-46.45417,-23.49203],[-46.45518,-23.49212],[-46.45557,-23.49212],[-46.45734,-23.49204],[-46.4587,-23.49193],[-46.4595,-23.49175],[-46.46036,-23.49146],[-46.46154,-23.49102],[-46.46192,-23.49086],[-46.46227,-23.49067],[-46.46257,-23.49045],[-46.46282,-23.49019],[-46.46305,-23.48991],[-46.46319,-23.48964],[-46.46335,-23.48928],[-46.46385,-23.4876],[-46.46399,-23.48724],[-46.46418,-23.48689],[-46.46586,-23.48459],[-46.46629,-23.48408],[-46.46655,-23.48388],[-46.46689,-23.48368],[-46.46731,-23.48349],[-46.47034,-23.48262],[-46.47082,-23.48252],[-46.47118,-23.48249],[-46.4715,-23.48252],[-46.47204,-23.48265],[-46.47302,-23.48304],[-46.47483,-23.48384],[-46.47562,-23.48407],[-46.47944,-23.48467],[-46.48286,-23.48528],[-46.48386,-23.48544],[-46.48432,-23.48548],[-46.48468,-23.48548],[-46.48546,-23.48538],[-46.48753,-23.48493],[-46.4881,-23.48475],[-46.48883,-23.48437],[-46.49055,-23.4833],[-46.49117,-23.48293],[-46.49143,-23.48281],[-46.4921,-23.48264],[-46.49248,-23.4826],[-46.49324,-23.48264],[-46.4941,-23.48285],[-46.49456,-23.48304],[-46.49502,-23.48329],[-46.49553,-23.48368],[-46.49694,-23.48493],[-46.49731,-23.48516],[-46.49775,-23.48536],[-46.49808,-23.48545],[-46.49871,-23.48554],[-46.50093,-23.48554]],[[-46.50093,-23.48554],[-46.50165,-23.48553]],[[-46.50165,-23.48553],[-46.50246,-23.48553],[-46.50282,-23.48558],[-46.50343,-23.48577],[-46.50401,-23.4861],[-46.50455,-23.48663],[-46.50471,-23.48685],[-46.50503,-23.48754],[-46.50605,-23.49009],[-46.50676,-23.492],[-46.50694,-23.49235],[-46.50732,-23.49288],[-46.5076,-23.49319],[-46.50892,-23.49448],[-46.5096,-23.49509],[-46.5102,-23.49552],[-46.51041,-23.49562],[-46.51093,-23.49584],[-46.51152,-23.496],[-46.51206,-23.49607],[-46.51369,-23.49616],[-46.51461,-23.49629],[-46.51526,-23.49646],[-46.5169,-23.49706]],[[-46.52316,-23.49935],[-46.52203,-23.49894],[-46.52116,-23.49871],[-46.52035,-23.49843],[-46.51864,-23.49779],[-46.51768,-23.49735],[-46.5169,-23.49706]],[[-46.52316,-23.49935],[-46.5242,-23.4997],[-46.52506,-23.49982],[-46.52942,-23.49962],[-46.53017,-23.49969],[-46.53079,-23.49988],[-46.53158,-23.5003],[-46.5376,-23.50381],[-46.54054,-23.50553],[-46.54105,-23.50587],[-46.54172,-23.5064],[-46.54342,-23.5084],[-46.54387,-23.50875],[-46.54419,-23.50892],[-46.54487,-23.50916],[-46.54543,-23.50924],[-46.54886,-23.50899],[-46.54947,-23.50905],[-46.54996,-23.50918],[-46.55064,-23.50952]],[[-46.55064,-23.50952],[-46.55086,-23.50967]],[[-46.55086,-23.50967],[-46.55131,-23.50997],[-46.55177,-23.51033],[-46.55218,-23.51084],[-46.55232,-23.5111],[-46.55245,-23.51145],[-46.55259,-23.51219],[-46.55253,-23.51274],[-46.55243,-23.51305],[-46.55219,-23.5135],[-46.55112,-23.51526],[-46.55089,-23.51573],[-46.55076,-23.51615],[-46.55069,-23.51713],[-46.55075,-23.51961],[-46.5508,-23.52005],[-46.55085,-23.52036],[-46.55098,-23.52083],[-46.55113,-23.52117],[-46.55266,-23.52373],[-46.55307,-23.5245],[-46.55316,-23.52474],[-46.55326,-23.52518],[-46.55331,-23.52612]],[[-46.55331,-23.52612],[-46.55331,-23.52664]],[[-46.55331,-23.52664],[-46.55333,-23.5291]],[[-46.55333,-23.5291],[-46.55334,-23.52962]],[[-46.55334,-23.52962],[-46.55333,-23.53123]],[[-46.55333,-23.53123],[-46.55335,-23.53172]],[[-46.55335,-23.53172],[-46.5534,-23.53234],[-46.55355,-23.53292],[-46.55402,-23.53391],[-46.55457,-23.5349],[-46.55488,-23.53528],[-46.55542,-23.5357],[-46.55588,-23.5359],[-46.55621,-23.536]],[[-46.55621,-23.536],[-46.55668,-23.53613],[-46.57209,-23.53914],[-46.57437,-23.5397],[-46.57563,-23.53997]],[[-46.57563,-23.53997],[-46.57749,-23.54034]],[[-46.57749,-23.54034],[-46.57799,-23.54044],[-46.57981,-23.54069]],[[-46.57981,-23.54069],[-46.58179,-23.54108]],[[-46.58179,-23.54108],[-46.58541,-23.54181]],[[-46.58541,-23.54181],[-46.58613,-23.54195]],[[-46.58613,-23.54195],[-46.60745,-23.54614],[-46.612,-23.54709],[-46.61314,-23.54724],[-46.6136,-23.54722],[-46.61405,-23.54708],[-46.61429,-23.54696],[-46.615,-23.54651]],[[-46.615,-23.54651],[-46.61548,-23.54605],[-46.61666,-23.54437]]]}},{"type":"Feature","properties":{"kind":"track","ref":"13"},"geometry":{"type":"MultiLineString","coordinates":[[[-46.51917,-23.49768],[-46.51848,-23.49743],[-46.51761,-23.49719],[-46.51531,-23.49635],[-46.51464,-23.49616],[-46.51424,-23.49608],[-46.51208,-23.49594],[-46.51155,-23.49586],[-46.51098,-23.49571],[-46.51028,-23.49541],[-46.5097,-23.49499],[-46.50902,-23.49438],[-46.50771,-23.4931],[-46.50744,-23.49279],[-46.50707,-23.49228],[-46.50681,-23.49166]],[[-46.50681,-23.49166],[-46.50655,-23.49085],[-46.50575,-23.48759],[-46.50542,-23.4864],[-46.5049,-23.48505],[-46.50445,-23.48418],[-46.50386,-23.48321],[-46.49976,-23.47768],[-46.49878,-23.47646],[-46.49808,-23.47576],[-46.49739,-23.47519],[-46.49671,-23.4747],[-46.49579,-23.47412],[-46.4945,-23.47346]],[[-46.4945,-23.47346],[-46.49377,-23.47305],[-46.49315,-23.47255],[-46.49276,-23.47219],[-46.49219,-23.47161],[-46.49175,-23.47096],[-46.49149,-23.4705]],[[-46.49149,-23.4705],[-46.49123,-23.46993],[-46.4911,-23.46957],[-46.49097,-23.46906],[-46.48956,-23.46285],[-46.48918,-23.46072],[-46.48911,-23.45987],[-46.48913,-23.45909],[-46.48926,-23.4583],[-46.48943,-23.45771],[-46.48962,-23.45721],[-46.49236,-23.45068],[-46.49335,-23.44849],[-46.49472,-23.44521],[-46.49499,-23.44435],[-46.49511,-23.44376],[-46.49517,-23.44312],[-46.49518,-23.44251],[-46.49515,-23.44202],[-46.4951,-23.44152],[-46.49431,-23.43634]],[[-46.49431,-23.43634],[-46.49421,-23.43562]],[[-46.49421,-23.43562],[-46.4941,-23.43512]],[[-46.49371,-23.43268],[-46.4941,-23.43512]],[[-46.4941,-23.43512],[-46.49433,-23.43671]],[[-46.49433,-23.43671],[-46.4951,-23.44202],[-46.49513,-23.44251],[-46.49502,-23.44376],[-46.49488,-23.44434],[-46.49468,-23.44496],[-46.4934,-23.44798],[-46.49199,-23.45148],[-46.49147,-23.45265],[-46.48937,-23.45769],[-46.4892,-23.45829],[-46.48907,-23.45908],[-46.48906,-23.45988],[-46.48913,-23.46072],[-46.48954,-23.46289],[-46.49057,-23.46756],[-46.49095,-23.4691],[-46.49107,-23.46958],[-46.49144,-23.47051]],[[-46.49144,-23.47051],[-46.49213,-23.4716],[-46.49271,-23.47221],[-46.49311,-23.4726],[-46.49372,-23.47307],[-46.49447,-23.47351]],[[-46.49447,-23.47351],[-46.49577,-23.47417],[-46.49668,-23.47474],[-46.49736,-23.47522],[-46.49804,-23.47579],[-46.49874,-23.47649],[-46.49971,-23.47771],[-46.50382,-23.48324],[-46.50441,-23.4842],[-46.50485,-23.48507],[-46.50514,-23.48577],[-46.50536,-23.48641],[-46.50569,-23.4876],[-46.50635,-23.49018],[-46.5065,-23.49087],[-46.50677,-23.49167]],[[-46.50677,-23.49167],[-46.50702,-23.4923],[-46.5074,-23.49282],[-46.50767,-23.49313],[-46.50966,-23.49503],[-46.51025,-23.49545],[-46.51097,-23.49575],[-46.51154,-23.49591],[-46.51207,-23.49598],[-46.51369,-23.49607],[-46.51424,-23.49613],[-46.51493,-23.49627],[-46.51598,-23.49663],[-46.52042,-23.49827]]]}},{"type":"Feature","properties":{"kind":"track","ref":"15"},"geometry":{"type":"MultiLineString","coordinates":[[[-46.46879,-23.59884],[-46.46961,-23.59959],[-46.47003,-23.60014],[-46.4702,-23.60047],[-46.47036,-23.60095],[-46.47103,-23.60475],[-46.47125,-23.60573],[-46.47156,-23.60627],[-46.4721,-23.60696],[-46.47233,-23.6074],[-46.47264,-23.60854],[-46.47278,-23.60885],[-46.47302,-23.60918],[-46.4733,-23.60945],[-46.47435,-23.61011],[-46.47466,-23.61036],[-46.475,-23.61075],[-46.47536,-23.61128]],[[-46.47536,-23.61128],[-46.4757,-23.61164],[-46.476,-23.61183],[-46.47616,-23.61189],[-46.47866,-23.61245]],[[-46.47866,-23.61245],[-46.47944,-23.61264],[-46.47978,-23.61267],[-46.4802,-23.61266],[-46.4811,-23.61254],[-46.48238,-23.6125],[-46.48259,-23.61245],[-46.48288,-23.61231],[-46.48306,-23.61218],[-46.48329,-23.61182],[-46.48351,-23.61126],[-46.48363,-23.61104],[-46.48379,-23.61082],[-46.48399,-23.61065],[-46.48419,-23.6105],[-46.48446,-23.61037],[-46.48488,-23.61028],[-46.48519,-23.61027]],[[-46.48519,-23.61027],[-46.4855,-23.61031],[-46.48591,-23.61044],[-46.48619,-23.61061],[-46.48845,-23.6126],[-46.48877,-23.61278],[-46.48906,-23.61288],[-46.48943,-23.61293],[-46.49088,-23.61281],[-46.4922,-23.61301],[-46.4927,-23.61304],[-46.49307,-23.61298],[-46.49366,-23.61279],[-46.49408,-23.61274],[-46.49429,-23.61275],[-46.49471,-23.61289],[-46.49506,-23.61309],[-46.4953,-23.61335],[-46.49556,-23.61374],[-46.49572,-23.6139],[-46.49592,-23.61403],[-46.49632,-23.61418],[-46.49658,-23.61421],[-46.49749,-23.61415],[-46.49787,-23.61416],[-46.50182,-23.61482],[-46.50214,-23.61483],[-46.50246,-23.61476],[-46.50287,-23.61453],[-46.50336,-23.614],[-46.50365,-23.61356],[-46.50425,-23.61249],[-46.50432,-23.61227],[-46.50435,-23.61185],[-46.50432,-23.61161],[-46.50414,-23.61097],[-46.50411,-23.6107],[-46.50413,-23.61051],[-46.50422,-23.61026],[-46.50436,-23.61],[-46.50474,-23.60966],[-46.50636,-23.60844]],[[-46.50636,-23.60844],[-46.50653,-23.60825]],[[-46.50653,-23.60825],[-46.50682,-23.60781],[-46.507,-23.60739],[-46.50723,-23.60699],[-46.50883,-23.60489],[-46.50911,-23.60461],[-46.50927,-23.60452],[-46.50961,-23.60444],[-46.50987,-23.60444],[-46.51037,-23.6045],[-46.51065,-23.60446],[-46.51084,-23.60437],[-46.5119,-23.60367],[-46.51241,-23.60348]],[[-46.51241,-23.60348],[-46.51316,-23.60329],[-46.51508,-23.60297]],[[-46.51508,-23.60297],[-46.51604,-23.60285]],[[-46.51604,-23.60285],[-46.51794,-23.60255],[-46.51841,-23.60253],[-46.51962,-23.60255],[-46.52049,-23.60251],[-46.52534,-23.60179],[-46.52572,-23.60166],[-46.52619,-23.60145],[-46.52662,-23.60118],[-46.52823,-23.60003],[-46.52852,-23.59987],[-46.52921,-23.5996],[-46.53476,-23.59781],[-46.53549,-23.59741],[-46.53603,-23.59696],[-46.53656,-23.59641],[-46.53705,-23.59598],[-46.53868,-23.59432],[-46.53983,-23.5932],[-46.5409,-23.59244],[-46.54249,-23.59149],[-46.54279,-23.59125],[-46.54305,-23.59098]],[[-46.54305,-23.59098],[-46.54348,-23.59046],[-46.54502,-23.58833],[-46.5456,-23.58766],[-46.54913,-23.58467],[-46.54952,-23.5844],[-46.54996,-23.58415],[-46.55285,-23.58294],[-46.55374,-23.5827],[-46.55866,-23.58173],[-46.55915,-23.58169],[-46.56022,-23.58176]],[[-46.56022,-23.58176],[-46.56335,-23.5824],[-46.56855,-23.58289],[-46.57268,-23.58282],[-46.57326,-23.58286],[-46.57418,-23.58306],[-46.57475,-23.58326],[-46.57672,-23.58408],[-46.57724,-23.58423],[-46.58101,-23.58482]],[[-46.58101,-23.58482],[-46.58198,-23.58497],[-46.58228,-23.58498],[-46.5826,-23.58489],[-46.58436,-23.58419],[-46.58466,-23.58415],[-46.58556,-23.58416],[-46.58581,-23.58419],[-46.58627,-23.58433],[-46.5868,-23.58458],[-46.5875,-23.58499]],[[-46.58747,-23.58503],[-46.58677,-23.58463],[-46.58626,-23.58438],[-46.58579,-23.58423],[-46.58552,-23.5842],[-46.58464,-23.58421],[-46.58273,-23.58498],[-46.58248,-23.58505],[-46.58223,-23.58506],[-46.58097,-23.58487]],[[-46.58097,-23.58487],[-46.57724,-23.58426],[-46.57692,-23.58418],[-46.57474,-23.58329],[-46.57417,-23.58309],[-46.57325,-23.58289],[-46.57268,-23.58285],[-46.56855,-23.58292],[-46.56268,-23.58237],[-46.56101,-23.58202],[-46.56022,-23.58179]],[[-46.56022,-23.58179],[-46.55985,-23.58175],[-46.55894,-23.58174],[-46.55375,-23.58274],[-46.55287,-23.58298],[-46.55242,-23.58315],[-46.54998,-23.58418],[-46.54955,-23.58443],[-46.5488,-23.58499],[-46.54597,-23.5874],[-46.54567,-23.58769],[-46.54537,-23.58803],[-46.54392,-23.58997],[-46.54308,-23.591]],[[-46.54308,-23.591],[-46.54282,-23.59128],[-46.54251,-23.59151],[-46.54053,-23.59271],[-46.53985,-23.59323],[-46.53945,-23.59359],[-46.53871,-23.59434],[-46.53812,-23.59507],[-46.53617,-23.59699],[-46.53585,-23.59726],[-46.53515,-23.59766],[-46.53477,-23.59784],[-46.52922,-23.59963],[-46.52893,-23.59975],[-46.52829,-23.60013],[-46.52735,-23.60082],[-46.52656,-23.60134],[-46.52613,-23.60157],[-46.52552,-23.6018],[-46.5205,-23.60254],[-46.51799,-23.60261],[-46.51605,-23.60294]],[[-46.51605,-23.60294],[-46.5151,-23.60307]],[[-46.5151,-23.60307],[-46.514,-23.60319],[-46.51242,-23.60353]],[[-46.51242,-23.60353],[-46.51217,-23.6036],[-46.51193,-23.60371],[-46.51085,-23.60441],[-46.51063,-23.6045],[-46.51037,-23.60454],[-46.50963,-23.60447],[-46.50937,-23.60453],[-46.50915,-23.60464],[-46.509,-23.60476],[-46.50857,-23.60531]],[[-46.50857,-23.60531],[-46.50805,-23.60608],[-46.50741,-23.60695]],[[-46.50741,-23.60695],[-46.50656,-23.60829]],[[-46.50656,-23.60829],[-46.50613,-23.60868],[-46.50462,-23.60979],[-46.50435,-23.61007],[-46.5042,-23.61034],[-46.50414,-23.61069],[-46.50417,-23.61099],[-46.50434,-23.61158],[-46.50438,-23.61186],[-46.50436,-23.61229],[-46.5043,-23.61247],[-46.50384,-23.61332],[-46.50339,-23.61404],[-46.50275,-23.61468],[-46.50241,-23.61484],[-46.5022,-23.6149],[-46.50168,-23.6149],[-46.50118,-23.61482],[-46.50008,-23.61463],[-46.49895,-23.61435],[-46.49802,-23.6142],[-46.49742,-23.61419],[-46.49656,-23.61423],[-46.49632,-23.61421],[-46.49583,-23.61402],[-46.49566,-23.61389],[-46.49546,-23.61368],[-46.49506,-23.61316],[-46.49486,-23.613],[-46.49435,-23.6128],[-46.49389,-23.6128],[-46.49298,-23.61305],[-46.49272,-23.61308],[-46.49214,-23.61304],[-46.49116,-23.61287],[-46.49085,-23.61285],[-46.49045,-23.61285],[-46.4894,-23.61297],[-46.48914,-23.61298],[-46.4889,-23.61293],[-46.4887,-23.61287],[-46.48828,-23.61262],[-46.48709,-23.61154],[-46.48617,-23.61062],[-46.48591,-23.61047],[-46.48568,-23.61039],[-46.48547,-23.61033],[-46.48519,-23.6103],[-46.48487,-23.61032],[-46.48464,-23.61037],[-46.48413,-23.61059],[-46.48389,-23.61077],[-46.48361,-23.61114],[-46.48331,-23.61188],[-46.4832,-23.61206],[-46.48288,-23.61236],[-46.48265,-23.61248],[-46.48243,-23.61253],[-46.48114,-23.61258],[-46.47984,-23.61274]],[[-46.47984,-23.61274],[-46.47955,-23.61279],[-46.47922,-23.6128],[-46.47898,-23.61279],[-46.47856,-23.6127]],[[-46.47856,-23.6127],[-46.47639,-23.61219],[-46.47599,-23.612],[-46.47572,-23.6118],[-46.47554,-23.61161],[-46.47532,-23.61129]],[[-46.47532,-23.61129],[-46.47482,-23.6106],[-46.47463,-23.61039],[-46.47443,-23.61022],[-46.47331,-23.60951],[-46.47297,-23.60918],[-46.47272,-23.60882],[-46.47257,-23.60848],[-46.47232,-23.60751],[-46.47223,-23.60729],[-46.47195,-23.60684],[-46.47139,-23.60612],[-46.47113,-23.60554],[-46.47026,-23.60078],[-46.47006,-23.60037],[-46.46984,-23.60004],[-46.46867,-23.59895]]]}},{"type":"Feature","properties":{"kind":"track","ref":"17"},"geometry":{"type":"MultiLineString","coordinates":[[[-46.66201,-23.62716],[-46.66204,-23.62726]],[[-46.66204,-23.62726],[-46.66219,-23.62763],[-46.66231,-23.62784],[-46.6625,-23.628],[-46.66267,-23.62807],[-46.66595,-23.62898],[-46.66742,-23.62935],[-46.66787,-23.62957],[-46.66835,-23.62994],[-46.66865,-23.63027],[-46.66911,-23.631],[-46.66954,-23.63193],[-46.66978,-23.63219],[-46.67003,-23.63232],[-46.67023,-23.63235],[-46.67042,-23.63232],[-46.67065,-23.63223],[-46.67082,-23.63211],[-46.6722,-23.6308],[-46.67247,-23.63059]],[[-46.67247,-23.63059],[-46.67336,-23.62972]],[[-46.67336,-23.62972],[-46.67374,-23.62932]],[[-46.67374,-23.62932],[-46.67446,-23.62853],[-46.67533,-23.62735],[-46.67604,-23.62624],[-46.67652,-23.62538],[-46.67719,-23.62405],[-46.67773,-23.62325],[-46.67823,-23.62263],[-46.67899,-23.62186],[-46.67939,-23.62152],[-46.67983,-23.62122],[-46.68097,-23.62032],[-46.68381,-23.61819],[-46.68517,-23.61725],[-46.68584,-23.61684],[-46.68659,-23.61643],[-46.6877,-23.6159],[-46.6893,-23.61527],[-46.69,-23.61507]],[[-46.69,-23.61507],[-46.69073,-23.61487],[-46.69198,-23.61484],[-46.69216,-23.61481],[-46.69501,-23.61399],[-46.69738,-23.61369],[-46.69829,-23.61351],[-46.69871,-23.61353],[-46.69907,-23.61369],[-46.69923,-23.61386],[-46.69929,-23.61398],[-46.69991,-23.61672],[-46.70001,-23.61699],[-46.7002,-23.61729],[-46.70032,-23.61756],[-46.7005,-23.61809]],[[-46.7005,-23.61809],[-46.70061,-23.61864],[-46.70072,-23.61962],[-46.70093,-23.62027]],[[-46.70093,-23.62027],[-46.7012,-23.62077],[-46.70152,-23.62121],[-46.70206,-23.62179],[-46.70254,-23.62219]],[[-46.70254,-23.62219],[-46.70298,-23.62254]],[[-46.70256,-23.62228],[-46.7025,-23.62222]],[[-46.7025,-23.62222],[-46.70209,-23.62189],[-46.70148,-23.62125],[-46.70114,-23.62079],[-46.701,-23.62055]],[[-46.701,-23.62055],[-46.70087,-23.6203],[-46.70071,-23.61986],[-46.70066,-23.61963],[-46.70052,-23.61838],[-46.70037,-23.61783],[-46.70029,-23.61769]],[[-46.70029,-23.61769],[-46.70014,-23.6173],[-46.6999,-23.61688],[-46.69979,-23.61655],[-46.69923,-23.61401],[-46.69907,-23.61377],[-46.69878,-23.6136],[-46.69838,-23.61355],[-46.6982,-23.61356],[-46.69657,-23.61391],[-46.69452,-23.61419],[-46.69216,-23.61487],[-46.69069,-23.61492],[-46.69015,-23.61507]],[[-46.69015,-23.61507],[-46.68838,-23.6157],[-46.68698,-23.61632],[-46.6863,-23.61667],[-46.68527,-23.61729],[-46.68427,-23.61797],[-46.68217,-23.61955],[-46.68091,-23.62044],[-46.67945,-23.62158],[-46.67838,-23.62261],[-46.67769,-23.62342],[-46.67722,-23.62419],[-46.67618,-23.62618],[-46.67575,-23.62688],[-46.67424,-23.62893],[-46.6738,-23.62938]],[[-46.6738,-23.62938],[-46.67342,-23.62978]],[[-46.67342,-23.62978],[-46.67252,-23.63061]],[[-46.67252,-23.63061],[-46.67229,-23.63092],[-46.67108,-23.63209],[-46.67086,-23.63224],[-46.67064,-23.63234],[-46.67026,-23.63244],[-46.66993,-23.63237],[-46.66972,-23.63224],[-46.66962,-23.63214]],[[-46.66962,-23.63214],[-46.66945,-23.63188],[-46.66907,-23.63103],[-46.66873,-23.63048],[-46.66841,-23.63007],[-46.66812,-23.6298],[-46.66788,-23.62963],[-46.66764,-23.62949],[-46.66705,-23.62928],[-46.66598,-23.62904],[-46.66321,-23.62829],[-46.66247,-23.62805],[-46.66232,-23.62796],[-46.66216,-23.6278],[-46.66203,-23.62757],[-46.66193,-23.62729]],[[-46.66193,-23.62729],[-46.66179,-23.62685]]]}},{"type":"Feature","properties":{"kind":"station","name":"Capão Redondo","refs":["5"]},"geometry":{"type":"Point","coordinates":[-46.76775,-23.65886]}},{"type":"Feature","properties":{"kind":"station","name":"Campo Limpo","refs":["5"]},"geometry":{"type":"Point","coordinates":[-46.75873,-23.64888]}},{"type":"Feature","properties":{"kind":"station","name":"Vila das Belezas","refs":["5"]},"geometry":{"type":"Point","coordinates":[-46.74577,-23.64028]}},{"type":"Feature","properties":{"kind":"station","name":"Giovanni Gronchi","refs":["5"]},"geometry":{"type":"Point","coordinates":[-46.73373,-23.64404]}},{"type":"Feature","properties":{"kind":"station","name":"Santo Amaro","refs":["5","9"]},"geometry":{"type":"Point","coordinates":[-46.72092,-23.65569]}},{"type":"Feature","properties":{"kind":"station","name":"Largo Treze","refs":["5"]},"geometry":{"type":"Point","coordinates":[-46.71012,-23.65447]}},{"type":"Feature","properties":{"kind":"station","name":"Adolfo Pinheiro - Unisa","refs":["5"]},"geometry":{"type":"Point","coordinates":[-46.70419,-23.65008]}},{"type":"Feature","properties":{"kind":"station","name":"Alto da Boa Vista","refs":["5"]},"geometry":{"type":"Point","coordinates":[-46.69917,-23.64129]}},{"type":"Feature","properties":{"kind":"station","name":"Borba Gato","refs":["5"]},"geometry":{"type":"Point","coordinates":[-46.69287,-23.63356]}},{"type":"Feature","properties":{"kind":"station","name":"Brooklin","refs":["5"]},"geometry":{"type":"Point","coordinates":[-46.68794,-23.62664]}},{"type":"Feature","properties":{"kind":"station","name":"Campo Belo","refs":["5","17"]},"geometry":{"type":"Point","coordinates":[-46.68225,-23.61875]}},{"type":"Feature","properties":{"kind":"station","name":"Eucaliptos","refs":["5"]},"geometry":{"type":"Point","coordinates":[-46.66851,-23.60976]}},{"type":"Feature","properties":{"kind":"station","name":"Moema","refs":["5"]},"geometry":{"type":"Point","coordinates":[-46.66218,-23.60386]}},{"type":"Feature","properties":{"kind":"station","name":"AACD – Servidor","refs":["5"]},"geometry":{"type":"Point","coordinates":[-46.65231,-23.59785]}},{"type":"Feature","properties":{"kind":"station","name":"Hospital São Paulo","refs":["5"]},"geometry":{"type":"Point","coordinates":[-46.64557,-23.59821]}},{"type":"Feature","properties":{"kind":"station","name":"Santa Cruz","refs":["1","5"]},"geometry":{"type":"Point","coordinates":[-46.63723,-23.59853]}},{"type":"Feature","properties":{"kind":"station","name":"Chácara Klabin","refs":["2","5"]},"geometry":{"type":"Point","coordinates":[-46.63091,-23.59295]}},{"type":"Feature","properties":{"kind":"station","name":"Palmeiras - Barra Funda","refs":["3"]},"geometry":{"type":"Point","coordinates":[-46.66746,-23.52603]}},{"type":"Feature","properties":{"kind":"station","name":"Marechal Deodoro","refs":["3"]},"geometry":{"type":"Point","coordinates":[-46.65578,-23.53391]}},{"type":"Feature","properties":{"kind":"station","name":"Santa Cecília","refs":["3"]},"geometry":{"type":"Point","coordinates":[-46.64897,-23.53934]}},{"type":"Feature","properties":{"kind":"station","name":"República","refs":["3","4"]},"geometry":{"type":"Point","coordinates":[-46.64303,-23.54412]}},{"type":"Feature","properties":{"kind":"station","name":"Anhangabaú","refs":["3"]},"geometry":{"type":"Point","coordinates":[-46.63903,-23.54801]}},{"type":"Feature","properties":{"kind":"station","name":"Sé","refs":["1","3"]},"geometry":{"type":"Point","coordinates":[-46.63292,-23.55076]}},{"type":"Feature","properties":{"kind":"station","name":"Pedro II","refs":["3"]},"geometry":{"type":"Point","coordinates":[-46.62594,-23.54972]}},{"type":"Feature","properties":{"kind":"station","name":"Brás","refs":["3","10","11","12"]},"geometry":{"type":"Point","coordinates":[-46.6158,-23.54792]}},{"type":"Feature","properties":{"kind":"station","name":"Bresser-Mooca","refs":["3"]},"geometry":{"type":"Point","coordinates":[-46.60704,-23.54641]}},{"type":"Feature","properties":{"kind":"station","name":"Belém","refs":["3"]},"geometry":{"type":"Point","coordinates":[-46.58953,-23.54298]}},{"type":"Feature","properties":{"kind":"station","name":"Tatuapé","refs":["3","11","12"]},"geometry":{"type":"Point","coordinates":[-46.57645,-23.54055]}},{"type":"Feature","properties":{"kind":"station","name":"Carrão – Assaí Atacadista","refs":["3"]},"geometry":{"type":"Point","coordinates":[-46.56426,-23.53794]}},{"type":"Feature","properties":{"kind":"station","name":"Penha - Lojas Besni","refs":["3"]},"geometry":{"type":"Point","coordinates":[-46.54249,-23.53359]}},{"type":"Feature","properties":{"kind":"station","name":"Vila Matilde","refs":["3"]},"geometry":{"type":"Point","coordinates":[-46.53087,-23.53196]}},{"type":"Feature","properties":{"kind":"station","name":"Guilhermina-Esperança","refs":["3"]},"geometry":{"type":"Point","coordinates":[-46.5166,-23.5294]}},{"type":"Feature","properties":{"kind":"station","name":"Patriarca • Vila Ré","refs":["3"]},"geometry":{"type":"Point","coordinates":[-46.50156,-23.53119]}},{"type":"Feature","properties":{"kind":"station","name":"Artur Alvim","refs":["3"]},"geometry":{"type":"Point","coordinates":[-46.48472,-23.54031]}},{"type":"Feature","properties":{"kind":"station","name":"Corinthians-Itaquera","refs":["3","11"]},"geometry":{"type":"Point","coordinates":[-46.47107,-23.54234]}},{"type":"Feature","properties":{"kind":"station","name":"Vila Prudente","refs":["2","15"]},"geometry":{"type":"Point","coordinates":[-46.58196,-23.58442]}},{"type":"Feature","properties":{"kind":"station","name":"Tamanduateí","refs":["2"]},"geometry":{"type":"Point","coordinates":[-46.58957,-23.59279]}},{"type":"Feature","properties":{"kind":"station","name":"Sacomã","refs":["2"]},"geometry":{"type":"Point","coordinates":[-46.60258,-23.60126]}},{"type":"Feature","properties":{"kind":"station","name":"Alto do Ipiranga","refs":["2"]},"geometry":{"type":"Point","coordinates":[-46.61246,-23.60221]}},{"type":"Feature","properties":{"kind":"station","name":"Santos - Imigrantes","refs":["2"]},"geometry":{"type":"Point","coordinates":[-46.62095,-23.59574]}},{"type":"Feature","properties":{"kind":"station","name":"Ana Rosa","refs":["1","2"]},"geometry":{"type":"Point","coordinates":[-46.63843,-23.58139]}},{"type":"Feature","properties":{"kind":"station","name":"Paraíso","refs":["1","2"]},"geometry":{"type":"Point","coordinates":[-46.6409,-23.57535]}},{"type":"Feature","properties":{"kind":"station","name":"Brigadeiro","refs":["2"]},"geometry":{"type":"Point","coordinates":[-46.64768,-23.56854]}},{"type":"Feature","properties":{"kind":"station","name":"Trianon-Masp","refs":["2"]},"geometry":{"type":"Point","coordinates":[-46.65419,-23.56324]}},{"type":"Feature","properties":{"kind":"station","name":"Consolação","refs":["2"]},"geometry":{"type":"Point","coordinates":[-46.66049,-23.55774]}},{"type":"Feature","properties":{"kind":"station","name":"Clínicas","refs":["2"]},"geometry":{"type":"Point","coordinates":[-46.67095,-23.55398]}},{"type":"Feature","properties":{"kind":"station","name":"Santuário Nossa Senhora de Fátima - Sumaré","refs":["2"]},"geometry":{"type":"Point","coordinates":[-46.67766,-23.55095]}},{"type":"Feature","properties":{"kind":"station","name":"Vila Madalena","refs":["2"]},"geometry":{"type":"Point","coordinates":[-46.69078,-23.54643]}},{"type":"Feature","properties":{"kind":"station","name":"Luz","refs":["1","4","10","11"]},"geometry":{"type":"Point","coordinates":[-46.63455,-23.53624]}},{"type":"Feature","properties":{"kind":"station","name":"Higienópolis-Mackenzie (Linha 4)","refs":["4"]},"geometry":{"type":"Point","coordinates":[-46.6523,-23.54894]}},{"type":"Feature","properties":{"kind":"station","name":"Paulista","refs":["4"]},"geometry":{"type":"Point","coordinates":[-46.66231,-23.55522]}},{"type":"Feature","properties":{"kind":"station","name":"Oscar Freire","refs":["4"]},"geometry":{"type":"Point","coordinates":[-46.67196,-23.56068]}},{"type":"Feature","properties":{"kind":"station","name":"Fradique Coutinho","refs":["4"]},"geometry":{"type":"Point","coordinates":[-46.68419,-23.56622]}},{"type":"Feature","properties":{"kind":"station","name":"Faria Lima - PagBank","refs":["4"]},"geometry":{"type":"Point","coordinates":[-46.69402,-23.5672]}},{"type":"Feature","properties":{"kind":"station","name":"Pinheiros","refs":["4","9"]},"geometry":{"type":"Point","coordinates":[-46.70195,-23.56721]}},{"type":"Feature","properties":{"kind":"station","name":"Butantã","refs":["4"]},"geometry":{"type":"Point","coordinates":[-46.70809,-23.57182]}},{"type":"Feature","properties":{"kind":"station","name":"São Paulo – Morumbi","refs":["4"]},"geometry":{"type":"Point","coordinates":[-46.72381,-23.58622]}},{"type":"Feature","properties":{"kind":"station","name":"Vila Sônia - Professora Elizabeth Tenreiro","refs":["4"]},"geometry":{"type":"Point","coordinates":[-46.73482,-23.59342]}},{"type":"Feature","properties":{"kind":"station","name":"Itapevi","refs":["8"]},"geometry":{"type":"Point","coordinates":[-46.93515,-23.54566]}},{"type":"Feature","properties":{"kind":"station","name":"Engenheiro Cardoso","refs":["8"]},"geometry":{"type":"Point","coordinates":[-46.92861,-23.53527]}},{"type":"Feature","properties":{"kind":"station","name":"Sagrado Coração","refs":["8"]},"geometry":{"type":"Point","coordinates":[-46.91727,-23.5292]}},{"type":"Feature","properties":{"kind":"station","name":"Jandira","refs":["8"]},"geometry":{"type":"Point","coordinates":[-46.9023,-23.52764]}},{"type":"Feature","properties":{"kind":"station","name":"Jardim Silveira","refs":["8"]},"geometry":{"type":"Point","coordinates":[-46.89344,-23.52349]}},{"type":"Feature","properties":{"kind":"station","name":"Jardim Belval","refs":["8"]},"geometry":{"type":"Point","coordinates":[-46.88903,-23.51296]}},{"type":"Feature","properties":{"kind":"station","name":"Barueri","refs":["8"]},"geometry":{"type":"Point","coordinates":[-46.87424,-23.51259]}},{"type":"Feature","properties":{"kind":"station","name":"Antônio João","refs":["8"]},"geometry":{"type":"Point","coordinates":[-46.85801,-23.51726]}},{"type":"Feature","properties":{"kind":"station","name":"Santa Terezinha","refs":["8"]},"geometry":{"type":"Point","coordinates":[-46.84803,-23.51668]}},{"type":"Feature","properties":{"kind":"station","name":"Carapicuíba","refs":["8"]},"geometry":{"type":"Point","coordinates":[-46.83463,-23.51919]}},{"type":"Feature","properties":{"kind":"station","name":"General Miguel Costa","refs":["8"]},"geometry":{"type":"Point","coordinates":[-46.81582,-23.52355]}},{"type":"Feature","properties":{"kind":"station","name":"Quitaúna","refs":["8"]},"geometry":{"type":"Point","coordinates":[-46.80707,-23.52276]}},{"type":"Feature","properties":{"kind":"station","name":"Comandante Sampaio","refs":["8"]},"geometry":{"type":"Point","coordinates":[-46.79534,-23.52584]}},{"type":"Feature","properties":{"kind":"station","name":"Osasco","refs":["8","9"]},"geometry":{"type":"Point","coordinates":[-46.77592,-23.52783]}},{"type":"Feature","properties":{"kind":"station","name":"Presidente Altino","refs":["8","9"]},"geometry":{"type":"Point","coordinates":[-46.76167,-23.53135]}},{"type":"Feature","properties":{"kind":"station","name":"Imperatriz Leopoldina","refs":["8"]},"geometry":{"type":"Point","coordinates":[-46.73672,-23.5231]}},{"type":"Feature","properties":{"kind":"station","name":"Domingos de Moraes","refs":["8"]},"geometry":{"type":"Point","coordinates":[-46.72146,-23.51885]}},{"type":"Feature","properties":{"kind":"station","name":"Lapa - Senac","refs":["8"]},"geometry":{"type":"Point","coordinates":[-46.69841,-23.52035]}},{"type":"Feature","properties":{"kind":"station","name":"Palmeiras-Barra Funda","refs":["7","8","10","11"]},"geometry":{"type":"Point","coordinates":[-46.66637,-23.52593]}},{"type":"Feature","properties":{"kind":"station","name":"Varginha","refs":["9"]},"geometry":{"type":"Point","coordinates":[-46.71188,-23.7702]}},{"type":"Feature","properties":{"kind":"station","name":"Mendes-Vila Natal","refs":["9"]},"geometry":{"type":"Point","coordinates":[-46.70919,-23.75424]}},{"type":"Feature","properties":{"kind":"station","name":"Grajaú","refs":["9"]},"geometry":{"type":"Point","coordinates":[-46.69687,-23.7363]}},{"type":"Feature","properties":{"kind":"station","name":"Primavera-Interlagos","refs":["9"]},"geometry":{"type":"Point","coordinates":[-46.69175,-23.72231]}},{"type":"Feature","properties":{"kind":"station","name":"Autódromo","refs":["9"]},"geometry":{"type":"Point","coordinates":[-46.68826,-23.706]}},{"type":"Feature","properties":{"kind":"station","name":"Jurubatuba - Senac","refs":["9"]},"geometry":{"type":"Point","coordinates":[-46.70237,-23.67718]}},{"type":"Feature","properties":{"kind":"station","name":"Socorro","refs":["9"]},"geometry":{"type":"Point","coordinates":[-46.71138,-23.66235]}},{"type":"Feature","properties":{"kind":"station","name":"João Dias","refs":["9"]},"geometry":{"type":"Point","coordinates":[-46.7229,-23.63935]}},{"type":"Feature","properties":{"kind":"station","name":"Granja Julieta","refs":["9"]},"geometry":{"type":"Point","coordinates":[-46.71155,-23.62716]}},{"type":"Feature","properties":{"kind":"station","name":"Morumbi - Claro","refs":["9"]},"geometry":{"type":"Point","coordinates":[-46.70095,-23.62082]}},{"type":"Feature","properties":{"kind":"station","name":"Berrini - Casas Bahia","refs":["9"]},"geometry":{"type":"Point","coordinates":[-46.69649,-23.60404]}},{"type":"Feature","properties":{"kind":"station","name":"Vila Olímpia","refs":["9"]},"geometry":{"type":"Point","coordinates":[-46.69253,-23.59276]}},{"type":"Feature","properties":{"kind":"station","name":"Cidade Jardim","refs":["9"]},"geometry":{"type":"Point","coordinates":[-46.69113,-23.58515]}},{"type":"Feature","properties":{"kind":"station","name":"Hebraica-Rebouças","refs":["9"]},"geometry":{"type":"Point","coordinates":[-46.69893,-23.5733]}},{"type":"Feature","properties":{"kind":"station","name":"Cidade Universitária","refs":["9"]},"geometry":{"type":"Point","coordinates":[-46.71194,-23.55751]}},{"type":"Feature","properties":{"kind":"station","name":"Villa Lobos - Jaguaré","refs":["9"]},"geometry":{"type":"Point","coordinates":[-46.73343,-23.54542]}},{"type":"Feature","properties":{"kind":"station","name":"Ceasa","refs":["9"]},"geometry":{"type":"Point","coordinates":[-46.74292,-23.53708]}},{"type":"Feature","properties":{"kind":"station","name":"Ipiranga","refs":["10"]},"geometry":{"type":"Point","coordinates":[-46.59648,-23.5827]}},{"type":"Feature","properties":{"kind":"station","name":"São Caetano do Sul","refs":["10"]},"geometry":{"type":"Point","coordinates":[-46.57004,-23.60997]}},{"type":"Feature","properties":{"kind":"station","name":"Prefeito Saladino","refs":["10"]},"geometry":{"type":"Point","coordinates":[-46.53667,-23.63835]}},{"type":"Feature","properties":{"kind":"station","name":"Prefeito Celso Daniel - Santo André","refs":["10"]},"geometry":{"type":"Point","coordinates":[-46.52808,-23.65204]}},{"type":"Feature","properties":{"kind":"station","name":"Capuava","refs":["10"]},"geometry":{"type":"Point","coordinates":[-46.48932,-23.6581]}},{"type":"Feature","properties":{"kind":"station","name":"Mauá","refs":["10"]},"geometry":{"type":"Point","coordinates":[-46.46151,-23.6682]}},{"type":"Feature","properties":{"kind":"station","name":"Guapituba","refs":["10"]},"geometry":{"type":"Point","coordinates":[-46.44851,-23.69239]}},{"type":"Feature","properties":{"kind":"station","name":"Ribeirão Pires","refs":["10"]},"geometry":{"type":"Point","coordinates":[-46.4138,-23.71465]}},{"type":"Feature","properties":{"kind":"station","name":"Rio Grande da Serra","refs":["10"]},"geometry":{"type":"Point","coordinates":[-46.39173,-23.74343]}},{"type":"Feature","properties":{"kind":"station","name":"Amador Bueno","refs":["8"]},"geometry":{"type":"Point","coordinates":[-46.98443,-23.53076]}},{"type":"Feature","properties":{"kind":"station","name":"Ambuitá","refs":["8"]},"geometry":{"type":"Point","coordinates":[-46.97279,-23.53024]}},{"type":"Feature","properties":{"kind":"station","name":"Santa Rita","refs":["8"]},"geometry":{"type":"Point","coordinates":[-46.94747,-23.54503]}},{"type":"Feature","properties":{"kind":"station","name":"Utinga","refs":["10"]},"geometry":{"type":"Point","coordinates":[-46.54411,-23.62623]}},{"type":"Feature","properties":{"kind":"station","name":"Jabaquara - Comitê Paralímpico Brasileiro","refs":["1"]},"geometry":{"type":"Point","coordinates":[-46.64103,-23.64634]}},{"type":"Feature","properties":{"kind":"station","name":"Conceição","refs":["1"]},"geometry":{"type":"Point","coordinates":[-46.64128,-23.63499]}},{"type":"Feature","properties":{"kind":"station","name":"São Judas","refs":["1"]},"geometry":{"type":"Point","coordinates":[-46.6409,-23.6258]}},{"type":"Feature","properties":{"kind":"station","name":"Saúde – Ultrafarma","refs":["1"]},"geometry":{"type":"Point","coordinates":[-46.63917,-23.61823]}},{"type":"Feature","properties":{"kind":"station","name":"Praça da Árvore","refs":["1"]},"geometry":{"type":"Point","coordinates":[-46.6379,-23.61044]}},{"type":"Feature","properties":{"kind":"station","name":"Vila Mariana","refs":["1"]},"geometry":{"type":"Point","coordinates":[-46.63465,-23.58919]}},{"type":"Feature","properties":{"kind":"station","name":"Vergueiro - Sebrae","refs":["1"]},"geometry":{"type":"Point","coordinates":[-46.6399,-23.56871]}},{"type":"Feature","properties":{"kind":"station","name":"São Joaquim","refs":["1"]},"geometry":{"type":"Point","coordinates":[-46.63859,-23.56156]}},{"type":"Feature","properties":{"kind":"station","name":"Japão - Liberdade","refs":["1"]},"geometry":{"type":"Point","coordinates":[-46.63572,-23.55496]}},{"type":"Feature","properties":{"kind":"station","name":"Tiradentes","refs":["1"]},"geometry":{"type":"Point","coordinates":[-46.63217,-23.53096]}},{"type":"Feature","properties":{"kind":"station","name":"Armênia","refs":["1"]},"geometry":{"type":"Point","coordinates":[-46.62935,-23.5255]}},{"type":"Feature","properties":{"kind":"station","name":"Portuguesa - Tietê","refs":["1"]},"geometry":{"type":"Point","coordinates":[-46.62513,-23.51564]}},{"type":"Feature","properties":{"kind":"station","name":"Carandiru","refs":["1"]},"geometry":{"type":"Point","coordinates":[-46.62493,-23.50916]}},{"type":"Feature","properties":{"kind":"station","name":"Santana","refs":["1"]},"geometry":{"type":"Point","coordinates":[-46.62472,-23.50207]}},{"type":"Feature","properties":{"kind":"station","name":"Jardim São Paulo - Ayrton Senna","refs":["1"]},"geometry":{"type":"Point","coordinates":[-46.61704,-23.49248]}},{"type":"Feature","properties":{"kind":"station","name":"Parada Inglesa","refs":["1"]},"geometry":{"type":"Point","coordinates":[-46.6086,-23.4865]}},{"type":"Feature","properties":{"kind":"station","name":"Tucuruvi","refs":["1"]},"geometry":{"type":"Point","coordinates":[-46.60325,-23.48008]}},{"type":"Feature","properties":{"kind":"station","name":"Júlio Prestes","refs":["8"]},"geometry":{"type":"Point","coordinates":[-46.6405,-23.53306]}},{"type":"Feature","properties":{"kind":"station","name":"Jundiaí","refs":["7"]},"geometry":{"type":"Point","coordinates":[-46.87246,-23.19475]}},{"type":"Feature","properties":{"kind":"station","name":"Várzea Paulista","refs":["7"]},"geometry":{"type":"Point","coordinates":[-46.8292,-23.20888]}},{"type":"Feature","properties":{"kind":"station","name":"Campo Limpo Paulista","refs":["7"]},"geometry":{"type":"Point","coordinates":[-46.78535,-23.20672]}},{"type":"Feature","properties":{"kind":"station","name":"Botujuru","refs":["7"]},"geometry":{"type":"Point","coordinates":[-46.76754,-23.23592]}},{"type":"Feature","properties":{"kind":"station","name":"Francisco Morato","refs":["7"]},"geometry":{"type":"Point","coordinates":[-46.74239,-23.28206]}},{"type":"Feature","properties":{"kind":"station","name":"Baltazar Fidélis","refs":["7"]},"geometry":{"type":"Point","coordinates":[-46.72253,-23.31065]}},{"type":"Feature","properties":{"kind":"station","name":"Franco da Rocha","refs":["7"]},"geometry":{"type":"Point","coordinates":[-46.7267,-23.33051]}},{"type":"Feature","properties":{"kind":"station","name":"Caieiras","refs":["7"]},"geometry":{"type":"Point","coordinates":[-46.75214,-23.36661]}},{"type":"Feature","properties":{"kind":"station","name":"Perus","refs":["7"]},"geometry":{"type":"Point","coordinates":[-46.75344,-23.40524]}},{"type":"Feature","properties":{"kind":"station","name":"Vila Aurora","refs":["7"]},"geometry":{"type":"Point","coordinates":[-46.74719,-23.43799]}},{"type":"Feature","properties":{"kind":"station","name":"Jaraguá","refs":["7"]},"geometry":{"type":"Point","coordinates":[-46.73853,-23.45544]}},{"type":"Feature","properties":{"kind":"station","name":"Vila Clarice","refs":["7"]},"geometry":{"type":"Point","coordinates":[-46.74424,-23.4699]}},{"type":"Feature","properties":{"kind":"station","name":"Pirituba","refs":["7"]},"geometry":{"type":"Point","coordinates":[-46.72642,-23.48833]}},{"type":"Feature","properties":{"kind":"station","name":"Piqueri","refs":["7"]},"geometry":{"type":"Point","coordinates":[-46.71492,-23.50242]}},{"type":"Feature","properties":{"kind":"station","name":"Lapa (Linha 7)","refs":["7"]},"geometry":{"type":"Point","coordinates":[-46.70405,-23.51754]}},{"type":"Feature","properties":{"kind":"station","name":"Água Branca","refs":["6","7"]},"geometry":{"type":"Point","coordinates":[-46.6883,-23.52131]}},{"type":"Feature","properties":{"kind":"station","name":"Dom Bosco","refs":["11"]},"geometry":{"type":"Point","coordinates":[-46.44756,-23.54177]}},{"type":"Feature","properties":{"kind":"station","name":"José Bonifácio","refs":["11"]},"geometry":{"type":"Point","coordinates":[-46.43095,-23.5389]}},{"type":"Feature","properties":{"kind":"station","name":"Guaianases","refs":["11"]},"geometry":{"type":"Point","coordinates":[-46.41549,-23.54223]}},{"type":"Feature","properties":{"kind":"station","name":"Antonio Gianetti Neto","refs":["11"]},"geometry":{"type":"Point","coordinates":[-46.38298,-23.55426]}},{"type":"Feature","properties":{"kind":"station","name":"Ferraz de Vasconcelos","refs":["11"]},"geometry":{"type":"Point","coordinates":[-46.36797,-23.54044]}},{"type":"Feature","properties":{"kind":"station","name":"Poá","refs":["11"]},"geometry":{"type":"Point","coordinates":[-46.34255,-23.52479]}},{"type":"Feature","properties":{"kind":"station","name":"Calmon Viana","refs":["11","12"]},"geometry":{"type":"Point","coordinates":[-46.33268,-23.52553]}},{"type":"Feature","properties":{"kind":"station","name":"Suzano","refs":["11"]},"geometry":{"type":"Point","coordinates":[-46.30718,-23.53434]}},{"type":"Feature","properties":{"kind":"station","name":"Jundiapeba","refs":["11"]},"geometry":{"type":"Point","coordinates":[-46.25737,-23.54283]}},{"type":"Feature","properties":{"kind":"station","name":"Braz Cubas","refs":["11"]},"geometry":{"type":"Point","coordinates":[-46.22435,-23.536]}},{"type":"Feature","properties":{"kind":"station","name":"Mogi das Cruzes","refs":["11"]},"geometry":{"type":"Point","coordinates":[-46.19744,-23.52128]}},{"type":"Feature","properties":{"kind":"station","name":"Estudantes","refs":["11"]},"geometry":{"type":"Point","coordinates":[-46.18523,-23.51576]}},{"type":"Feature","properties":{"kind":"station","name":"Engenheiro Goulart","refs":["12","13"]},"geometry":{"type":"Point","coordinates":[-46.51911,-23.49782]}},{"type":"Feature","properties":{"kind":"station","name":"USP Leste","refs":["12"]},"geometry":{"type":"Point","coordinates":[-46.49978,-23.48543]}},{"type":"Feature","properties":{"kind":"station","name":"Comendador Ermelino","refs":["12"]},"geometry":{"type":"Point","coordinates":[-46.48172,-23.48497]}},{"type":"Feature","properties":{"kind":"station","name":"São Miguel Paulista","refs":["12"]},"geometry":{"type":"Point","coordinates":[-46.44297,-23.49058]}},{"type":"Feature","properties":{"kind":"station","name":"Jardim Helena - Vila Mara","refs":["12"]},"geometry":{"type":"Point","coordinates":[-46.42165,-23.49263]}},{"type":"Feature","properties":{"kind":"station","name":"Itaim Paulista","refs":["12"]},"geometry":{"type":"Point","coordinates":[-46.40217,-23.49394]}},{"type":"Feature","properties":{"kind":"station","name":"Jardim Romano","refs":["12"]},"geometry":{"type":"Point","coordinates":[-46.38532,-23.48475]}},{"type":"Feature","properties":{"kind":"station","name":"Engenheiro Manoel Feio","refs":["12"]},"geometry":{"type":"Point","coordinates":[-46.36661,-23.47894]}},{"type":"Feature","properties":{"kind":"station","name":"Itaquaquecetuba","refs":["12"]},"geometry":{"type":"Point","coordinates":[-46.34722,-23.48656]}},{"type":"Feature","properties":{"kind":"station","name":"Aracaré","refs":["12"]},"geometry":{"type":"Point","coordinates":[-46.33909,-23.50049]}},{"type":"Feature","properties":{"kind":"station","name":"São Bento","refs":["1"]},"geometry":{"type":"Point","coordinates":[-46.63417,-23.5441]}},{"type":"Feature","properties":{"kind":"station","name":"São Paulo-Morumbi","refs":["4"]},"geometry":{"type":"Point","coordinates":[-46.7238,-23.58627]}},{"type":"Feature","properties":{"kind":"station","name":"Jardim Colonial","refs":["15"]},"geometry":{"type":"Point","coordinates":[-46.46913,-23.59915]}},{"type":"Feature","properties":{"kind":"station","name":"São Mateus","refs":["15"]},"geometry":{"type":"Point","coordinates":[-46.47733,-23.61215]}},{"type":"Feature","properties":{"kind":"station","name":"Fazenda da Juta","refs":["15"]},"geometry":{"type":"Point","coordinates":[-46.48783,-23.61206]}},{"type":"Feature","properties":{"kind":"station","name":"Sapopemba","refs":["15"]},"geometry":{"type":"Point","coordinates":[-46.5013,-23.61472]}},{"type":"Feature","properties":{"kind":"station","name":"Jardim Planalto","refs":["15"]},"geometry":{"type":"Point","coordinates":[-46.50785,-23.60616]}},{"type":"Feature","properties":{"kind":"station","name":"Vila União","refs":["15"]},"geometry":{"type":"Point","coordinates":[-46.51592,-23.60287]}},{"type":"Feature","properties":{"kind":"station","name":"Vila Tolstói","refs":["15"]},"geometry":{"type":"Point","coordinates":[-46.52734,-23.60067]}},{"type":"Feature","properties":{"kind":"station","name":"Camilo Haddad","refs":["15"]},"geometry":{"type":"Point","coordinates":[-46.53758,-23.59543]}},{"type":"Feature","properties":{"kind":"station","name":"São Lucas","refs":["15"]},"geometry":{"type":"Point","coordinates":[-46.54459,-23.58891]}},{"type":"Feature","properties":{"kind":"station","name":"Oratório","refs":["15"]},"geometry":{"type":"Point","coordinates":[-46.56186,-23.5821]}},{"type":"Feature","properties":{"kind":"station","name":"Guarulhos-Cecap","refs":["13"]},"geometry":{"type":"Point","coordinates":[-46.49407,-23.44676]}},{"type":"Feature","properties":{"kind":"station","name":"Aeroporto-Guarulhos","refs":["13"]},"geometry":{"type":"Point","coordinates":[-46.49371,-23.43268]}},{"type":"Feature","properties":{"kind":"station","name":"Aeroporto de Congonhas","refs":["17"]},"geometry":{"type":"Point","coordinates":[-46.66201,-23.62716]}},{"type":"Feature","properties":{"kind":"station","name":"Brooklin Paulista","refs":["17"]},"geometry":{"type":"Point","coordinates":[-46.67369,-23.62937]}},{"type":"Feature","properties":{"kind":"station","name":"Vereador José Diniz","refs":["17"]},"geometry":{"type":"Point","coordinates":[-46.67899,-23.62186]}},{"type":"Feature","properties":{"kind":"station","name":"Vila Cordeiro","refs":["17"]},"geometry":{"type":"Point","coordinates":[-46.68878,-23.61546]}},{"type":"Feature","properties":{"kind":"station","name":"Chucri Zaidan","refs":["17"]},"geometry":{"type":"Point","coordinates":[-46.69573,-23.6139]}},{"type":"Feature","properties":{"kind":"station","name":"Morumbi","refs":["17"]},"geometry":{"type":"Point","coordinates":[-46.70298,-23.62254]}},{"type":"Feature","properties":{"kind":"station","name":"João Paulo I","refs":["6"]},"geometry":{"type":"Point","coordinates":[-46.69144,-23.49358]}},{"type":"Feature","properties":{"kind":"station","name":"Freguesia do Ó","refs":["6"]},"geometry":{"type":"Point","coordinates":[-46.69367,-23.50174]}},{"type":"Feature","properties":{"kind":"station","name":"Santa Marina","refs":["6"]},"geometry":{"type":"Point","coordinates":[-46.69168,-23.5141]}},{"type":"Feature","properties":{"kind":"station","name":"SESC-Pompeia","refs":["6"]},"geometry":{"type":"Point","coordinates":[-46.68327,-23.5273]}},{"type":"Feature","properties":{"kind":"station","name":"Perdizes","refs":["6"]},"geometry":{"type":"Point","coordinates":[-46.67662,-23.53211]}}]}